07409496-a423-4a3e-b620-2cfb01a9318d_HyperV-ComputeNetwork.dll,4FFCD3ED61DEAF0BFC2A50C5F8B19D300B543BF4CC7A62CAE6C7744561AA29B7
69fe178f-26e7-43a9-aa7d-2b616b672dde_eventlogservice.dll,F1A674EF9154775BF524C41D3364C867FEBA50162791DCA851597147D92D172D
6bea57fb-8dfb-4177-9ae8-42e8b3529933_RuntimeDeviceInstall.dll,09F565EE650BF84E73039B97BA5FCFEFF8F4F651B88C4BC01CDC1C96A8F9AA1C
7za.exe,151DE5013CA789C47AE3CE8CDF6A47ECAB37F803D3DA210F5BF88FD261DA983A
AAD.Core.dll,CB456234B6DFA54C70F4216C73690E359EA2B62D90770E5B7A9DBAABB1A2B081
aadauthhelper.dll,A52F8183CA8B64BD5CBA33511368CE79C3B339287B2CA58ACE56EF37FE79E640
aadcloudap.dll,FA2181E664A584860E6917944E0A0F37BCD90E29D68BA18FEFA895FB55BDC6D0
aadjcsp.dll,F60DDEC7380FCE7BBA9F404D8AF0AF1C208E981B27BDD068CDE55199F39A2E03
aadrt.dll,BC959A702A7A7860F8D1703B60D60B3631B13E8FD5D46411AFEF084BCEE48417
aadtb.dll,920F4FEB6456B47CC71C5CDFB75C5C049B7B508F474CA38133E05912EE4FFF1D
aadWamExtension.dll,C13077ADCE405291A66168892EB578CEAB9D94FAB4F3043FDB98011DCCFB4917
AarSvc.dll,E3D163071DAA22B5D6DB8E36FB8666C9F5C9AA0FD708EF8025779614BCC22F20
abocomp.dll,3C352393BA7690FB9B99027E79952F7668B590E0A04FF96B2B1E9A058BEB2873
AboutSettingsHandlers.dll,7F41EB96AA1FC4322067A6C93B08930B038889482C4899617928705D082A6AB0
AboveLockAppHost.dll,960FB209311D97782EA34A89F3EEF7778733786EA23F6F54CE0C329EB1B5386B
Accessibility.dll,22F8F2B03F5AEDDAB86B41682E4C32CC179A349106039434C9D777D492110BFB
Accessibility.ni.dll,4349374C9D3447123063C2A5B3E7C94CF2BE9C5482EAE386A9C937A4DDD5CA93
accessibilitycpl.dll,0074E9CFA293AF556237465BF7CD5F7B92EFBDF451BB88FFEAA8F7BECE155669
accountaccessor.dll,C95CA6042BB59381C96359E3304B6B422CFD0D1FD59BAE5D9A1B9AF8A1CDA61D
AccountsControlHost.exe,0F49D591D09C5F33635A2DCFF205EB7F40DEAF91C97C9F4A00EEA2CC787E4EC5
AccountsControlUI.dll,434A965024FE3F7BC67F96640271EC97947D97AF4771E74F5CF3FB65CD87738F
AccountsRt.dll,B179493DCE37979DE18EC29C3FF4C2035A4130CB77A223680227B28277B6BBB5
AcGenral.dll,6D88A6E8EE894786320FAF607B7198AE6C54C7119CFA47033E767460EFFA47D3
aciniupd.exe,DF9463287A1A6E326E6115CB1BEE2001058DBA6902CAE4205A53DF02AB713898
AcLayers.dll,7AD7C900AD0A4A8472E6D6AD28A6408ACA4D6FB63E51E3328122C66A9CE885C8
acledit.dll,21931694874BDB65642D6FEA9410298703836EC5D7258123A734DE7A0A30BDC7
aclui.dll,92FB0638999CDD9F6AB468418CE99059F217D03F3771EC9BD3B38748B775D145
acmigration.dll,4520163EEBD4ACA6FDD62D95C6596B924EBB125070CB19313F5E3F4859C85C9A
ACPBackgroundManagerPolicy.dll,5BF4978A86892E8728DA494DB778FBDFD6FE4512402606A9137E073B8A51C26B
acppage.dll,EECB6D1C6D94C8023C56EDF6B42A762C63659364582E4AEDB5C75CD0A6F9ABAE
acproxy.dll,B8AF48FC5DC8371D6B00B16029E9AB9027E2DA86FA6D8DBDA181DF464226A3A8
acregl.exe,F4063F0A01C172002D8D83C38D6A8DC18B0F7AF56BA80649FCA48010EA71C3BE
AcRes.dll,A0AA58EF5456D0C8DA13DE5258607401C16D590A9F1414AA892CB0B82B33F94F
AcSpecfc.dll,A41487E8CC137B0A36C820572294F81DE5CE697DA328E4890FD585B806B32CFF
acsr.exe,410AAD8AF9274EDA34AB82908ED1D1A39B5C4C3A9460BED8CB3113389E4ECC48
ActionCenter.dll,49734D986E49735048A4DB259E63EC6A5B1002D01EE8611B491EA58694B61749
ActionCenterCPL.dll,7C8B849275795FB0E450462B741FD74A1E2BAEAF2F3E05440A0A2CCEE294033E
ActionQueue.dll,608D1965D38E99D2A965D5BCAA502AA74184AAAC476E548E1CB856A3C915FE4C
ActivationClient.dll,8011F597781EA0791E818B5DD582390CB0CCE0CCC37B38BA1E0EE15829F00D8A
ActivationManager.dll,3E15F2E2F603D0460B2457CD586FED7EE2E6195BBD39954FD05827D3EC6F4F35
ActivationVdev.dll,2BFF8864C3050BD4E67B478E44FBD0EC6068EDC987F8B3191DD85E0DE4C73B3F
activeds.dll,0FC263A961ED8284E117CE3963CD1329B6CC897DC19E791101DCFC71E52443A7
ActiveSyncCsp.dll,FEEC85F1CE842C8F2754AE5AF9EED3EB5148F7FEA8B5C4730B7AD91DEFBAC364
ActiveSyncProvider.dll,82E93F41CE073D418A498505824ECBFCEFAB7E602C7CEAD200DC5D0A30B208F9
actxprxy.dll,4DEB78F11E8CB570272FA694E89940B8011384AFE551C7D49E5BE820D9DDD4AB
AcWinRT.dll,2A393C73EE4B676A50C9C5CB27D8D199C38E4AA6CB261D7BE03D6A022FB08676
acwow64.dll,154C496530F82706A89B77333502427DA4624BD62396CAFDFABA666ECF71AD07
AcXtrnal.dll,082212F250D7AE577FA328DF058C7D02432D94AA3CFABCFC4B2F7AD4C8FAAB6C
adaminstall.exe,A935554365FC9C5F4595ECD3956480F55A417FE0A5E4E906C04DC7E4310FAF13
adammigrate.dll,618BDA191E35D984592D3C9A461AF2BC28B2C122F0C48B892DD72C0CF862C21B
adammsg.dll,BF9CCCFC6AEE341544B0855D050254AF38E9DFBA2FC986FE9CC68487B0986DE7
adamssip.dll,20422B634008ACBEA4C2705192D88CE05AD8D52E202B406781AF7BE057488BEC
adamsync.exe,11CE8215FD1BD11B7BC34155752A30C8653996E20B4BFAC626BE07DA11B58AE1
adamuninstall.exe,BEDD9E125C24AA998607D222B7C989FC5B9750DB67A89607D8456A445A19392D
adamwizard.dll,36B03367F4174B32961F068271891F0AE3C89FEACF0876309EBC5E75B9ED4E4C
AdaptiveCards.dll,6289CC58F25ED29ED47CAB2B18773886D10A435C549AADFE6124E6BF64604F81
AddInProcess.exe,B36998624FDE6041D17EDBC4C7BE2AFE50615E26BC22285E137F6500B66FB499
AddInProcess32.exe,54F4ADD647F21EE71CF313F36424919F2BDC861E9CCEF321D11BA00A8ECF8D6C
AddInUtil.exe,62AE61225ACFB2763E198FB43682A414B3F1DE3FE54DF0794AA5F78CFA65F245
AddressParser.dll,381A701B27BA655A6833A02803A36AA6607904F6FB3C0B5530BACDF92F00DA78
AddSuggestedFoldersToLibraryDialog.exe,5E0E05EE5BAB5BCB5665F3A88C4A9F5ED6A4B9F9CD9CEE649A7635973A62667D
adhapi.dll,89A363B639B6542E78171A9153C152513EEE92D0D2549A17E25CF9828DC6F030
adhsvc.dll,20DD040CE2A83457205A25D2B22E09452A45F7FBB340AAEB69E030440BF46BA1
AdmTmpl.dll,8EEB87E54FBBEC4A70326C3650C8991EE8AA1B42EC850C576C73A41199099AEA
admwprox.dll,0194885D7510D24955F33983F9C2382E298761571998C627CDE1EE8A8DF9CEAB
AdoNetDiag.dll,4AA9CD98B5F61C2875F6610BEF31A1668D6EA90849DC4F5E95E6E43AB9B1B3F7
adprop.dll,051F2924111E56423EE0281A12761F4ACBC66C3688AF63DD4495204D8BADA1FF
adprovider.dll,7A700DA634947CC4523760C2897DD74D1FF1DC63263F6B680EE611B76BC0E3F7
adrclient.dll,D05335C4C11E125C7A0047D433550CAAC10D31B109480FD9E92D97F507D35C20
ADSchemaAnalyzer.exe,35B4D5BF0B375CCCB775A14EFF83F6C485402B9A3A1745E9B94194F4D614D7D8
ADSchemaAnalyzer.resources.dll,7C1FF71AC2483329CB13C40D7E8D8C20DB011DE1172F8475DD7E0E147077CE80
adsiedit.dll,D4AB2614F93ACB7F9E044D449BF29D4921D3417463C231535C472DFFADA5BA79
adsiis.dll,96DFDC557A3DCDFEB60F3AA0CDC2BB00654643CD38A75F7B32F02A0862D283F4
adsldp.dll,D68A7FFE24D9939C705D6C3239F9A6DE2064F25757149B71C73FA7E637CEE386
adsldpc.dll,50A288333322977F31DC7199E6E25CEF1C4B04136725EAECFEE879796F9D700A
adsmsext.dll,9CE1AB300BD894AA185FFEFCF495B59B80946AD8CB1103C441948A3E7C8D0F64
adsnt.dll,DB7FD195CAF6E91DFBEA095BA299A525B0F364874E9047553C0A2BE149CD84D9
adtschema.dll,FB44F7D3C96037443CB8179E1CFF297FFC604F230EC1CEFD0C9FE5E1EAFE62D9
AdvancedEmojiDS.dll,4A50F6718C0D6F56DD9D070EDE1D1EBD0EAE7BF05D61014C3BA87D4339630053
advapi32.dll,63BA95D6F75653FDE61CDBA8604BEFDCA17B3465593E2936CD68A7F7D638AD1F
advapi32res.dll,B82B072342B08E2FB5FE97CB28A9C02289AD6CE501510F7E61EEA0FD56297EE0
advpack.dll,A8BD79D517CE20C88626EF5DF4E216C46A4A7770223A7F6F11D926AFAAEE606F
adwsmigrate.dll,485DBEE00E78CDF3CC6285153288B430A04ECB5DC6176B328AB3D92B29E521D5
aeevts.dll,BD85C5996ACCE8A41494CD8170DCB9803FA1C9328880F5C1DCF9743D3103FE2A
aeinv.dll,324B9D5B6A976AFFE27599289971D4E58C30C59AFBB9EA7FCCE8F61C49C6242B
aepic.dll,93A82CA1845591EFFD9F17049FBEBCACA60DE8636677AB495170E1496973390D
agentactivationruntime.dll,D31A9F3B91C7DC5D2D3B2B1CD1B9BDD06B4EEE12891D3F3E6A78807FF7286548
agentactivationruntimestarter.exe,012F3E214D405D03AEFA0D407FDAAB35B53A7A8E549AE5AA85E3BFD355AF65F1
agentactivationruntimewindows.dll,011652F641242640EF3C1E76A4B45DE800B0AFBC78F288ED3150899FBC4631D8
AgentService.exe,C90E36CA2B4800C6D07B5B67169B20530AA93B6883C192910B76973DF75150EB
ahadmin.dll,B7F9A981C0A2FF21184680D63C203DFC3E0D8FE3EB699F3D344CC32E5D8D8402
aitstatic.exe,6C21C0C38032DA60FCB777CD1706D3630EC541A61D63BCC4C7A28A7008DA16D4
AJRouter.dll,4E2623243A9BB61F7211E591C24EDB70B07974A7FA21E3F14C683F27E975777F
alg.exe,6ABE94DF833EC0E6D145429BBA99FDCA9AD3FCBB685A432B20C04F74DE9A42A5
alink.dll,704C4CF5F2F4C7734EA7D7EAF0F01256E643D8AC6C51AE3B5EB09CCFFE3F2505
alinkui.dll,00C44FB4BFEF0C22A8A248E11AED0F8F872DF2ECF5E61E35018EA31CF5EC2C54
altspace.dll,25D17DC8589352B7E38CCF293155AC9DFDAE5C5703AC092762A4B872A28EB369
AMMonitoringProvider.dll,3326478396F2FA4AAB9A448596EF4782389225DED7350E3D26FD86F3380C1FDB
amsi.dll,9488F75B4FEB3C7CB39B0DA7EB9B306535F41DE7D613D030848FBAADDAB87CA4
amsiproxy.dll,32DF840E055B9654EDFF3B9FFB5648295B9CDFAA71B716BE8C7E68BCCC61CEDA
amstream.dll,8F487211365C5E7C69D63E3C35BF064E940055B3F56B71B537138541F09FC8FC
AM_Delta_Patch_1.443.34.0.exe,69790DE803ED21AB7B574377670A5B5EF2550ED5A31EE6C3DFE58F7234DC8F08
Analog.Shell.Broker.dll,9F49F2189B7C3A886C0085200983DC47E7CCE793A6C5D5FB5DAAE753B3895BD6
AnalogCommonProxyStub.dll,12A6F561E4475067C408B6B5BAC1652B71A6E2B428AC9AA911ABF15907797665
apds.dll,7EAC67563AD9FA86E5A7A0DF2D1BE316D6333F77251049B0BCC3658AD05A7814
APHostClient.dll,5D7AD3F9727F44E846409B2403AF6C173C73EDCCB0DDDA01BB8069511D8163DC
APHostRes.dll,99981098F61CE6F5AB26F7AB1FBDF4EFA3F00FF2A4B6D95E00431631945058D8
APHostService.dll,CE1B45DC50B6D82D85DAE5EEED4EA2A7D3E5AFAB24957437679CB366B6BE33C4
api-ms-win-base-util-l1-1-0.dll,0CF818D4FFF8EC7EB38FCF0DE67CF6D1EB69EA6CB90FBA92F8C51BA55CB6FBBF
api-ms-win-core-com-l1-1-0.dll,EAB8E5E7ADD074380A52227CBD6CC7F8E42B7026C90F587E7CC5287EA66A5EA3
api-ms-win-core-comm-l1-1-0.dll,6FD90F40C01418319A9CFF23E3284F093817149EA3F58DCB17F25E2D251BB5E9
api-ms-win-core-console-l1-1-0.dll,A32D4A8D635C5AE36DE130BE4B5F95FDF55EE0A66FDB0A8B7AB3E28E9ACC6159
api-ms-win-core-datetime-l1-1-0.dll,12B8212D1262E9110FBD13D8F5532D5ACC0FDC4014A0A04C95E1C51A38413812
api-ms-win-core-datetime-l1-1-1.dll,C04E4B2196DF660CF81BDF61B271ED71494D4F891037DAB132C1A6A8925DCB83
api-ms-win-core-debug-l1-1-0.dll,53ED36C720072BC798CDBB0AAB61D1DBDA26F38E05412174A7F91AD6D0A2750B
api-ms-win-core-debug-l1-1-1.dll,3E2C3E4C4F521A3072E1741017FAAC83B07121A6E038DF490CA8160F6BD179D1
api-ms-win-core-delayload-l1-1-0.dll,7FD24A5EFF1EA19B6163423A621887B3287B826940F87CA6B4D5A99F43A6C78D
api-ms-win-core-errorhandling-l1-1-0.dll,AE923983F39A7E993581AA11C27B6526B3B52FB04810F74F49C9D055CB2C6B49
api-ms-win-core-errorhandling-l1-1-1.dll,A0955D9C85331203168D28B3F6137A4A28FDD8FFDE2EE2EE8D507AA5D3C9669A
api-ms-win-core-fibers-l1-1-0.dll,4BFCB89C131E44A767FAFE4679AA70D81E2FA268F9B353C860413673C5DE1E9D
api-ms-win-core-fibers-l1-1-1.dll,97DEC2B3631AC463B848FD5CED79D78A8203CA709D781B032FA93C2E76B04CDE
api-ms-win-core-file-l1-1-0.dll,F0E9931F227BAC406E262D97D98F256006B590589E3636CD260E1448352F3BCE
api-ms-win-core-file-l1-2-0.dll,20FD502D2E56EFBD537997CD2304036AC01F33102B166C5E35A5908D616308F8
api-ms-win-core-file-l1-2-1.dll,20ECF17EB37BE33EB93A2B414820E0C7B1F82759FDA9C6FC464EF13944141B5F
API-MS-Win-core-file-l2-1-0.dll,F8F32A9A8D8D2C367D32253D50F02144F56A3374110CB22C82A6223CDB0DE266
API-MS-Win-core-file-l2-1-1.dll,E04667F6AA9D0F7BBC6235018AB61C1BF98F7663AF1BBFAED73CCD14B8719623
api-ms-win-core-handle-l1-1-0.dll,301BA3E34EB767202F9CCBFE532D394FBA1F70D6A0E35506A093A2DFA51B235C
api-ms-win-core-heap-l1-1-0.dll,F77F70E79BDB238164FB25AD644798BD6526AD1AAE82ADDAAD4095A4B25BCB0D
API-MS-Win-Core-Heap-Obsolete-L1-1-0.dll,05059C531AAF893747D0954FEDE004CF2C59D391F4C789AD71193A726D48F6E4
api-ms-win-core-interlocked-l1-1-0.dll,9AE7004F2870197C1FDAF8E6AD212B46A8A7FC2A6DDD7B507D8630E614FF25F8
api-ms-win-core-io-l1-1-0.dll,89E8654827D32341CA8C66A96B11CD3B7DAD2F6A38B2EACBD7C32338A6C963D4
api-ms-win-core-io-l1-1-1.dll,71409E2FB217D160E3D11D43BCEEF7EFB8A333AC6783136DAAF5CBB4E6FC0806
api-ms-win-core-kernel32-legacy-l1-1-0.dll,626EE7C0CE460B7B4552CA2DAD70626893C71EB1F98E824BF6D7BD4FD83E22FE
api-ms-win-core-kernel32-legacy-l1-1-1.dll,F911C401F71878177C4AACA1D96253FE0030AA0B2F1A18594262639F529F38EE
API-MS-Win-Core-Kernel32-Private-L1-1-0.dll,306B37AA39DFA79620EF4DCA608C269B16ED11A91A6BDAA15A1F79BE23D6C563
API-MS-Win-Core-Kernel32-Private-L1-1-1.dll,A6402D070FD3A0014AB124F5B8BD8DF07B79301BF4AFBD59AEE8499738C276A7
api-ms-win-core-libraryloader-l1-1-0.dll,5FEB5F8E78F3B72B4E80F505D588967704C6E0636955483DDD1D2A13EF33A7A5
api-ms-win-core-libraryloader-l1-1-1.dll,55062F6D42BECC036E5E7A5301ED40D0E517415F3966B73CFC721EE88E9DC9BF
api-ms-win-core-localization-l1-2-0.dll,BF85A20C2392E5A000C98B079EBAE06AAA0B577F435EE4EB51E2818CA1CD7D31
api-ms-win-core-localization-l1-2-1.dll,074BE9816F0F8607CDA80C5D37A95822BC0142E67CA8A18DC74DDF3D2248B2F2
API-MS-Win-core-localization-obsolete-l1-2-0.dll,8C05863AA0E05FB14D6AE26D26EF9BFDED4AC10AAB069615C10E7DC7DD8C2125
api-ms-win-core-memory-l1-1-0.dll,186C2A5B27AFA1ECBEEAD7254A7F965A222CBAD1F365C7BC89BDB7BDE343581F
api-ms-win-core-memory-l1-1-1.dll,F0864F7C035CFD0DB14C0E1E0FE34BD77A067A9C74BB85747501AE8748B69C4E
api-ms-win-core-memory-l1-1-2.dll,F1DACE18EE3FF0D28F7561BB4CCAA5D82EBB6589F84884650975836E6B767432
api-ms-win-core-namedpipe-l1-1-0.dll,0711219FAEFDEA843A1236E575DFE370D94780789B3690AFA40E78293884B3BA
api-ms-win-core-privateprofile-l1-1-0.dll,8FD42479E0C1F1BB41F1950132D323CCF10E7E0D1F9602DA5546665489CA3305
api-ms-win-core-privateprofile-l1-1-1.dll,3936826D95F8F15B02DC6CE303047884DB3B7FE55E9AAD1E30D5977FD6CBAC5F
api-ms-win-core-processenvironment-l1-1-0.dll,94DB9F63501074B46A488D133784DC057F438B6FF57327DD10227101737A15A1
api-ms-win-core-processenvironment-l1-2-0.dll,B2E533058ECA456500C1DBA9F313F88A4F983838219F2BDD5C882844B2F39041
api-ms-win-core-processthreads-l1-1-0.dll,9F9921DCB4B4E2FA90F610D76AD9C12CD8BDCDBB740C5E7962DFF2B899A351F9
api-ms-win-core-processthreads-l1-1-1.dll,59F5310F1A43676A7E0427692B8276B52C54C9D430A305638E0BD890C97B27CB
api-ms-win-core-processthreads-l1-1-2.dll,FA13F5197089BB2C858B36CEF7A8D8B6DDA5FE6440CBBD5146E051CC76C8A54E
api-ms-win-core-processtopology-obsolete-l1-1-0.dll,F89BC4C480BA0DFB97613480BC6280202D21A4C33D8C79B7C3657EE15662B8AA
api-ms-win-core-profile-l1-1-0.dll,45637C5BE03DEBCFBD1E6F0E4CD0D8875F1096B53ECC928AB1791F8CFC11A647
api-ms-win-core-realtime-l1-1-0.dll,3EF3329E6C7560F2B4C591AB372F7F69292164C5EE2F2DEA51ECE843B22C09E8
api-ms-win-core-registry-l1-1-0.dll,4FE5F2BE8DBA04FE9F2ABCC4BD5A57B8344462E1D34E6C620EEA07F27C790C5A
api-ms-win-core-registry-l2-1-0.dll,5CE56F2C615CEEAD1F3050CC8FC12176709CA29C55FED0BEEEB455D70AC6DFB2
api-ms-win-core-rtlsupport-l1-1-0.dll,DCDDF6D1282A5967073AA702A2768EF1DDD7D44CF1F18F0BF5E463DD2892163B
api-ms-win-core-shlwapi-legacy-l1-1-0.dll,1F02C12857964B730718D577D4AF25448EC12909AA2CB9855E1F166D1E850186
api-ms-win-core-shlwapi-obsolete-l1-1-0.dll,00DD027D69D5A88D5A707D278A478EBBAE7944E8C5DAF3EC2B2434BCF9C21DB8
api-ms-win-core-shutdown-l1-1-0.dll,A6060FA177A0FCD98DFFE7CCA8466DA1BF5957CD3B8E2BAAE1B4603342ECF940
api-ms-win-core-string-l1-1-0.dll,11B9DEB19DA8B8DC2C980581458F75F9E17CBCC241510AA64A716BB527085E47
API-MS-Win-core-string-l2-1-0.dll,8CF87F6E7F846BE89E7DDD5F27DBCE496D8297873E656531F78F16D804482775
API-MS-Win-core-string-obsolete-l1-1-0.dll,160FCAEB789E3B267781D242BE8A3B61C150869958F160FD053B72342CFE2AC5
api-ms-win-core-stringansi-l1-1-0.dll,D7C37687C50D0FC36654CCBF146F6A956DFAB148C464C6C30B8747671CA51056
api-ms-win-core-stringloader-l1-1-1.dll,D5A4E53219511F7FAF1248F98CFD0A0B83AE82CECF8E90542B9B6563C3DA9B0F
api-ms-win-core-synch-l1-1-0.dll,C3FD578926BADFA4FAD771972C17A5EF92B2EA8C4C5253E94052FBCBEBB2617C
api-ms-win-core-synch-l1-2-0.dll,781ACB1374C15E27B723BC538C4F8EBA0A28E6497F4CDF1F323F91D8DC82C121
api-ms-win-core-sysinfo-l1-1-0.dll,5A61358311F3BD82EB2186AAA3641A96AEFE10E8F6B93B4B405F1432B5000E42
api-ms-win-core-sysinfo-l1-2-0.dll,B881FD5E599D985F63B5D58A3258CC165491B88343B9A7EA1B8FBE3BF4A8FB3A
api-ms-win-core-sysinfo-l1-2-1.dll,45D63058D2595F0D61AB5730E6993EC9E5B7B9B36EA3FDFB7C8B3AF5C9538269
api-ms-win-core-threadpool-l1-2-0.dll,B2B823A34506B5C1FA979356AE7252743BC5BA229F880145C6E36B57ECEC337C
api-ms-win-core-threadpool-legacy-l1-1-0.dll,94B58427F3530EBA3AE8DFE96140AD81DAA988D7A7E75C03B97B216CC3C4E172
api-ms-win-core-threadpool-private-l1-1-0.dll,1475274DFAA5CBF5294FF7FE785E7DBAE9748E0F548B9DFC3A884DAC26547EE2
api-ms-win-core-timezone-l1-1-0.dll,7565DC828BB26844AD8BA872E227FBA719195A37B06610205788F5956E3A8C88
api-ms-win-core-url-l1-1-0.dll,E0308983CB78AF351CAD8519D8A6C5CC7875CA1AEA41265974B0F153E28D9344
api-ms-win-core-util-l1-1-0.dll,E7FF028741BDEA70F69586C0E9546B272E71DE1ABFA24A6A50D0CBAC422BB81A
api-ms-win-core-version-l1-1-0.dll,AECFBDC5106B09D548482A477B8F9EA338CA707813738F7AD2E6AD935383E34C
api-ms-win-core-wow64-l1-1-0.dll,DCB7BBAC458B4645E53B0245BF4BBFBCE0BAA6A55F6524076428D1841BBADD76
api-ms-win-core-xstate-l1-1-0.dll,169D1FBB432DE5F1F5D6D9DD102DEC48214E6D4D8E7C66C3855CCE3E0D57D627
API-MS-Win-core-xstate-l2-1-0.dll,B40597F50FDB5CF6E557DC619F187F8830CAAA34FDCDD1A65F85A19345F31B08
api-ms-win-crt-conio-l1-1-0.dll,D8E1FA3CA3BE1CEDFEA33515CD80CF951D5A2FDBE1D1CC5FE62EB8964FC74F00
api-ms-win-crt-convert-l1-1-0.dll,B19106FB9C162FAF4BD6E25BCDA1CEAF6D5C072458A09577133F027AD7AE453C
api-ms-win-crt-environment-l1-1-0.dll,E4C803574676B5517D264A66D9AAA1F87FEDA1C985F4EA35FFEA6B753ABDCC56
api-ms-win-crt-filesystem-l1-1-0.dll,9B9BFFDAA19518C516DFF8FE86C72307F20FEE82D7587B276135805E5494F46E
api-ms-win-crt-heap-l1-1-0.dll,5E27B270BB53B1F434652B43796281D659171CE2450D8FC399D1628E44D8D1EE
api-ms-win-crt-locale-l1-1-0.dll,87A251A8ABBFB53753D3DBF01F1603598A4AF97706DB145D53F19BA9D8B05A9D
api-ms-win-crt-math-l1-1-0.dll,E0108A0A6F4F8512598EC885C496A4496E2832F28D11A537E1096BC7354848B9
api-ms-win-crt-multibyte-l1-1-0.dll,C4495BF03E5D3067EAC5BDC9C65D3D5C622B545439BDBC68C14FFBC4022B4AC4
api-ms-win-crt-private-l1-1-0.dll,CCA7300BCE657AD70666686667D1997B5C5238006A71F833B079DFBCD15468F4
api-ms-win-crt-process-l1-1-0.dll,A3F0366A58BF61F18B2C970A23990350798E8263C7DC57EEF0B76E8AF82D34CA
api-ms-win-crt-runtime-l1-1-0.dll,67B23770D9202FC430AF5048086D330926555707553B5E800B65E48695D71AD8
api-ms-win-crt-stdio-l1-1-0.dll,D6B21C2D5D385C60299F3974ED531F3D780FBE7B191A7A9842402558D46C354E
api-ms-win-crt-string-l1-1-0.dll,91939EF769895F2DC0609B0619C7814D37EF46E28C3F54AD0C998D42C73474C7
api-ms-win-crt-time-l1-1-0.dll,9FE8435D6D007BD24E777101A95F6DA76D1277B59AC385FD82F0FDD7F7DF1FAC
api-ms-win-crt-utility-l1-1-0.dll,C604589408DA77E37E9600CAA6DD0F787621D7CB353F2F37E349E84785C01048
API-MS-Win-devices-config-L1-1-0.dll,3B346F246E085BF8EA710191851E12A7EB23750DAC5D01EAF38DC8915EBCA4D4
API-MS-Win-devices-config-L1-1-1.dll,0A8D514F1419A0B556C64EC5C493590BCEBCC13367351FD32410AB4B79068D88
API-MS-Win-Eventing-ClassicProvider-L1-1-0.dll,971557839E843888E0DCA7E116259F0F3C331BC52CA13CFE50CA743C22865244
api-ms-win-eventing-consumer-l1-1-0.dll,C7F1F6F84E09BC96CA4472B8951164B8980CCF8FCF02D92F64EF7658A4E6D839
API-MS-Win-Eventing-Controller-L1-1-0.dll,B04DA778DDEEED4E4C9E2884692208072EB4E71965CE282FAC9F1D943612EE7D
API-MS-Win-Eventing-Legacy-L1-1-0.dll,4EBE19471E50B54E3D200890AEE6B59CE9B2E9B97BCBF965199CF8341CDC2E6A
API-MS-Win-Eventing-Provider-L1-1-0.dll,CF03057E32A0340708D8B6A626587D244AF52B5FFA78E48355296E9610476AE7
API-MS-Win-EventLog-Legacy-L1-1-0.dll,F59E0990CE98640211464CC1429526AB79E338E6E8709ACEB3C3A75A1B712F99
api-ms-win-security-base-l1-1-0.dll,DCBC7734A5B7FF3BEA673A831ECDFA7169C0DDCD9FF052F3314140A8EF6ABF8B
api-ms-win-security-cryptoapi-l1-1-0.dll,F42C7A3149B9E6D631C831CA5DD8C457847A306A714544C690601DE89BBC823D
API-MS-Win-Security-Lsalookup-L2-1-0.dll,1F700EDC722E4D950F4B54A4423DA08DBCF81E421BED5548485065A150C0D21F
API-MS-Win-Security-Lsalookup-L2-1-1.dll,37F541EBBE9D54C20F811B63F056D5B1E1D927AA92C7A118A6D7C9B2F0D93557
API-MS-Win-security-lsapolicy-l1-1-0.dll,34B875FE7FA84A83A1E4C3EA22DD5A55048272AA70CA22922CF69433C55F7E18
API-MS-Win-security-provider-L1-1-0.dll,3E6859B1D470CE1DB78B7D6F0B6852FB09DB6AA2FFA4609037D459D57ADE1F02
api-ms-win-security-sddl-l1-1-0.dll,858376A84A09A688E6CDF583AE61B6F452D77AEE036A0935846AC4C4125EEA68
api-ms-win-service-core-l1-1-0.dll,8D6148DE4B62E757275CD11156DFE1EDCB2EE870BFC7B8FC2C83F95AEC283031
api-ms-win-service-core-l1-1-1.dll,A2B073FC9D99313EA2154D7FE27C4830CE2F13F199D44B6DAD0DCA98EE02CE77
api-ms-win-service-management-l1-1-0.dll,E5DDA4CD55E43AB9D0217E67E9E0255B58BFA07DA54BE61FD0DFE186D32F2CC5
api-ms-win-service-management-l2-1-0.dll,8E6E9CE2B81407AC3F420747B2F876ACFDA41C4A6C14457B7FDBF6FCEE7CEA3C
api-ms-win-service-private-l1-1-0.dll,BFB46901411D0604CA15CD96029D37502A0BE6F373BEB4CABF118020D8465832
api-ms-win-service-private-l1-1-1.dll,DE0914574B834BD92C2A38E3782FD8C796650145426784386129F43CC1B66D08
api-ms-win-service-winsvc-l1-1-0.dll,37C49065C654C70C8BC1860CCDB5082B2917C7E66664BF6160D0CD2350B9B684
api-ms-win-shcore-stream-l1-1-0.dll,FB0DC99E71AA2732079A0DCCE54C052BCF9320BE359F60CB306EEA617365CC24
apisampling.dll,E149E386CE23A6834A7F4C860CBA45DD984120EB6282034981F1C65BF4ACFA56
ApiSetHost.AppExecutionAlias.dll,DBC26080F917811F0AD2AFED91A1A2D9A412D869DE1E31AE4B5942A346D61DDF
apisetschema.dll,714ABF6FB87298D04C3137FB2A53C86335FB6FBE1F3D922A000293482B21B576
APMon.dll,FE34DB89980C6E8639B246CA220F9A79053DD088BB48C3F7A29916EC89FD9355
APMonPortMig.dll,B5AEF9DE3F0FB66DCB1D788690B30BB33A326FF9287E63C95C9B8C3F15F2B233
APMonUI.dll,AC7485CEC94A641004AC97BA0C861ACFD0BB7BDBBF38E8929DD15B25E91430F6
appbackgroundtask.dll,5C8FABC6DEB9E31DE141BABBA94BACE2446E89CE7B1888C6D0FECA49CCADC67F
appcmd.exe,CAF08106C2785F3BA500902F84495A6BD6677FE47F501C15EC1A708C4B3D5A5F
AppContracts.dll,0D52184CE13326C4950F64E771220D10C66D8B9DA68D106447D0F86FDDAD37E5
AppExtension.dll,37571C918AC7080DC61FE72C54645FAF15954979A49C030E16D4AEABD9745348
apphelp.dll,E53378B0C4CF5603AF1A9A3DFFB676349080CFF9E214881DD41CA3B6A7E03CB2
Apphlpdm.dll,589899690D90034DE7034743CFE3FFD33DB47A023205BCEEEED5AA4FF3FF9476
AppHostNavigators.dll,01A54D8EE48BA8AA24C9A372FCC54BC0824A33E53065228C8FDE11BA1F94470E
AppHostRegistrationVerifier.exe,69C0D08149AEE10F9A6EE68D19143E2CE80047AB9E07FBDA5B2BF964E06A03CE
apphostsvc.dll,9F7265AEBC165474D66C751048D1C21E5089D51ADFCB39B7F35A066918CB1416
appidapi.dll,8AF9F2A25D8F32502D5155883D80F0873D2C39D564C49BA9837E6E8513A9F5D1
appidcertstorecheck.exe,CAE8F881EAFABAB70FA54734AFFFCF5BA12518EC14467F6510C14F320603294B
appidpolicyconverter.exe,D3CA034F75C4C7E76C8D8E52A6DDA1EF101352BA4D08CC15DA7D014FD5421023
AppIdPolicyEngineApi.dll,6CDA8EEF5373332821558009526A039F8A3AE52142BF850803C9559F19FBA8C6
appidsvc.dll,0995C9042ADD669A1592BBA2EFFA13DD9743CD63D7458F2787A5BA3A736985FA
appidtel.exe,BCCA8841F81BB18AD146128DD42583DF5E10B9031EA53697038BC7F6CE874C9B
appinfo.dll,AA73FC954E9A68060DE4CD48DE8E448FA56BA314B23140FFA22E77926D022763
appinfoext.dll,1A578F5616BEEF2C42AAB9E64360EBFC5B91342B56707793FB30AAC2562F6F71
AppInstallerPrompt.Desktop.dll,7F9262CAFD4AAEC35CFCFC7FB0A3C542E0569303CF47C260444ADC931B7C7A11
AppLaunch.exe,D025C880EB10592541846301A8B8500CFCD00A12B72D15443724E2B26C905F3D
ApplicationControlCSP.dll,93B77D50D9CD8011F4CE2284ABFD5EF29A2F2B97EBA448C0CCE087A4694FAB83
ApplicationFrame.dll,DA652E1D709DE7AD35455AA738DF4B5D57419E81328EE24D87FCE750A521F73B
ApplicationFrameHost.exe,CF58E424B86775E6F2354291052126A646F842FFF811B730714DFBBD8EBC71A4
AppListBackup.dll,77731EDA48C00CDBD29283AB280A08991822DA96C618ADE94C6525EF049E9EF2
AppListBackupLauncher.dll,1F80F7DEDD310970B8F9363356598358B54C664D02C2222FA4B70DBEB9700402
AppLockerCSP.dll,BC683A8BD6DB42147D4457EC164A25FD668ECE2F7C605FE0A648B55BF8A72CCF
ApplySettingsTemplateCatalog.exe,5A11FE5AFB22580C3FD4086E39F4819DF2AF70E145733838F5C9DF0995E39845
ApplyTrustOffline.exe,68362981887F900285A89E619E57A1C08FBCF93857ABCD07E1E330CD4F2CC6BD
AppManagementConfiguration.dll,684BC05FD816BE8607F00186536BC6477C18D773AB9672606AB608689B51CFAD
AppManMigrationPlugin.dll,1A21E4FA6C6DD1DBE4F3A34ADA105A448CBB0ABAADB90ABDA359DE3372CBE30D
appmgmts.dll,A81EEA94A56DCBEFA8EECFDDF190D845A8B4BB324352D1ED5722B7D4FF6596B4
appmgr.dll,B01C840388614EAF3B6AB6E197144BCAEB7627242BE241B240C1B92AA0F15225
AppMon.dll,C1CDC109CFE583E84B03E27D9A8A10FE39C3B3F0A344573EE84E3A25E35A0B5C
appobj.dll,EE347E90C210A1D91414E4308CC87BA07EA53B4D63DA92A463A1F253F330ABD4
AppointmentActivation.dll,BFBAB40C25053766AA88F8C7F0782DBFFAD8FCD872E9BAB82D1FD01EE7D00BB2
AppointmentApis.dll,0ECE3D5C480B2067BF8536869130289E92D8C30B147ED1FFD43EFF19D62D9D5B
appraiser.dll,35844D34148EA585D6577C6622B3893F2BADDDF1B1FABFA897B89BC73C1046D0
AppReadiness.dll,A6024BEC6E97F364E50FA62604FF12295485B5E211B603168D7BA05BD4078998
apprepapi.dll,AFE04C513A6B177EC7B5203E68C50F277409D5E9B4C6FE540FD99B1A50095D8F
AppResolver.dll,6F4A011586954CAA033F5A682E11F74AE827CDB73837470A931F8B33130358F5
AppResolverUX.exe,729BD07D3D216FA9E3B1209F8AFE0DD738C13372BD85400E918199D40E931B5E
ApproveChildRequest.exe,DE18AAD7759E1DAF3FC2174A8D2F822A13523315098A7AC090BA676D810D31C3
appserverai.dll,4499BA21FD7534976301E3F74289D86E37C475456E933AB41CA3B14B839C3F2E
appsruprov.dll,50D2B77A3EA1AA1E761883EBE94FBEFBBCB693D6A4C2B2CFB90D60D19F2D118B
AppVCatalog.dll,174434144956CEB2778E45F34339E4DF95A59F8B9B6990FBBBE2E34FE2595ADA
AppVClient.exe,34907A0CC01AC24E5FD9ECBB9EBC13984141D9C0C74E68986F391DBC6DA203EE
AppvClientEventLog.dll,3BDA68B195165F199FCD266ADF472A9B40391791B7AA72C6E8D21FCACBF6C9BD
AppVClientPS.dll,F2CA918A53C1535FA3A29328151B08ABEB24CC5144EB43A9E025BE01445E427E
AppVDllSurrogate.exe,26FB0FFC4ACAAAA1D908A7EA268697DDE21A4798FAFD1742A013543EC1ED1478
AppVEntStreamingManager.dll,5D45A2513F082CBFE31D199F341E60AC6C22736880369F5307A1C9543DF09CBC
AppVEntSubsystemController.dll,2D33DCEBF4016F78F5A757F1866E5F824F3FEEBBC706EFDD7D045B7836EBD6A3
AppVEntSubsystems32.dll,622FC15AA17286CAC7FE3094AFEE552D080D5BDCEF002437EC7F62311734E734
AppVEntSubsystems64.dll,572399BFD5CDC6F054E6CF0711AA2FC9F12FA0FD7157396C7B768B240F0377D2
AppVEntVirtualization.dll,BF8AF81DFAFADF989D688BCAE89AC1A601A4E6BA8040C2563BA48BE686956C8C
appvetwclientres.dll,84C3258FAF22C13953FCC4C5C8900ED4FBD6A686DF3D3854AFAB88537BB1C335
appvetwsharedperformance.dll,7EF91648BE3CA71C896BEBFB6627626F23BF7ED19EE13DB764D55F20F9CA9DF4
appvetwstreamingux.dll,BD486D17A35ABE5200B0A7031E18921B1E87E99E9FBDA41007F809065E46F5F5
AppVFileSystemMetadata.dll,36683E35733F1FA74E564AE1289A7925146BE472773BCE6787C2A135DB779F72
AppVIntegration.dll,BE18B4CAA11A1AB46313F2E48BDB769A5A85EAE17B1477457484296A47D9BA67
AppVManifest.dll,9163B07268D0A2A589BDAFC0BB0467F16EBE02235DB7AA78FE605B6FD0412E8B
AppVNice.exe,CAE770BD552F094E28FF15F6AE2E28D3BD70A2936403CC241E1892F364FD727A
AppVOrchestration.dll,04E51F948F714466C8692D9871943A2CA395C57459C552444919CC0825C82A67
AppVPolicy.dll,229DEAAEA943D74B5CD93CA6D5BAC27B4B625725B7219F254934CB21279A73DD
AppVPublishing.dll,148077E294D6E23A3F99407DF87BFE8EE9EA0DC7E747D8A1703356346A07101A
AppVReporting.dll,FEE28CC5038851D3E4B5779414B4868AE392416369AD1E01AE2FD6683A8D36FA
AppVScripting.dll,AD2C1CA959C641F0DC2A8704DF0B06E0B1433520E873F3191DCFF5BE3112C0DA
AppVSentinel.dll,609285943F1C4E1EE9394D2D7FDF6D9D19DE4A8EBFD0055F156E96A3A52D8088
AppVShNotify.exe,774FEA0FF2061F30C77C6BD8B6A54E45FF70B9EFA62DEE114D6053F7ED61EA0B
AppVStreamingUX.dll,AFC4A7817B814EEC1D67406739521DE0BFD4559DE559A845B98749B26DB0C75E
AppVStreamingUX.exe,7484DB78CA705B78375127BC7D5D43754D8D95D8138CE23EC851917877008A8C
AppVStreamingUX.resources.dll,9764348B2064ABD127091AD4CB8896E0F69CE974613526EA7ED2D45C8449325B
AppVStreamMap.dll,D234CF542CA2DC1E48F390F5B316AA5E6C1DD5EE196B8D6C4E8C67CCB1763C10
AppVTerminator.dll,FF18035F4C8E648D642C25A7491169BA95F5F7684F43C3F7B4002D2D6E2920D5
AppxAllUserStore.dll,0BDE195867D77ADB0B73C2DA09729BEF475C571A8400BF2C3605E30615B504CF
AppXApplicabilityBlob.dll,14E394BB6E1D8C6F119CDE24F40FCCAC10A7B17AFBDA97F349F29C747540857C
AppxApplicabilityEngine.dll,985D50B4E707E8203CEFE358C8156F628674686EF932D46A534041426660756E
AppXDeploymentClient.dll,61F1B5C38F08E4C0F8F907E764C40903B836C996E3F6D6489FFBD1E2CC7B5E62
AppXDeploymentExtensions.desktop.dll,273ECBD01B1778D4209E14B9771CDBFB86E7188727D0FEDABC3E9B707C6825A4
AppXDeploymentExtensions.onecore.dll,E6B5CF1B9717DAC102A670F861A04653752691D035FDEBD8E26D225F32C9E5EF
AppXDeploymentServer.dll,9367D72F784D11D2351C08DFE95B11D8BA2A912693D8FEC1E77D7954D641DACD
AppxPackaging.dll,51D62A6831CDDF925E5267EC0897D2B921575418B36ECDCA2206792D51E5EDC1
AppxProvider.dll,D205A74870C815834C340D3861F7B908FDD55BDDBEADC01DBF5D3EEAEB789B74
appxprovisionpackage.dll,09160ECC4E0E0D965B5052D0FB2C856C2575ED7F02EB1593D26A7108F79C7EDE
appxreg.dll,F040DC8E1199606BE5B9411A8DD1A16FC961DB136896F796BC5A51AE0ED6F69E
AppxSip.dll,E008A66A5776AFD27A784D8CFACF259040E3E0EBE21939E3959BFDC8DB564981
AppxStreamingDataSourcePS.dll,73CB4CAD4600BA5EC4FA70316A5727B413E76BD6BB15AC8ED31D4A03A5DEF5E7
AppxSysprep.dll,4351BD9C79F38A708FDAE870D8007F2046E57FFC2DCCF7C90A8BAA1EB0F43DCE
AppxUpgradeMigrationPlugin.dll,1D93D82A878F1B5730F176C09727DEEB7C2FD2C5DDC8ACBB335AF5A4C6C45465
archiveint.dll,4806569F82EFB2F07FA7ADCF62E1E71D5D7E060588BDACDD3A6B86B8AB8EE7E9
AriTransformer.dll,77246C619635DBCEEC84A029C5FB8144498003CA9D6A17FF23391BEB3AB08197
ARP.EXE,F9C384659E3C66FB0AF5F18D19A16AE11910AEFD3BEAFE2170F937FD521E0391
asferror.dll,ED8302716D7C9D39A80702EFD7ED865A669DB2DF5A687A06A6107A227966FB91
asp.dll,17A1E9A95B33BD24269CF1AAAA4775997839DA258551F57F427E373C2DEAED43
aspnetca.exe,BF58B077DFCB4457625CAF4E03007DF6DDF768A59660C68C4A4D89F1E93B6884
aspnet_compiler.exe,BDCC743CAEA3B0467A1052A4CC58DA65A5478AFD2665C39CA7477CF48038B395
aspnet_counters.dll,68F272C75B602C09B933A17F751E7E29D3CAF1194C9173D36580AFF403D4CB48
aspnet_filter.dll,1D68A10E84F0CCF9F205ED80B04A7C355C9F37F486EF0694ACED34E88D8DE8CB
aspnet_isapi.dll,5A9FDD51AADD7C7346D1771EB4D22279EF5F4C2E6F09607E051EE8BC95181C51
Aspnet_perf.dll,2F3832AFF965D5C0288B52D3455B06639F1EE5213FB3C9C83278C7FD8029CAB5
aspnet_rc.dll,DA1C2A977CCCB6037519D73F1DB4B2787C26F9E9B48BEC62E6B57603E7E77D7F
aspnet_regbrowsers.exe,472518C3DC9DBC6DC4CFED238A9C259A02ECA5298E7AB2E5126B0E92CAA996B2
aspnet_regiis.exe,C39A9CB4569890B98EED3B0E09C8D4A293FA96BF5B7E236FF4A3F54D091759E7
aspnet_regsql.exe,B18708F034CFED25082093DD239B1D92F01E77B7719AAB2E125EE4283A545D46
aspnet_state.exe,91A46CBED3E9BF33D3DE512F37EF49CD27DDB974D9B12B39176E3B3A45DAE917
aspnet_wp.exe,15D1585F8149DE5DA74930E5C9DAAD04900DDF3CD919CC13CA8541629A93B8F1
aspperf.dll,EC113985729327C99CE08DE004195CB4DCDF94BF7EF95A20B4B32BE9E521DE32
AssignedAccessCsp.dll,C5E605632A5D29A76B8600E3AE785D4D5458479D5B66F2CF2EB58F2F94AB610D
AssignedAccessGuard.exe,534673C7DACF86835AC103F6780594864DD22DB9CBB27C856164DB17EB33D20F
AssignedAccessLockApp.exe,BF161C878273951FFB5E1633B506E0ED475E77C2C095A8CC36AC13726DF03C35
AssignedAccessManager.dll,CC530679F68E250A0F606F2025D371DA52946107E255D13121CB509E980EA3EF
assignedaccessmanagersvc.dll,398AFEFDC9A10B0502120CB8EF49F1595AA2D9C0DF3CF055B545F28EE08ACF27
assignedaccessproviderevents.dll,DA12A31AC79698B7B41BA95E8307A28522574BFE3E8F53D77B4F091A579E9F12
AssignedAccessRuntime.dll,A7B8984BA6189A8581FC8A05330A43E1E5E7F8A929404AAFD5694ADFF5837AE8
AssignedAccessShellProxy.dll,DB7CD770EA08307A584219B17D551CE8B8404904F8DE9C18D87E7F966BB15AE7
AssocProvider.dll,A0AAEC745136E22AF962AD3CD6E52D6A6AD4D9006FFB2BA7FB689E41E80D0945
asycfilt.dll,AAFEEC0242D873B5762F0F3BAA937CF5B6723F647361D687D389EB9EBDEAAD7A
at.exe,C27460533B663278C2C03CD85384AA2560BC4A8FFA6D7160B070F8BE62839145
AtBroker.exe,E54BCE96572F17B4DAD28689A5C4FCB55042830BF167FFA91005B0748D11C0B5
atl.dll,F89E2B73E809914BF7C7CAC972CD543F956F55C3F43B9E41AD59589E67EE029D
atlthunk.dll,9BFE69D1B1A6BA695E2E51EDE9DAA02A2CC825429E8AE32FB45A53CFF2938818
atmlib.dll,C073C88AE3490C5B58FF085FB2190A563836F7D0F363ECD93B399EAFCB3A8A79
AttestationWmiProvider.dll,ECAD836E636D88AD6DB95C0D65FB08EB4D46D6EA099B7F31E1F205D99FA0710A
attrib.exe,1DD136CD5B90C2ABC4F163429A99ED32A7D4B047407DF45D96E20130F8B14920
audiodev.dll,3C44B3E68C7652394E5BC11EA49F8894D0F6665CAA9AC6B5DCE5167B05FBA3ED
audiodg.exe,4EAFFBC39DE50E320A284298241E885820E8125B25DA7CF453D35EEB4250B99D
AudioDiagnosticSnapIn.dll,6705B91E3C0D318ECAB5805B09A5A32CA3595896F14E9206A3372F7E8D29A312
AudioDiagnosticUtil.dll,4E421291F0D161ABE2895E792F3F1DF1D6DBC0C0E5135F3908DAD507EA369F73
AudioEndpointBuilder.dll,FF646D0CF0B0AFF20FDB477176924FBFAC58A74218EA39BE78CBF11291040BF2
AudioEng.dll,514D2349CCB3A85FA8F3C6A12586003DEEF66CB465B89BCAE362306EAA9A49E7
AudioHandlers.dll,AB9818317F9BFF90B15C480F000F27942B510CB2A0D47F27D790725AFA6C3EC4
AUDIOKSE.dll,021136BA98018B19897CBB42FF0FA61698A64FD35600A845D20D998DB345156A
audioresourceregistrar.dll,AB449D1E1828C0BA12FAF3F32784BE782977AA929E08EE89BC70AF779E581DA3
AudioSes.dll,6E09336B89A8E7AD687B2043941BD2C14DC9B7C66D9D13C76174B7E0DEBE54C1
audiosrv.dll,0D2D87339F6DDEBAC35B0C61CF9221D7EB9E278A891BBA512D7312BB8B1AE85F
AudioSrvPolicyManager.dll,2959FC7206C0985CE11DED0C72144015C613922C70E1174227C91DF5877ABC7F
audit.exe,39B852A7FFEA1253B8BE2580078E1EFB94A1EAA4B797D33FB83BC1AD9A2259CC
auditcse.dll,D760DBD00C07A6C187B0360906449162C20236D219C50C349A7EC6A287F08F16
AuditNativeSnapIn.dll,4CFABBC526C8AFA6DEED79F7A76FA4FF31B096160DF989DF4331A78BA3D7045B
auditpol.exe,92274459D15DD69E20598F5CE54933635C2BD916CA2B0A039F96BE782FAC1CA6
auditpolcore.dll,41EA285262039562B3DA3454B55EF22D501E874A9B5C219D29D41449FA4241F1
AuditPolicyGPInterop.dll,A726404F00EC291752B834633649E758FAC7D7AC41E97B14E9E7667DBC328750
AuditPolicyGPManagedStubs.Interop.dll,00088CE3095C7179C6104EE0CABA624323CA31FFFE246612DF418675E4DAA68D
auditpolmsg.dll,D996ACAFEA9D9C2D951247728793F0E5BFD95619A3F776405538B56B25965095
AuditSettingsProvider.dll,A337EE63DD30CF867F61C087A898C245B635123CF40634BB317F7D982AA02309
AuditShD.exe,CE614BACC1415F84EAFBBF999C143FF1BF2DCD180BF9EA515439ADE978EB920F
audmigplugin.dll,31341BCFAE76626C568774948A58B56F6C4A55FA4A6A6704F2214FC324BD87BD
authanon.dll,F1FB1A00B42CCE8D1E55D6712D3274A7CBFD78D64AF83EF29FC60949D2620153
authbas.dll,0C836F9CCFDC321B1B82A22839DD81AB39AFDE18F3BF116B08F5B8D020D5071B
AuthBroker.dll,8BFA7DE468992C6AB6DBE5016194EA7262A41CA4A0F535BA609D8D6966BF29C5
AuthBrokerUI.dll,A3E499308CB2C218F31E093D2944CCFB7A07AA030F9DCFECF9A73C2602C7EC43
authcert.dll,82F5F4FE4683DDAC7A1DFBCD5B0A469F36F8DFC35B15C525A57DF35A6B4E4E68
authentication.dll,F4FF79F74E589DDFC0CA38D9E5FBFF7A6C5870B568525EEE87EF7CAE07AAA26E
AuthExt.dll,D027C51E6A9B6EF61E85E63E9CD4D243C5F3D5F6CBDF0E76884F130C6607A2AD
authfwcfg.dll,88C9D92819E3B2FFB9D6E3D90D9956A3DA2E99837299E1E7ACCF31BC89968444
AuthFWGP.dll,9B54531FCB9BE3C5445F288B1DB62CB4D769EBC707AD1A8A6D8F9A77120D8E49
AuthFWSnapin.dll,5340030D53C513D787B7A9E92CBD3C7334FDC3FD961323670186D93B5FC02CC8
AuthFWSnapIn.Resources.dll,EFD1B5EAFAE009A092B2824FEF2C8BEDBD8E4D74118FA189F7A4220785804E8E
AuthFWWizFwk.dll,21EEA72C898B46C4D68F2DE2C209BC87082EABFB9F01B2BACAC62F10FEEFFCDE
AuthFWWizFwk.Resources.dll,968AEE1B3B0E811ACC58BF28098042D60AF74FF0C415590ABC72E0246E1593C0
AuthHost.exe,BB2930598067CCF0A4A0D30DA17AE5BBB44639B300A9AA334C4E0857437883B1
AuthHostProxy.dll,8A9B6F05A598A6EF783F9863B2F604D73B766E71C550FC0E79051393A35606B0
authmap.dll,B0231C052C09C3C8BB5CF4C22D3EF7DBC86C53B41497938FC15BDEA9C7AE4262
authmd5.dll,3D5D4D3F999E9781C06569D64CFBFF7B01975F902CE998D473FB5163EA5CAC7E
authsspi.dll,6B32FAE240C68D19B42532B0331DB005FF989A8F637B2CFFF227B4F9A280C153
authui.dll,2EBD42D97BCED3FCE45FF3148D73A3D0E89B78C84F20BC6099C3B8667DC2FD77
authz.dll,25241EF36AF26343E0EE77C8656FFD0C0EB772A030FEDC41CAA3EF342C0D750B
autochk.exe,B143C806859B21CC358D2E193BD89E37923D16214A45B0DBD1F85A6662D98C25
autoconv.exe,9E03F82B733908FF583EC767F2F7FFBC705F01C5E451FA5B6E603FF1B6261F0C
autofmt.exe,77CFA37C20E31DB458B1212957FA10BA238588F85BFAF40BCBE8358F55C4989E
autoLogon.dll,BA388059015982A579D0E0A543D4B7D75208C28B6B3C6093619C6E021F73E8C4
autopilot.dll,D0AE5077690A71F50558548BEB9E2E1DFB3D51E80A0DDF684C96D9EC3BA62FBF
autopilotdiag.dll,9DD563DBA3E410EBFA865D5E9A42A5946CF4156987CBDDA6012CE8A895838FE4
autoplay.dll,5F38A13E2E27210DEE1B391933849B3E5D0D386E011F035D3FF54BF2E061E274
autotimesvc.dll,7DBF94761B806AB47DBC948E723D718852416DC0E311CB40F31A55DA0DCB267F
autoUpgrade.dll,8CCDD31F9F10790DB53513858A30C086D8E0EA4FE15FAFA2E2092D7AD1C5E29C
avicap32.dll,6B55044F470B4E9649C7F941855FEB7E99B2FF6B34C211CA276CF45C634F97AD
avifil32.dll,C81C89BE3B8FCFF5CB76B96D481AC3208FDA37CFE4A4693D43CFED25DB4BF5B5
avrt.dll,6DAA9F6B2E26AADA977734FA0F1ED6E96AC81D39C6B8F21E8564B97C0A905836
AxInstSv.dll,EB39D46FA07E7DC9028C671F45C5B51D8DC9B41977AC26D318AB39CD4382A0FB
AxInstUI.exe,23692FE79CB8E509356399155F22016E067C68B79C94CF149B4B3AADC7934469
azroles.dll,14BC771730CDF69242B920237AE891B1C4DB6A3F33DA0484B4827199582A4384
azroleui.dll,F6445498222A3B7D36E4709359A7D1CA15200235E75DA49132F0E8FC9D1C8E30
AzSqlExt.dll,91CC1657AD4A7299809110E86B5C1FB93AFFD41570A4975450F746CC7AC0D557
AzureSettingSyncProvider.dll,E8987A80129727BFD9F7193E0CE954B0EE47D1D76B281A198E0278EF3E3BA1DE
baaupdate.exe,079C2D7B7999319F9F4737ACB75346A4CDC2B8C370C5F51D46FE01F7F0370A71
BackgroundMediaPolicy.dll,17A470196CC9B2BED6E26EF8AD44DF79ECF0D283DF6A93C6343FA193BE0A4B03
backgroundTaskHost.exe,CD2BF90FE5CD57DC49AF50950C8CE3CFC6433CCE7B68FB20DFD78E30A865B134
BackgroundTransferHost.exe,3E77EAAE650E851AA72330A76EC536CEAC253EF9B770E7BFB7E1F5B1571D410D
BamSettingsClient.dll,F0791FA2C83C7C09A7A0F27FFAA9042F4295690C4A55EC0E3C2FA29D8B855FE4
BarcodeProvisioningPlugin.dll,60D735447C9DAD05DE6362749FBD3E7C34F3ABD9731635FE7C8D16E4E086D717
BarcodeScannerProtocolProvider.dll,4E8A64C39F995936C2C64934D4DB0FB92C233EDDE48E1278A7C9F1D569C4468D
basebrd.dll,F87C4C9B1E73242B7C5E377517CFC9DA0CF21B723CD85B7242AA497E928AA7BD
basecsp.dll,289C76501114132DC545FF1415C70C7468C50E909CDE68B636B9256A3645ACD4
basesrv.dll,C9AC94B94B4BD6AAEB4ED19BA993BBA201477005B750D01A404529CE546087C0
bash.exe,B51B37243A58E981DE5F29F24B363E3F37C67D8B99F704508E779CFCB7865FCF
batmeter.dll,043EC0EDC6BE8421B349DD503E7C8F41DD14D9356A4EDAF0B67D6F6951757EE8
BatteryFlyoutExperience.dll,6A774EF696C00E5FC97C71942A32DEF7925DBE12AE67279DEA99A2CF5493AC1B
bcastdvr.proxy.dll,77ACD1774A7B49CFD31FDBF0A9D0FAB8A9FF32BB1275F14984B6416F04A0CA37
BcastDVRBroker.dll,25963DF120117156A41871686C523F5E6DC248E0E7D57DFAE789BB1F05B440B7
BcastDVRClient.dll,E24010C17C29697514C80C239E886610954747789974DEF1E95E7081349BD6F2
BcastDVRCommon.dll,88475A9848804DAE010811D03059C963ED6178B2CA5159D003CF9B2E90628C82
bcastdvruserservice.dll,D33D6E04BFEC9C8B3D68F6D2DE6B207F3F56D53CC192EDDE766A1A65DDD603FD
bcd.dll,A58F5007C5D772878C53CC221EF2C55B017D73989DE8D24D36C72893BAC9A876
bcdboot.exe,340B7DF12C0AFC58708A5ADBA76E702613DEE6C8C30399920EFE72146E7E44D7
bcdedit.exe,BDD22EB9CCD52F0DE20CB14FC0F4797177147328D3D512634D9713C33EFD2069
bcdeditai.dll,89221308244019ECA024D7D3EC1C30D11C2EF532D0D5496440E68E5095E97C20
bcdprov.dll,D725CF226EAE257D333473E33F8D4EE1AF12396F06D69D00D2589E3BA4E3692D
bcdsrv.dll,0E7E97AE60698A6D52EA8D564D3EDDCE16BC806A1B291B34C3FC5612E5EEABC7
BCP47Langs.dll,8C6DB37DE3233DEADFDD8F424EE8ADA12AC18B1A4CE1A2E88A10E9E0A7C39537
BCP47mrm.dll,C39721510DC373210CDDDCFDC9AFA4B3ECE197D861D535FD3681430EF7ED54BF
bcrypt.dll,2656D20006F8597B37E15E553D84EDF8174E54A4F81D34EE5E32247D98670B48
bcryptprimitives.dll,F4D8260E33561582DA9615DAAB36998E6BE8A794EBD9BF36EA6BA002C9704B18
bdechangepin.exe,A8F0697DA8DFF34659C1566445F2CFFF4C8D7C29A9F32C869886FB10944ACF45
BdeHdCfg.exe,AC6462651625B4D54416E8C332DCC91A313F8284157DD4C75B312D60AEAF4692
BdeHdCfgLib.dll,67C8731D8987143A7333AD54766D62F0FC6F4D9F78C3CCD359114B180BE81BEB
bderepair.dll,BCA197E9067F113ECBF0BF809154E6E07FF5E5651615E73CCDCFF6707BA3B1A5
bdesvc.dll,E84782CEFC0AB9D01BCF371FCCE594D2D7B14047C59A1A2B7A27243F8DCEB738
BdeSysprep.dll,0F685AE74DAEF4C0682E68EA5688322B0A58C043D6769D5582E45FBC57934067
bdeui.dll,8DF6440A8B0DB3DE7B19EAF3A99CFCEBBF278BED92E9ECFD7D838136C2E92F1E
BdeUISrv.exe,A0AA24228552CE2538483B0299013F2D335AB91E6C81B86CD0D643C89BEC58EE
bdeunlock.exe,DCFDD67BF3244FF86CADAAEA50B43CCE5479014EA2021C0C2FB40B7C856E5603
benign_hashes.csv,3F125471BFC461F6955E8EFA305558D15813FDD324311F0F69B937F088388FF8
BFE.DLL,8D6F18F5934D6773709CD01E306EABBBF1526B19C0564DD79218117BB7A8EB54
bfsvc.dll,ECBF8714210BD5971440A5C81D215EA8C8131D320BA7BF498933409EDF610055
bfsvc.exe,57A0279E3B6B158404CFBF5070E33B41963E288A7BB230382B1D3F6116299C75
bi.dll,1F41F656C55923B63DF2F15E39F416F0823C17CADC741B82EAEFEE852A2E8E4C
bidispl.dll,7DB24CAFF011C99F8AA30382A96C89B981638C6ABC95AD94FF88A2FA2CEC75A1
bindfltapi.dll,100C8D755A9A8699ACBB4FA704E70A1509EECAEAF8D5F66758C747AEA9ABFB67
BingASDS.dll,2C9589D3994190526CB5EB4D20FE9A9FE9209F33F33061ED7C393A8E0E35C104
BingConfigurationClient.dll,9354670DBE4A09003820B1D5A6D1EC37D98A47C5709619273EFD45D49F8F7435
BingFilterDS.dll,7DFB1551B5CBA975AF48D7C4309D77E7DC47151AACD6529A078E14805F851060
BingMaps.dll,222BFFADC4D132F302E22B9BA0EDCDCFEB057732D2C19BEED753EF2112F0F4AC
BingOnlineServices.dll,17AA023F45E7D4486F538110DCF3FD30879C06C5FDE15D3124303D165F22E8B2
BioCredProv.dll,A20E8C859C8C1AB106A899F0000F05E839BCBB163A37E9B5A108B1CBF9A76289
BioEnrollmentHost.exe,337EB2EF45A724950801272B5D84B23B8F9E984DDED1B66E0D1ECA7008F20146
BioEnrollmentUI.dll,8DCD302E7F570A8965D4C05CA664636811C0BCE230A50DD929C556764212B85D
BioIso.exe,CCC68738CC7DA7516A9C8B35C23CFF8B9C278E8B059C698FA2C4BE31C7A5A4E4
bisrv.dll,F4EDCB8C1B19D06867EAFA03E8D3413C0FA1560E826712A5EFAF0EC155F7B422
BitLockerCsp.dll,C92392551B1BAAA8C43FA03D67AB2EC850E8EB8E5FFCA48533A77ED9BCBCC917
BitLockerDeviceEncryption.exe,E9C4BA116346970F6C45589F899BCBB207C5FEDAB797FBA1336761B64121B5BA
BitLockerToGo.exe,25D1BBDF9289702E5B14EE8E697F1473FE6E550FF5E94B95534F1D03E8198103
BitLockerWizard.exe,FF909B1B5FB6958FC1B2FEFEFC7A4CB842E5CA325391AEFEA775A446B0D5B491
BitLockerWizardElev.exe,68FE1E3E36240C8BC48C50DFE22D30C65DD1B76AF396C9575582DB135AB286AC
bitMapper.dll,8589402CC82895698853D3A7E90FD37EDC6A8F3E2E292AE4E68051322C640335
bitsadmin.exe,C93B7734470CF96C5170F7B21F361CDF3F74CA819626C83C4B8A68210DEEB35C
bitsigd.dll,39EEF98B7270EB41979881ECEA1661EE810B03ABC6CEF920EDA3B528FEFEF2D5
bitsperf.dll,937A83A1D023AD6CAE7C3D9677C7C33CF8F5F7AFA3B263C17E1BB6409E06A5D2
BitsProxy.dll,56A76431F2818318508932C0EA6187C8C136BE89DCD56F0D6A4372353E50EEAB
biwinrt.dll,0F29FAE36E850799EFE4E44381840F0DEE63F6592AE993FCDA52DF94C0D93615
BlbEvents.dll,017FB0D2F56AAEA5C76CCE05FD601EB94A48056E1A3285BE1AECEFBE42E1D98B
blbres.dll,5820801622420D26C8248335A78D76165204ECC3B644319F6A27D5D0EE8EF1BD
blb_ps.dll,68ED227D4CEB4E7D3945672F64620CB11B6E99F166AD1A1DF6FD32FF270EBCE0
BluetoothApis.dll,5A829473E37D925F984CF7E1479FEC97B8C1CA21A9925322F64888FA324E7243
BluetoothDesktopHandlers.dll,1E5F06B73827882AD2FED548983D381656FB393F9C0FDFF2C5DF44F80EBCF5D5
BluetoothDiagnosticUtil.dll,827830A3FF8E11EFBAD90DDED5401843A39D123A95DA34942D726E05F03C2A3F
bnmanager.dll,88D27442191E665E547628F76E93F01314E594464B5114D5239C7B998AFAE483
bootcfg.exe,F45992F7D3602A41CFCBDA622C3E5F9F45AB2A4D19059BC746DA151ABAAAB140
BootExpCfg.exe,79E131DA01DE5A6E30C88A05BBFCD695410C4C121661DE0CCEA5F633C1C05802
bootim.exe,99660E380163AFBF4D66341364909F904E9695BA2872B5DC1DF575498D2BD344
BootMenuUX.dll,3413C8FAB1F5EC3B5840A541ABE2B138E430BA282652331F790EEF5879C60A3F
bootres.dll,CA77AB898A5181CFB07A2011583A2F43374F517B3C80D5CD05F033467A562302
bootsect.exe,2D7CE2DD4A9CE5FBED2C150720280CF50808B0CD5D7D988CDAAF5BD1E9E292F3
bootspaces.dll,A2CDBCC199B1698C4061BFB480CA2BA0660E268F76FE7F990C392B99534CEDA9
bootstr.dll,62602617028AF7B6E1261678BF51F2FA07879E668F4BBB7DA7E36DF16662E2BC
bootuwf.dll,27878853189E5A1A551AF93D63E986D40640F27BD87A3F5EB6375DE14BE4DC95
bootux.dll,4BAFDD9D0587BDC8BAC5C5C510F863592A80B80A39BC4F5E5D1741F0B3FE9505
bootvhd.dll,026854D6C62B786994F7A3384B73A22611D9A8B247034EC4F26DD9A3BE216213
BOOTVID.DLL,52AED2A37C6A321B82310D30880A10C3A0822AEAB36DAB1171348540A204760A
bridgemigplugin.dll,1CC92D56CF90B5987D7608DE9067690D4C90A3422458FDEEE554C2367F3B79C7
bridgeres.dll,A432AAE81E3C7B6AD1CE9D33A98194015B1897868F00E84827409E7F427B5A5A
bridgeunattend.exe,0DAB54A90BF52EB64F8EB50D94298F2C55D04682369C93107315AD91A3C6D642
BrokerLib.dll,5112C80EDEEE153CCEF9F3E8372DED546C3567DC161E7093DBCF9BBD88C633BD
browcli.dll,59547A5F6E8E5C177986C953B0F70A2E767BF520EC0BFDBF08A49CBD944B77B5
browscap.dll,606E37C9823368DA99632B59D1C4F0A310D707B834504D1FE06F336EAD02C2F1
browser.dll,2F9568B45908CE69A8C24954C7BF2FF36B8B70D994411258CFCDF582F71BDE57
browserbroker.dll,B1BB3563906BB55BE2319C3B56F36EFECFC6479023FA547E03EE12320785C4E1
BrowserCore.exe,C1B9BF6B56F4ACA7D6E19767C7A186D0239C1865C9621154157E79AD791A5A4E
browserexport.exe,983502C17475814CCCC6D8B41A87B62B28DED6DCE680A67DD6EE44B367E20A1A
BrowserSettingSync.dll,31C18ED8FD54676845835C951A3FBAFFF0EF7B4C7C640285B373C68AAFED9590
browser_broker.exe,0698E50FC9E661A29476F737375753576D321EA6F15D19579F8FB8746DB59E50
browseui.dll,3148AB1453328E58FF77A058994B5732093BB9180CE43EAE5F767E4F6750D331
BTAGService.dll,19B3226E0BB1E8B2FFBE9DE48B8FA0BD68F3169289845CD2D9EDC0B047FE6799
BthAvctpSvc.dll,1A2470D2468A150965DE68FE279B998CEB7C5914FDE1948EB8A632DC34706F6C
BthAvrcp.dll,C203271B3CA831BADE1EDE5372D1AE1B7D6DD9761C9AA179EAAF721C010B4A07
BthAvrcpAppSvc.dll,5EEB645EDF72807B1B0344AABF6C3FF2F332C14397277FF491D3870F7AD84B95
bthci.dll,9C55486CF5C7B6C2DE00A31C9E0FE1DAF9D3E41027BE174267F71C6796310742
bthmigplugin.dll,F1D373BB555B2AB5504A20B2D41EB67AC47005DE503D01234618ACF475FE2E1D
BthMtpContextHandler.dll,6F5B35D8734B5CD24F05134D88B2C6D56EF63E0A782B80CA9B17618B7B1096D7
bthpanapi.dll,91CCB9DC8E0202C4DBE3DC714102737730162269E2EEDBFD5FAE5E9651E719AA
BthpanContextHandler.dll,B4B4C27B6875021685E1107DCD58DADCA4A066BAF2CAF40F111015003F8321B4
BthRadioMedia.dll,0BF8EABB2133BCD4B9D7FD92228192DD39AD61DD09D920100591FDC06FB5752B
bthserv.dll,1E536D8863D695944214D55E9B0B4BFE04F705DB7ECA18A0CF8B37AAF4893B1E
BthTelemetry.dll,911391D8A6253D5AE739F74822E7B3494C1BAE9467B58E924AFA3621FAEDE742
bthudtask.exe,51CCC01F8565F17F1E8676EC3B7389D85753A9774B224F59D247BD349744E455
btpanui.dll,32184D6260D73828CA08F3D390BBFF837F351C2BBAFE8FA492E8C831062E6D96
BWContextHandler.dll,3874BE69434EBBEC5B33921552374DC073156A13B00A2FA04511C3A341919AF9
ByteCodeGenerator.exe,36B8BFA66607FD40CF8A7C73EBD518B0EF3C0314752916E3E6F1AD6A8EB64981
c28c7a4e-a619-4463-82b7-0fc9cc7187f5_HyperV-ComputeStorage.dll,7F39B9FF10C629426AA39CAB3EDAE19AB200E7F8A7B110D8E901844D999FF4C0
c2wtshost.exe,74F7D895250C84D13AD3D444D19F80B2B24E4F99241B9F431D6AA953832EB843
c2wtsres.dll,20DCB66925D33FD33E4E675AEA235E3C23D7BB203D05AC140BF092EF9790AE52
c4d66f00-b6f0-4439-ac9b-c5ea13fe54d7_HyperV-ComputeCore.dll,A997FA5C87F7DAD2C41F228AB58D2E18742685E8097B6CB4CBD0F44DD5D90189
cabapi.dll,71FCEFB34593A6EF9CB1F98A7190D8E93D9A9B09D010AD7564054EB39FB1845B
cabinet.dll,9FACC6ECBE3EB5BAC23EE62CDBF837969E43928ECCA7592465201762E0BEE4AE
cabview.dll,80CF8021EF5C1DF30192C08D8FE1315C87469BF0D09F70584CBD47D5196F04BE
cachfile.dll,03D4E3BC0C0DCA63053A7CF21CEA98EC63CF09044A844ACE4A6A33C3F49DDAE9
cachhttp.dll,B54C229BA021FBB0BB9B5C259E0A8346603B50C6BD816E34B784F662F8E2C39D
cachtokn.dll,59CE125DFAAEF88AF967963E4C18FD58CDED6808B742935294029ED852A8593B
cachuri.dll,B662C9712C68116E6BA89DF54716184B868BC278EE231100A43B7B8CC158D2C5
cacls.exe,092C1FE176EF37703A9BEF4974CCF7DDD7A4D400FA37DCB04B721CCE0657B03A
calc.exe,B183BD6414C5123465075D76D2413C999D569492FB543ACBC29690B4B745BDF2
CallButtons.dll,49244894AAAB95FA444ED6C6DF9DF88671C1570BCC91C4A265681C7A509A1107
CallButtons.ProxyStub.dll,6340CCAE7945AEEB1D0BF2FFBC7DE952DAFC8EA747B788038D7BDD416A4D00DF
CallHistoryClient.dll,6BC8C4FC3CB86B8D3E900DDF0FC7246D2363BFF49815065C1C943C1F74437036
CallingShellApp.exe,8047DA5C1BF245AA1BEBF93B174B0C63611FE91F4EE2AB3837A2A593E81041B2
CallingShellAppPresenters.dll,224F5DC9E172F06D7A40F270001C8563921C670FA0E2E4055306D3CE15CCE7EB
CameraBarcodeScannerPreview.exe,A7AC17698F7E9D0368A5287965507787A89048DB25DF84F79F09697BFB876198
CameraCaptureUI.dll,429A34DC66FD54B6F7A6A6D6F8A4DC550AF45E7EBA23DF0463E4B142EF3C8D05
CameraSettingsUIHost.exe,5AA3BDD40080C5DC3D3B5A866935F976C0443D0798836909CC6957D8FC4497BC
CapabilityAccessHandlers.dll,03C5CFD07103D830283D48C12DFC163112FA762F6BE14EDF86C3F60BE96DEDC3
CapabilityAccessManager.dll,D3681399A0458B9183C12B7F26980959EBD4BB0AEA1084497F2436339AD9E758
CapabilityAccessManagerClient.dll,2FA8C01326A81D8181B79656B5BC7428DBA7BC02A1E075A48B0EA01D54560CD2
capauthz.dll,ECF1D0F71E51C6C1CBCEBD926AFF3C33F5B557AA4BB68942D637889D9DBC3090
capiprovider.dll,1946CA9AFEDC756C03DB8A9C356EF986A06B1C10078C4A6A5993C04405B7B10E
capisp.dll,7396E18969490BD0786A48A6F50056C6E0CD42DD7D98D0EEFC8EACA10D21C087
CapturePicker.exe,8DEDBF59904814FF1E455A29712451816A50FC9DD66066F617F09233FFF6E100
CaptureService.dll,196215BFE0F198C8201B407C7E39A15E3180E8D03A051B3CEBE88FFFAB4072CE
CashDrawerProtocolProvider.dll,C320327A0D1EBFF73C86D887DCC0990F5F1FAC4D73DED1095278938B522007AA
CasPol.exe,252102AD0F45F6CB836C4C7B972C647E62817CA329D5722340BDFE94CD0F722F
CastingShellExt.dll,DCC6C718223E69BC28001E62FAD5DBA9D801F28C0D4B1FB667CA69C85F082515
CastLaunch.dll,019FA37257D94507D31AA60F55CB3647DEE8420004C4CDFA64D091699F767C7D
CastSrv.exe,D3254833F27C07ABA89ADF18DF3D01BAEEC74D0983EDF5B6045CADAA0E7D2419
catsrv.dll,FF96EC1C5EFA827373ED0B62409051E801DA1A6D26A4A7936C19D380A100E344
catsrvps.dll,D895B326E50BD72E0EC7B1B19D4EB9897F5769CC67B635BE7465998B4680A6C4
catsrvut.dll,CA2806DD8353A957C9284DB2C7885CB9FF14CF6F8C65D1995F9998779A0B2990
CBDHSvc.dll,9B1172915398724B30516A5A268FF25C19D35EF7A4C1BD39CF2366F565001FCF
CbsApi.dll,DA6307F00C940B9D49975B25F78FC92CC76977F4BDE0D30CFB66BB3AA519884A
CbsCore.dll,634671B2F572D346E16D3E073719383A7CC8DA8932A8A674A060F8904DDC92EF
CbsMsg.dll,092994B5F4293235DFF49189280ECC4B98220DF5525097CD7B4F127D8451B548
CbsProvider.dll,FA68EF6AE70BC382A0EB89A22E1E21527EAE69680EFCF185166A8CAA37EC51BF
cca.dll,C2D51B8AA011CC9F84A5440EB7BAFBDB78727C9EECD5D7CBE9485FF9C5E43F02
CCG.exe,D9B5395EA48CAB8517D3F18C736A6FEC5BFAFC60FEEFC44C9D2BB01862654689
CCGLaunchPad.dll,F1E3EFA5C909BC0089AAC2C63392D577AB17D24D1899890DF1DA85254ADBD2A4
cdd.dll,A95C739CF920EB9EA633D99E835BFF9603D8ABA282E140A197C4115566F0ED9E
cdosys.dll,CB77C46E0AD36ED406BBD1FE1704E86F46CDB529CF2319054DFC38B2E3069E6C
cdp.dll,6F99D30E76C7223D1131CC72472F59FF890F5B49DC7C717CE3203A7785F9ACE7
cdprt.dll,C6EC74E62247B58505C9957B0F0F3E422831BD2BFA507C1BBB7336C0E6326F96
cdpsvc.dll,083E401584A137B4B9F181BC2D8E0DE0FB9826ADD3642B40F5933DA5EFE3F2FB
cdpusersvc.dll,4D88D905D4E047E4FEE341627EA294BB3AE08FF75A6126D1A565288B0C6D875A
CellularAPI.dll,DEBA62B6F71C13438AF116F6034EF8292019C15E2C768E882A8B1F917476500C
cellulardatacapabilityhandler.dll,F0BBC0F8DF87764687AA07244654BDAB455DFD2BA436667B15441FA8040B9EBE
cemapi.dll,51D3B5C10752577B12F0D7849241B6BF54BD34FEF11B50B1274C3D869FC69E02
certca.dll,08A28812EA9CB8A99D45F40CA7428C9C2487049D9EFF2023929E9C391A4E96E7
certcli.dll,C5EAA87F6A0B19232BB547C2CE4597859610648D272033D1C580C4638F22D235
certCredProvider.dll,F9C098B9D824F6C68C25F33E8ED0D9A659D67A05053811C5D0574444FF6A35B9
certenc.dll,8D1C1B6672231BC5C932A6F088DA2E1E4E5C0427E0E08C6F1A01743B3FB3CB70
CertEnroll.dll,CC245079A8D1358C702995E01D4CEB5FD4E2BFA2E2AD8C8D215DEF554B4D73C1
CertEnrollCtrl.exe,17B76DF50747C026CBED487EC2B8732293BE76E912E902A528F2EF26C1780AA2
CertEnrollUI.dll,AF5563A6CD0B52992897ADEF21EED6A16A70F2FF71338F41A686AF7AF7C71EA5
certmgr.dll,0452F50BBA9883FB516EA8F379D54878BE026559EF68F27962BF0A814EF9B1C5
CertPKICmdlet.dll,982EF213BBEC43A2B9204C48207503B078247F928005E6B9FE1D1D332733A144
CertPolEng.dll,4F4A0CDC2C1E21C9599D2890EB35DD5DD0B45D19628F5405B456AFEE5334FA53
certprop.dll,818806414822BBE0B24F3C81813920077AC03D7FB5A80DF27B2354D40569C91E
certreq.exe,B01B0105181F8ABAB2F75D59A3698F4E3C124132C1CCFE7DA15AD25950846D0A
certutil.exe,EBF75F835CB0D1F550D5410A3A82D52708B091D018AF031014B923DC90ED98A6
cewmdm.dll,D9AB5279489F836D4E19150D564ADF5707562FEC0311C8C312B31690AD63D044
CExecSvc.exe,05F4B0BE87EBDD4ECA7C8B57B605D2462659BF100B33E71D81B5901DA7759AA1
cfgbkend.dll,48C74711B47B2BDA7CAF0F65F45315A029EEF61623A9B93502F0D0C9A2B9BD8A
cfgmgr32.dll,737016BF2B755DA9F65DCCDD5EDEF67D434968A5BE4A31BDDB140F663492E9F6
CfgSPCellular.dll,8312837DF69A0AEFD7BE34CB54FF0EA2F59D3E8432613F5728FDDE0926162AAB
CfgSPPolicy.dll,C59F70D7117D0EC9DEED3C2E5F4D461BFDB07D2167767A861AE151D1E79A3A9C
cflapi.dll,03FA831B5CFC1343F545876919D17BCFF4B9CBE8588E374C695CF6B20BA23F41
cfmifs.dll,7A8D839E9FE859BCD14CD7BC02C88BD30D79D8CCA01A7F60F1A05BC7DD576AD5
cfmifsproxy.dll,373FBE4BACFA206579FBFFCB1A3B2DB97A92C004D22B53B1FE1543BEBF4ED5A0
cgi.dll,0A4F4D866ED9D488D94496747904AD0B4C8C02DB6C0AB20DAA444A3BFCDAA6FC
Chakra.dll,4C416C6D6FAC9DFCD5F1154437B3492E52D51C7A684711E17DD3FD52B467891E
Chakradiag.dll,61742F617583626789A5A3F8351DC21C6F9B9591952F42FE8946714D68C0624D
Chakrathunk.dll,BD83AEFC3A7F4DE5F26300526F184998F3386766143B67110D0040433697E1D8
change.exe,ABBF7477681C3524034B17A99C50F9D304F19D00404C51A5EE70EB783BB846CA
changepk.exe,69644AB12ECC3A89BC2DB5DC8198A506647D14F5B44745BCED02EAFAC362E8CF
charmap.exe,9D1955F3A5A98C6BF6886280D3B6736163B6F05DC06A10CB89A152C5B8D43BFC
chartv.dll,55139F288EC9E98301C8355E9FC2EEC50DF93437334E8198EB1987CCB17CB33E
ChatApis.dll,B1A622A76BBD5DF14A330A16B011F0E5E921267F40F2FBF602A772C1ADC92804
CheckNetIsolation.exe,18B8EBA51863C5D9EA6D95B18A1B6CE61C4510F5420C062D3B50C1E0CBA5A653
chglogon.exe,FE3C849C76C98FA915EC21B864B1BF9EE3DDA1CC7587FD2F46EDFB8BFACFEB45
chgport.exe,C328C4BF900DE463855DC43547CB22C6D0B30428BF02D440519C11360403F6A1
chgusr.exe,CC1F1ECBF51D1518B5374AD69003CF66848CE2F11E1F13E3FCCF88998DEEEFF8
chkdsk.exe,1D5227595AEB4FF3CEEB620E94B5342955667EEACD000E2A4BE748AD94583DAF
chkntfs.exe,A7E7965C36A54135BF192AA34ED32065C151691EECC5F5C17FFC1DB2C767478A
chkwudrv.dll,6C423B66F5EA8985CA92C92AEED9224865843BBAE30FA9DA0EAEF23A88A06A7A
choice.exe,F6E5759793032BB3CE69658D0D4F0049A06E25FDC316D457846BB644212730AF
ChsAdvancedDS.dll,6206FE4161B7CF7E5BC8E2EA5E0B1ABA89213DC87ED75838CF75833934E9E285
ChsEM.dll,99C956F9F7B942EC211975A1791F96C32E059AA909744F2DAE8AB8756740B04A
ChsIFEComp.dll,14CE628664DAD8D0C731D1D50FD908B1154219FE146D83A8323CDD289504D41F
ChsIME.exe,191A0B374491A028C7A4F6DDA41093CB657B656A49E8E05C1392D5877E87329D
ChsLexiconUpdateDS.dll,193E1BBE4148338299523B3093FF9E107CEFC08868E46186D99ADEEDE05AB347
ChsPinyinDS.dll,CE5CD938B0CE664BEB4EB777B2B7E5EB1799100DD3D624FDD839A56F451D2500
ChsProxyDS.dll,A43F29DC465DD4E836CF3CBE7D75026A6F4AB40591C7B79D19279B96EA287886
ChsRoaming.DLL,298F1C74203101C34EA3E4B6E6F99B39653B7E4EAD842CC4BF59423DFB4E779F
ChsStrokeDS.dll,BEAA22E22D85E10CF11D93EE46406E934E9463775B0BB260A206E70D326B5C53
ChsWubiDS.dll,82570EE8375A507294B14193208A48845FB30A7ED5D72B5436CE4F84FDEBB90B
ChtAdvancedDS.dll,A51A3AC28B3DEC0CE7E08E5EC9EBD1C42E1F4D7D3FA458F9FB144AE25BC1285E
ChtBopomofoDS.dll,81B109801FAFBAE3655B93B0E1FE63DBD85977894DA8B75365C26DBACA81A15E
ChtCangjieDS.dll,5D567B0185AE576EC52C197784A38F5A68BAF28080F7D18B4FB62C41E87137F2
ChtChangjieDS.DLL,DF105AF4F8E9E971A9D9C8395C7DF5A7672E5ADF62A92F4073193E69364DAAA7
ChtHkStrokeDS.dll,DE838CFBC62E0D899CAF68C14509B8CE54A3667ED2C3F1AB40053D6671BEB07F
ChtIME.exe,915E208E33C2518A9B9CE26011DEF37941169E3EBBEA08A5CFB928A49D8EFE68
ChtQuickDS.DLL,0D05E9ABBC7FF283DFD4973A4772518CA980D0DB12AA8575A3E030C1CB3C02BD
ChxAdvancedDS.DLL,F95C42D75E0C3CEAC5A68421C0119851A2D92F8EEB487B6EA8D298846D7EB399
ChxAPDS.dll,B2432C3F95AF435D7DBA99564AE196E17481A3F59289D9CAB48F4ECEDE54FEBA
ChxDecoder.dll,63AC3E9947B9B8C269BAE0B2C62781F904291E7751590F1374DBE1BA25F0CC39
ChxEM.DLL,5CA69867A96795BFDD08B78A746A977FF4A5A0AB12E62F65698A0703891A2444
ChxHAPDS.dll,45EC634FDD926BCF24A307E44DDC57EF6F95D1382AAF608073F46AD9D67990B4
chxinputrouter.dll,ACD4EF73F89A74931CE4F8F8FEA601AD1508BD7166D689417BBDC30197B86237
chxmig.dll,5C6CCD1E19EF5A1FD4C5E9CCEC56EC1B4BAE8FAA3DCD79443A6287A00B12EBBE
chxranker.dll,29E665DEF266900E8D13F169404A61BDF71D2F7AB7637419A78E4B4EDD372FCC
CHxReadingStringIME.dll,F7785CEAA30BBECDFC69B25AAB094FE51CFBD079C680A4EC046B527A950E88CC
CHXSmartScreen.exe,0E7BD226112B50482292276C0DE17E3FD6F1820FF1F3CFC014ED74A04FBC0EEB
ChxUserDictDS.DLL,BC272DBC39CE5B8DBC4E5D003CBC4551A55B75C62ADABD50473C416615959671
ci.dll,1F30A819BE1FBC39D302645AE3280B3488D89CFD83E9AD3F47EFB0110D1CD7AF
cic.dll,B6682CB98EC0DC4DD498FC93C9BA1EDDCC9641844F96B0A0E35B764AF4FADF2E
CIDiag.exe,E9E387DB5C134DD7779379F56E0EB4069E4D8196BDFCC6809197DCD3FAAECA40
cimfs.dll,8D4F4E493D5FD064A2A44E4E1369F7040D7A1E2798FE2BE109990F2AD161F963
cimwin32.dll,40B9760582DAEBFBA798C2D96B4915F33CDB3C0FA1154797DBD3FB28EE3DC816
cipher.exe,0B26B46319CE5332AC61DC2D4767368AF0C5FD0475B0B82304AB3AB621952ECE
CIRCoInst.dll,E32842C8F5FA8A890FB95FC53F9BB01CD212E09CAEC5C4F9F12C02B0F7EEF354
CIWmi.dll,76532775A3B5E0BE1610772DE9C4291E2681F9465E014DF609BDEF733D8A8A24
clb.dll,32D3B0B328AE730A883D94C8017587529220F95AD8A0D66CB3F9729D4298E7B1
clbcatq.dll,F3B4E833CDCCE3432A078E93FB3FA1083AD58D91401FAB6F70245FE756952AD2
cldapi.dll,88A2F38577D839440EDCFC75FC6D36A5EA9B66F2B7D7593E07D67F5A475052F8
cleanmgr.exe,BB275D566601CBE20FF378DBF4A3312DCD9AB923D6E0A3EE273774C2829F3B66
CleanPCCSP.dll,6C19E0A3C677197FDF28B21AE77F70EBE15BEB63C288FDCB4377436B26E32F7A
cleanupai.dll,A2F9947C39D0230CC21DED6748F8B3D329717CD6A540DB573BFBB17C91E521BC
clfsw32.dll,2348F0489F1B537B2FFCBEB83CB79C3A8016D78C1F2BCAD4B2A04BCA2DE4A747
cliconfg.dll,BB1C2BD6E5BF047077C0EE742CDAC75BC89F212C47610CF1B2F2F1755F0A4F8B
cliconfg.exe,DDC3AA90B1229F7ED1F3C64BCDEBC527D18FA24C6BCA9A0B0A7A9C0ECD37E89B
clip.exe,6CDC8D3C147DCF7253C0FB7BB552B4AE918ABA4058CC072A2320A7297D4FBED7
ClipboardServer.dll,7F57925772A138D26D72AB51D8516EDADD7ABABF6207162F69902C86B3B91546
Clipc.dll,62A72ABDBB3F83B7137425EABF144D946A1E62AD9CE247CE5F84807261AEB148
ClipDLS.exe,7AE0030ADB3420ED3872FC212C0C4001E6102A8E08924BAFDFAC7546082F0BC4
ClipMigPlugin.dll,1127220B17883C652E7E0F3F0EB522ECBF1009277CF0CF070F3306A040081247
ClipRenew.exe,554C1D741DD0A77140E1A9D4DC8E0A121F7BA6529B08E3B512AA1D65357F9EBC
ClipSVC.dll,3D5EF24FCEC68308964ACD5932EA5069AF49F99FD5C0236BEA3A87B872653403
ClipUp.exe,76CBFCC7AFFCA93BA768B19A058C5459208EBF67A30AE9A81CB83401A52299A3
clipwinrt.dll,A292B562A2816DE95CF59F392898A138D939B0FA0FE3901D462DA4B3A3461234
ClockFlyoutExperience.dll,BCF1609133E56E78FF40148E70CAE5D5FFA39C3655D347598C91E02C29A272CD
cloudAP.dll,94D6BD201E64689E35EDF9350FA4F5EFD76853F9212C626B4012249AB1E2156C
CloudDomainJoinAUG.dll,E2AD0F744C30DA2A323A341AED37096C00CE815A687CDF7CB767EE11F419D4F7
CloudDomainJoinDataModelServer.dll,F537266B913AFABF2C9C32DE4AFFBCEF351EC675E7B47A80110805812B986AC5
CloudExperienceHost.dll,7DEBCE7CDD621267266DDCE0079D27FC7C5DC9E3E00B791DF62CE36E89746254
CloudExperienceHostBroker.dll,9656A060413DCBF580710A04D68D425CFADB5F5A926312EEC9905ED7A225248E
CloudExperienceHostBroker.exe,C09A976E22BE8847E57A277EA54EF596B7F6F315E4E7297CA8F831079D4D904F
CloudExperienceHostCommon.dll,8D0219D88F70660C8D508845845A73FB3D16F0D20A0E4C81D4FFD6A17A423998
CloudExperienceHostUser.dll,27E38928588E5153BECF77DABE6A5E5DF8377AB814EF9127F68155ED176E1181
cloudidsvc.dll,4B09C6966FD01961EE3A19EED561E5C554FAFCA317473A87AF2FED2234742217
CloudNotifications.exe,529392E4C55DC4C82AD9245B30F8AD8FA10564313462674D401E5AD9A142EEB5
clr.dll,B0596991D7DB7F81232F47FC88FFED0AEFCB0B153F39B9BDFA7A54855629C9EE
clrcompression.dll,94D9750DCC5C83F6029AC31F28AE3AEA0FFCDF435EFE4EABA13FD87AB422E61B
clretwrc.dll,089F422558E091CB9C1B94F0FE48385ADD2D1C2A0E7082C9CDF8DE46E570715F
clrhost.dll,AF2DF32C528D59C999958D8A4020C24C48E363ED175C0F66C684ECC746608508
clrjit.dll,803DCABB17F9C3C00BA909660CA5BA97F0596C89C9148F076278C4BDD99F3B1E
clusapi.dll,6915A7807EE3FCE8BE38BA2B81CDCC80FC10B8024FA066E0E921FFD3201BD1DB
cmcfg32.dll,9B0D3D16BBA88622E1A32CA6E94060AE9565690177FAD685BD86D7EE5995E365
cmclient.dll,827E0E8A32B28D5F34C1E17E99D1E9A6D5801E111947673916D4E36507ACD5E7
cmd.exe,4D89FC34D5F0F9BABD022271C585A9477BF41E834E46B991DEAA0530FDB25E22
cmdext.dll,FA58576A17B8F7B0E0BC9AA9427D9BF71427B8D91CFA3809221D7D9591A7BE92
cmdiag.exe,95ABF1B8E0840323D39243FEC370B40CAC6220AF6C6BF194549DC6FBAD2E1C09
cmdial32.dll,49AA9E9B8F062F085B91375F9561E2AE2709826522479832D7498BC0F836F636
cmdkey.exe,DA8059F55EC94DFCB0E75FA43FA6BBC794070E50DEFC00216FC42710CFA58825
cmdl32.exe,85B76DE4B1E44D375DF9D8D668B4BC4B91565A9BC652654C789A5EAD6D5E1AEC
cmgrcspps.dll,989963C51DAF816E61D91BF0DC5BC6B977EDB830C69547EBB8A4D94921885C21
cmi2migxml.dll,B17E8618BD4AB69A6EF253D6116248F5CEAB64ED02363F5343089C6109B4B820
cmiadapter.dll,F8F3AD1F46AB0F7F1979FA43EDC7FD6C78CB92716078C5F1600BDDFD7AF29374
cmiaisupport.dll,D7D25DFFC8F37E84B82DE22ADB6F1EE750DF17720019BA1A53EE68D2082806C7
cmifw.dll,F6EF3287F756B4F877EBC8776B002B47D002559F3933F56D9BCDB03BAAD35773
cmimageworker.exe,DCF35041C7E5BB7AFF9F7A9052590A3EA0EB63E48E7A59C27A34E2C49D31D183
cmintegrator.dll,21760EF71DD5589203294AF5B36B8F710375D7045C20C2C31A0951FFAC23D0C5
cmisetup.dll,4D28FB6AD684A16062966D2BA51E705EBD0F0E83AACA98771C553000ECF0EB83
cmiv2.dll,BFA76202533EC0F2DAEF358AC61242288FE9034C895DC36F68DCD33BFFFE893A
cmlua.dll,84D354B08008323DADCE6A62746DB4D08ED09670A2A69636E452EEB87C0C8289
cmmigr.dll,7BE410C550D9023EC9F3E4C7F42B7E7FEC4DE97AF2015F15916E0A829991BEAC
cmmon32.exe,0032CD8F78472C45C2030441CB3446BAD5A632BB149DA0AC76F3B6FC2647BA33
cmpbk32.dll,A710718720D40B8116E44D78E1B9C8A2F078D27A0BD941E8AA34863E5EE409F7
cmproxyd.exe,382B533BC7D517C4B1D947144A279A5E09AFFA75057B9DD8AA3E3AE914607E26
CmService.dll,ADE55DD4B9C2F84B5CB3B7357A86736E0DCBBB4869D3FABC6D6A770BEA4E3476
cmstp.exe,2EB8278210434CED87711889BA19582B7A104190310D2A06F0855A9CF5772D11
cmstplua.dll,E4391961F6DCC51FFDCE417FBC710EA676359DE024749486BBE238557FE812B3
cmutil.dll,E16093F0D634A36C04A5BCEBB4FAF8EF4703C4059F58E51F4177ADEBC7DD1584
cngcredui.dll,AA12C068B53DD81E552453500AA9E4DFBED8C1BE7F87934B3FBD49373FBABEBA
cngkeyhelper.dll,CB7C0CD4257D29254004713E18B3E36958788A793F8570724AD40E2B8EB14C76
cngprovider.dll,8C331DDBF68902F81FD7B6C0554824A31FB8E60F040881CFE5C696A203E706A5
CntrtextMig.dll,4D8F8C711CDAF7ABC83EA318FA6549406A064A516530857342A101A276E3FB27
cnvfat.dll,A21D4619CE634A477CEE52CBF6425EFED1D836DB4E9CAE6ED602506EE42D8F82
coadmin.dll,FCB62B00B5292CF7509FEA818F4A540AE23D8F8F1656DED30A0DF8C06B46EA25
cofire.exe,BB4B7C9197803404DB85684A5DB5528A87E1E0A9D1D6906A608F7FD6DD1659A8
cofiredm.dll,535C2C480084846895412581A89A59AB57C0E615F47D20023C702647CC4A83B4
colbact.dll,A6E3C80000BA69B735767E202A8BEA3287AB4745DB37C63C33C9661A8F106443
coloradapterclient.dll,6B80F24614AD7B504CBF6B6AE793468EB69B02B8A297E7B295F8806C97371F0A
COLORCNV.DLL,03285841C2E9B0A05487DB331EEE25FE3A0C71F305E610D907B5493D82093320
colorcpl.exe,2E5E0B8FE1C6A6314145E404C46ACC4FF227AD63D0F2765D5458D0C4CB80C110
colorui.dll,1068E40851B243A420CB203993A020D0BA198E1EC6C4D95F0953F81E13046973
comadmin.dll,CBC04E85039335AA4C1AF9D94890840B3A12DBE8D801B048E65459BD143EF2AF
combase.dll,0DBE4AEE72991E82E7CAC970627F0EE39E3071897EEE9FBF5662D8DBD0BA6725
comcat.dll,116A50CC0F4255DBB83455DF87B79E0FB9A2CBBEEF296DF0E792EB718AF5BB44
comctl32.dll,95B59116EC6BED596A27991CA44E4DD2CE02B0B0436187956A093D502F8C3790
comdlg32.dll,ACC1B4AA8F985A3DEC9C260488888C00E6E6D4088180B9D94C1A3793940A830F
coml2.dll,42E46F4CDD3D8C596CA19FACFCD0591C29713091C65EA3BD731796B891DCCA20
commig.dll,DE179E07D040016353E0A08CB1B0B6DBE501ACF6FAD467EE59C81BCA39EEF3ED
comp.exe,758A3A677F150ECB7B123848A5F227A1B436D13B61191377E74A456535708908
compact.exe,E8DDA2E35381B17E9619EA49305B53E8321F56947D19E981012D300428E3B0B1
compatjit.dll,76EA16523CD25FCFF24C8A822E2BF2040BF2D95B8E9BEA91F4293076B8CA369B
CompatTelRunner.exe,C52B831C4471E30EF6BD816DB7B62FEFEB3FA4EF0CE2CF46D70E527F624ABE2D
compdyn.dll,6E37F1F7A9E0D7563DAEDB2ACB4098E50B87673709720BF87C0C5864F2B77B75
CompMgmtLauncher.exe,764AD199D40BFD87C0906470A816422ECDAA7CAFF7DF97592922B068FA9C5F40
compobj.dll,126A00E34A6516C0D382A221071AB4084031C2A89CCB6144CAB960CE1F86EE2C
componentMgr.dll,0B2DDDC78BD59D91E9277DD5E42CC13C514BAC27114B3CD3A0599BA0D83327D4
ComposableShellProxyStub.dll,A7A37601EB6630C78BEF10F54E3C602EEF7213F93B3CDD74D1675F0440742E91
ComposerFramework.dll,A1C309086A5A86B76F1BE91D8053BD5E433A9580D62D48A8226A1A06B079B290
CompPkgSrv.exe,34D5F40785A62BB26B49976212CCE6673BF0CCA04F50038626C704236F497E13
CompPkgSup.dll,8F5F91D4A763EB42BF71ECC40772737048EAFFA8FF7F5AC90D91DECEB27D4BA6
compstat.dll,C9A47C1EBC38448760F3E2B7D7E1E0B95638CDF6D271D21766C35E363E7E27E1
compstui.dll,A780D59A2C3A20EEF3003C7FC433D7F001AC8AA920192F7955F8BD414371C00F
computecore.dll,C2107357EDD94C87361EB2272F6FF0AE8FD07AF201F24FC5F841AD517F95F6E3
computelibeventlog.dll,495097C6398A41AADD8116F40EAAC43FB43275D0A045CF4432696ABD6BD0CECE
computenetwork.dll,B190C98788D76BA5BE27FFB6ACB25249B489710F1F1D21513C78501CDFA7DB75
ComputerDefaults.exe,4C70FEA1C4F9B78955EB840C11C6C81F1D860485E090526A8E8176D98B1BE3D6
computestorage.dll,B715E17E768D1B1111924B43DC8E73C46C5142F0DEBE5E64EE83D96F98DB9F9A
comreg.exe,C9C862FB9D3D858D645AC157A79464588A3939A16997331E663B93F2C08BEB08
comrepl.dll,3C3EEF2E3E92B447606FEE15250C8A20F701B2AC7B993BC1CA06CC3CA13E16AE
comrepl.exe,289B423E248CCBDF95184C549F8F16CEF29706FE9532EE167393FF171A262120
comres.dll,C39C220730B7D7E2631066B74A0C93481CDC2C9507B0D06E5259520F7524970A
comsetup.dll,246460AC56518B5F6E567396DEC590103EF4AE60D6F94DACC09E3C0036FD3D6F
comsnap.dll,95EF26688A1BF08C05CB5B4F86E5024C61A5830916D036CCE735B5694C2D0CBB
ComSvcConfig.exe,2C025622EE26132D250A218635D82E544EA9615B7EB3139AC9BC0709E6E520DF
comsvcs.dll,2DEF6285B3EC89EBA9F21534E91C64467DA98961C23F84A2766369B1EE525F95
comuid.dll,1F4A252E91C249DF1E6EA2165593DC4E4D441D7803A3EDC1F8391629B20A507A
concrt140.dll,F3AD4EDF8254CD3748A8482E7D6A64FFCBDA336E20F92E404E07F0AA93919BB7
concrt140_app.dll,11158FB5B0E3482602F2DA09052CE94C841C82AA6AF8B504743900F8A6E7E1EF
configmanager2.dll,F16EF99F9891535D0E790B0D616299EE9754233DB572DDFE0376DB95A3E243BC
ConfigSecurityPolicy.exe,65FA5DB3C388AAC18E01075A805DAD89B02A4C69297009E9E4BC81D6F66198D0
ConfigureExpandedStorage.dll,F2FEF227CEEAE12236F44801AF90C1153D1F98042F9D5CE738B2F813DEA5948F
ConfigureIEOptionalComponentsAI.dll,33398286EF1E64EBA6D2C801C04836A7BC7327CD38B9DD2DC74FCD4632CEC4DA
conhost.exe,A26A1FFB81A61281FFA55CB7778CC3FB0FF981704DE49F75F51F18B283FBA7A2
ConhostV1.dll,3F25FEBF866FD76724F051CFC4BC79B8D3EAEB045FFDB4A9CC6E00BCD659302A
connect.dll,F3BEFC1410DD9DC9DDCDFD802D1C46A712292E6CFDB1C1C332E11CE6E99FFB10
ConnectedAccountState.dll,A1C006E048C2017001723F7B8A873B6A5D6B7D94FAC9DE4172A4A3EC36B0363B
consent.exe,7FF00DE6D57E83E0A3D566935C7557F11F9B12270529582987FF14EE65502EA6
ConsentExperienceCommon.dll,CCA81B17AF85B9A4B27E7087AE1106F984EC9C4D464619D21B68A9F9583DA75A
ConsentUX.dll,CE2837F057A1C5991982B9336CF9F245E7789FB1325965117D0DC74C14C07D82
ConsentUxClient.dll,CAAC41134F6E01815888707D2FB76703B7A869912832D2173726B17511C3B17F
console.dll,AAE739E569DBBB6ED832B72043767CAC22B7953257CB8D7AFCC0834ADA4A97AE
ConsoleLogon.dll,7FC347F136EE0C4FF5F4737E75E141D25941C003B6B939096F53AB6C3A041043
ConstraintIndex.Search.dll,762C5D514E31113166063F553075EE751BAC9005A8BFEB34B2F586B9E921C509
ContactActivation.dll,10D3EBD12A09100755254808AAB8231B5FDE80A3C488567B1154C12A1715C534
ContactApis.dll,94B81E2753758D744268ED7E7471DBFAA1AD475F2D4BC13006D055A530A4CA0E
ContactHarvesterDS.dll,682400933292AF8D0AEA45B8500BD5D1D6CFE95EC29CD58C9A8C8E82421E48B9
container.dll,E2F8C6026943FFE35E804A9216934324B9223ED1C2517239B5B7B4E7D5EF2C2A
containerdevicemanagement.dll,99E79E2A712168550AAF0FEE10CB2C2BCB7CB0FB7A1D9BD26D1FFF76B0364D62
ContentDeliveryManager.Background.dll,4D445431A534E22D9DAA7E833AF78A941AE92A95F8482F2550D029798CD737AD
ContentDeliveryManager.Utilities.dll,2998350A61562C3879CA33ECFB71A85DDA966A1378AA2555BD0532215B802221
ContentManagementSDK.dll,D214653F8770BDB3656A3B57052001CFF4A1101009E54C16F3BD10F8142FCC23
control.exe,9799C9BF478BDE688A8DD2096290D03AF2BA059D718C2E5E36E500A005902BDC
convert.exe,2598BE0686DD5BF41F3270483A210A33DFD190A902021ADF2407BED8A9C5C84D
convertvhd.exe,A2310117ECC7BC9A94BA83D3AE638AB2A0A582655FC7CE855684DFAD1CFE1384
cookie_exporter.exe,B55C25FD33DA3999C2723D2A483CE4D1701119AF5BBC3A58BE6AEFBAA8B32CAE
CopilotUpdate.exe,1A2AE2C773FCD9F2538D798E1E8261887D590670D371F6E049C7314CDD7753FF
copilot_setup.exe,969EDCDDD0C7D090A0667358EE51853771FE0282027917BE934F41AA3BD2C298
coreaudiopolicymanagerext.dll,6FCEA7D8AD90CAC35B4F37F2E2D0A73955F3CFE0F3CCFB5E09C58F46C35EA066
coredpus.dll,64FED9F934220C9F5D366E5BD8EC6B2FC3003CEDB3B3CD1132D5DE4E00AD18C8
coredpussvr.exe,7312BA6354A16F1547E5E56FD2880E21D6612D61A901EC1E5FEBF8004AAC083E
coreglobconfig.dll,B17E7E37A9AEAFD935927B76D34D99B0966D87C744062632E79FEDB3254642EC
CoreMas.dll,8422EFF1D635863C63D29CBA9C81F2BA14206D39BE40D580BF535DB136757485
CoreMessaging.dll,94B9847EB28A0A950A8731ECBEFCBF0B444304D94045394A2ED80C5C1221665C
CoreMmRes.dll,BC0244D5CD538ED68ED1D90796CFD1829436767105DC9E098AA715471ABF3080
CoreShell.dll,7A332F164C6DDBD4FEDEFC1886B1D3C68DE2A886C6FA8FC1F2C2550E114491BE
CoreShellAPI.dll,3EE1B1E39A33F5D68EBA1BB607774F155C6A1E49E57B39C2CF45DD5B7D7D7F68
CoreShellExtFramework.dll,7F500D2D4E8DF2D6BF35313BD258AA084E523F04ABC0BDC7E844385C4ECB07EC
CoreUIComponents.dll,D680469F34DDFD74C33F68DCE6A176D13E8AB57FBC51ED1E59CEA6105930008F
CORPerfMonExt.dll,1F48042AA68085D10D9800D24E1F96BE259C563589C358A5216A023F966AB4D0
correngine.dll,2E0FD2EDDF60B6E1ED705ADE52318B7D34D45457B66ECFF068A31E6D883F97E5
CourtesyEngine.dll,3D753F971A2B80CB864C83A481BD95BC067DCCACF2C3CA7371BF5A5A7C1A8107
CPFilters.dll,F644D8F427EE8819D603F8EC6B181B0AEDA03257C4A9CE799867AF9614736D80
CredDialogBroker.dll,092F8AC2D04142D4F4860150BBB63FFEC6A50ABDCCA3DBC3F54A9505EBB00895
CredDialogHost.exe,8878137D2032570D06204D28A201EC3D3F0B231A01764D3CE62CB443A7CA48DE
CredentialEnrollmentManager.exe,2063A8145D63798B948ECF755D2592B4751D8386B2B47B3D13D42B5D95557DCF
CredentialEnrollmentManagerForUser.dll,7519619290A3FB41E86107FCCEB7D5B50292A9664BD2B33A157E9793BE8C3038
CredentialUIBroker.exe,9D192335D345F103BE4CF073C8A70F3C9CFC808F5E4C82B1A185A21405EEDE2B
CredProv2faHelper.dll,0F4208A8750BB4BE77C54EC1DAE3C4FE6CBDDE554AA7E414FF7A1ECA786562E7
CredProvDataModel.dll,0BAEC27349B4D273A21D8600F6D3E5F2D32B81683E70DF16828973E0978A0146
CredProvHelper.dll,24C286A9FF4827EA9342F2A35F2717A6E400060FCC37BA7A9EACB0AB570DB170
credprovhost.dll,F4552185EFDC2AAADED77D3A43D0F93E269B14894842903CABADF5EEFD756D40
credprovs.dll,B144D5D30C7DF937AF325337940012DB5287F5F6B17EA1A43B4332C1C04BA142
credprovslegacy.dll,194AAAB5718E6D2731FCA3C6B7FB4954D8455C56D89700920913F7AB99A3F5CF
credssp.dll,BE02E68D9001599BE737E7BE9DA26CE74F8E9ED23C3D9EEA82B7C68E01774961
credui.dll,C0F840541B90A843D3691DA5C8C2F85402EA01704C1940CB991680996C0A4923
credwiz.exe,2156279EAC34CC622F755766DE61090290FF8B0960EBB46B03038AE321B3566D
crtdll.dll,F6F4951F98185BA8DDCDAA43F13B8106B9B667BB7F5EE027DC51B4BCA4556ADC
crypt32.dll,6EB5211E078D8A982F42CA76CB528FCEEDDB367484E7A5CC3EB5B05BDC25FE00
cryptbase.dll,6464346BC05B9A43FCE7B3E8BFD5DC5213275E639A1D2D078108D8D64FF7B746
cryptcatsvc.dll,DB5729728B19B4AB7D9581D7AA6A13B33C20532762D9CD44C7338CB1B9432F3D
cryptdlg.dll,BA3786CF09C00CA427859093D8D86EFE19B1B64F957C066834EFD8966C9DBEB2
cryptdll.dll,4CDFF11C10753DF3FD30C335EB267DAA3BCE97BD2910C39C7F9ED7E69A6AB1E7
cryptext.dll,A65EE4474126531D356C56E6EE30B03ABF9C77F4ADD52384953800C29C58E5EC
cryptnet.dll,CD70236C71810649F87CE75CF3EE1EB280F6817EA7BFC59F92464BF9B9D9BE8F
cryptngc.dll,FC7CEDD169F75498612A52A939A96848A0BD675FDCB496AE21915BF55039E816
CryptoWinRT.dll,0E69A647402A2F89C68C5BD6D1934D83B682E497F0715334209F8235374E2E7E
cryptsp.dll,BB80A6FB355CF176C3253F3662DC7D0B2FBC3B4F842A53109A777973194B5CDB
cryptsvc.dll,5171ED876E0EC5CAE2BE9161ACC90F4865FF6416EFA376C82D8A5B65724A8910
crypttpmeksvc.dll,27D5CB45C770EA8CD37B41D5DF7C72B395436FE4F775E0FA7A101A717038AD89
cryptui.dll,32F7CFDA2B2FA5E0277F2D82EA29AA7FD852EDAA0D2A0BF96EA20FEE846FF04A
cryptuiwizard.dll,E7C2BCD13D3EF10F14C75243720ABD20FA754201927619AA1ED7A0DE38833C35
cryptxml.dll,D99E17124669DC5B1CCAA381CBE298B02072E8905B89CCD81B0F7FF1AF864442
csamsp.dll,5834E5AE318D4754A73F576BECCFAC96CDC185E52D0008868E7842D3F32140E6
csc.exe,F9760A84FE37D87786A37DA3331AAFC24312A3A7EA983863F1A1E056CAFFB662
cscapi.dll,3702E6FEB679FBDE5BE9108144BB20FE91997063B46BDFD394AEE5886BC0CBE9
cscdll.dll,F028454A2AA0EAE56D471A597D254990AED5B53A55056997394BEE7BE60048AB
CscMig.dll,B5D38B4B33A648358B2D831A4D2747543465687F65182F27D3997946A41411CC
cscobj.dll,4C60654A45D968B947BE674DB6295E15E6C4D5CACC25CAB446C490AE4EB8BF4F
cscript.exe,B6C61C065F8BCA4A5B8F560C12379859BDCAA0844245A3A31025614C086FF89A
cscsvc.dll,17B6B4C437DC0268E156DA39A0BACA1A4E35EA3B8511C01C146A431681797649
cscui.dll,0AAC0DC0367DDAB68C9E28D0BB60A1CB25378C6A72233524F830BA73B99E6666
csiagent.dll,896E27E2DAF21496BB99D5F08102C9E119CF8F5DC57250EEFAEDF55F506C3914
CspCellularSettings.dll,0E64F36FF7ED2089EB1E8CA39F2FC8825FC3AB6C27C4B5FB7D81B3A3C1677989
csplte.dll,FC485A613E28C37A787664D175843A7FD6A0B340245DEF8D5063BC13BDD7526D
CspProxy.dll,32E9AB5828F6988D7393A4C6EF066AB7D3316096FB7D548078DD47731E1828F9
csrsrv.dll,31C66DD46DA26C32D1457471E444E17AE05E222A2E39E895493BBA983E1324DC
csrss.exe,6F1C9B4C187669BC0371260D121CAF48D65F829A9104C483BEFBD8FC0BED24F5
csvde.exe,C22446ECFF7EF366F0B11F65A0B3CDF735B2E1D4895F91636291D576B01E0170
CSystemEventsBrokerClient.dll,3BE91B56C18BA9C67B7DC0B567C870D12F7568E699B78575B9F193855CD74CBB
ctfmon.exe,33AD4738B6342C9CC2DA01402B26A4424C0ADFDDDE9936D8926A86BF8D80D44F
ctl3d32.dll,94EF91B4C7864BD1ECC0DB099E58298708BC5D22DA40132EBB1C17FEB4675964
cttune.exe,07985748945405D62508F31F933A671B24CAA2D38DA08E12DBB7F6060C26446B
cttunesvr.exe,5E62C9E73D27A6B45D7DC43990F2C5CE23B7FE94A6E24FAB78C411AC71CD7D43
Culture.dll,A85953D734C2B274A02FF1095640E77E4B7461306DDEA838A97788F9E85AC2F6
curl.exe,E6F66D659242AA7D6DD3C1967714C6CD3E0B11AAA235E7F7A150A3316DAE8E61
custerr.dll,22161D8F581D0496843765B981551F958D6B0C4AFEF0FCAA668979CDFA7B5515
CustomInstallExec.exe,B55DC081A14215AD5A8323C3B58243B8F372E6AD5D46C6F4CFFEE224C881779B
CustomMarshalers.dll,B4743D06858F571002C5DCE9E65676DA46E5B999994B6C72A1C08D913BAC74F9
CustomMarshalers.ni.dll,254EDA737F749ACB938A274F1919A893ECABBC5F92C0CF500298D1B461C98DDA
CustomShellHost.exe,6046CBDF633EB678418D68DF958234A256FA140785D92D7A662B5646E1587F32
cvtres.exe,D87971E7479DEEE3F54CDBE3522EE606C346991155B9A63B10C6789BB6D19192
CvtResUI.dll,20C313295E2B714DC7AE998D2BC7AD188BE42D5CAF08A904CC1791514DCE4CCB
cxcredprov.dll,64E50CB9B897772BB7216F9F3FCB2AE89E5707B08B8E1005597BDDDB245F434E
CXHProvisioningServer.dll,360471B26A7824A72F3655F50F1A455605F712E44D98CDC214C1B39710C2514B
C_G18030.DLL,7699E9E3CB7C6791E00475D3F4494B24CFA1D360B3C60E3FA43B4C4242BEA59F
c_GSM7.DLL,8C99ED4A9D181E1C9BBAF3290B8541DA1011E95AFC34771DCA71622DF4AC498A
C_IS2022.DLL,8555F2E22466F41F7D2C3E5055612B3385D76DE7F9F9299802C6043CBD89DEE5
C_ISCII.DLL,EF255BB9AEF61F26182274D7228AD1C863BD5DD8845E5D47D86BCFBB1D2BBBE9
d2d1.dll,1AF207FCA7088BDD64BDD00EADD1F6DF63F6610C1CE8F6DE2A8EBE2E0ED2A0FE
d3d10.dll,3FB2A9FB0A89735ADC717CA4256A4197AA679335BF6FBBF32730678F7EB06892
d3d10core.dll,C65A2E39867493CFF5690F4AEA7C4812286238FD8128AA23378F00DDAD8C948F
d3d10level9.dll,AE7B98C85F90DD1586A156481CBC4B741391C67BE79419B56016D5453407B9D5
d3d10warp.dll,1BB16E87D9D86F66BE5045506092147D1045EEC010CCF1DA0C6E37A80180102E
d3d10_1.dll,6D013BAC984AFD6AFFA05581B84D66DDA964F328319C0D91AB48D9BF2E8EA6A3
d3d10_1core.dll,B59C561873B66D7A07EA6E68CE783DB794CCAB5E694D544D8D2B0A71A65A3B46
d3d11.dll,481B5BD823ED95B5FDC09E23A1E014F5A4A0E21411CDD950279963076D840846
d3d11on12.dll,78DD2372A0D4F0EB3D0353BA3604746106C16B3CAF6A5A6CA5945AB8C15981C2
D3D12.dll,E99EAB3C75989B519F7F828373042701329ACBD8CEADF4F3FF390F346AC76193
D3D12Core.dll,3DF659F92CA83C90A27B3517D51A3B1AA2DE1FD1C867344C93CD5E9F6F6CB82E
d3d8.dll,0C66111CF2BF9F3E9C82D173D7BAF2FB233F14E9CE372E4C78A76B7C07CF376B
d3d8thk.dll,D29E0BB9264C9B3AC05282E20084F1EF1D608952355F168BB98B809C7E0C9EEC
d3d9.dll,1BDA3DF490E1B588C5336E377465407DC204CD133FD8CB2B89BDB9EF886DBE7A
d3d9on12.dll,D4F3E44D8E45ECCF4E9C956DC4F18DE5A8C71765925032403A59C2C4DCCB29F2
D3DCompiler_47.dll,5174568FC22BDC0DAA4774DCC13D739A1417D84FD147FD07C1DCAA388677EC06
d3dim.dll,ADBA7BD0997AFF8CE9D68522A3E08C804B8BCC4B2910D2DEB4C790F5DA02F764
d3dim700.dll,AA56BD0BE573EBCE06D295C0181EB439E652CCB594962AF5FB062F1E36AB6EB4
d3dramp.dll,8B3851B19525ACBE3BF539B6DCDEE097D057C1147BD3FDCE429969B016F2F93E
D3DSCache.dll,5A3A207263BEB4A2B949E2DF33F42DC90FB797613FFF9B56FB2D238A3900A36D
d3dxof.dll,ED4B421A10D24DC03B0372D11924B415ED0CDC8896490826344879D58DC0D11B
d4d78066-e6db-44b7-b5cd-2eb82dce620c_HyperV-ComputeLegacy.dll,2A034B434D29DE25C6782F4E459E5EF71A19737612646F238A6F158EAA6A2E3F
dab.dll,A1C7B806E20264DC99F50205E1DB95229E69C6DCF5928C9C4A66D8292AB9E1B3
dabapi.dll,3A066306108F3B50CFF227D4D165FB19AB0D777C92CEB068F6E927A25711F4EE
DAConn.dll,D635102CA05EA6560DDA65C6FA77882AB20BF458B041FDD730B23203884E0982
dafAspInfraProvider.dll,66BF08AD9291FD1227707AA113226DC3D7EC7F7B4A412077BE4EF16D540F86CE
dafBth.dll,18C26C6C4CC6EE5321EDB3B632E5E25F631E9169FD985F7BC2B045D4AE21892D
DafDnsSd.dll,E17D2A9DA24B9FF6708D9BBC62A8FE03260DEADB17921DEFCCDE345787E55D82
dafDockingProvider.dll,2CAEF86592C9FB8E425C86BC853204FE7DEC52CBBD6390792C83B7DEC12ECEA1
DAFESCL.dll,129634E275B3D4A0E78D782FB7AD650A214EBDCC56C2BCD8DE802C877D18B335
DafGip.dll,676C54F1679E5DA138342735BB33FB8D0A8EE472809155D313066DF421AE04C9
DAFIoT.dll,D156F973F1CB56B7EFA215536130B4A7B66F0962AC3BE0ED4F7A993528FDC76A
DAFIPP.dll,A0566ADBFD5B1F2042F2A0D5A2775B0FF96F0167981BE9649AFD6594E055AB74
DAFMCP.dll,DDF90EF71339DD9AC32F7D681A6B499A9A845833510B0BA3B69A35CE5CAB5AB5
dafmigplugin.dll,834959E961544368B678D2789D17D853DB6641D5A25C1C88D08BA90AEABE1AB2
dafpos.dll,13F48FC38090AD3468AFBA5C0D9C7E893E2B3FCD816284C8483CD48D096090A3
DafPrintProvider.dll,87B08CCDA3D33E6C393FE28B0D07D23EC5B0E24EA3BE9F025BDFF4A89579A09E
dafupnp.dll,762B55DFB866C12F692D9E0D45C88F834EAE0B4EAAC30467D28937EDEF5EDB89
dafWCN.dll,B93A3F3DC478B4D167F26BCDEB4E4984DA997665AC79B91BCA3F1DF4E36A7E5E
dafWfdProvider.dll,01C1AF1A95A1CC2F1DD4FE3CF98E04ADD971D636EC90A5A8EEBD4D6E4949F2CD
DAFWiProv.dll,80C4BAA1E63409923503B91EF319CE4D5FF6279EA6A16752E2813B23A2147C50
DAFWSD.dll,D85518D1E293882356DE969CD5E2A728C757DD464ABBA2ED55BCAE2956393362
DAMediaManager.dll,0CD11A706F81C5A77DC3109E33C4B3ED27B0FEF5E7137B45E0BC4054AAB5F0D7
DAMM.dll,81BF117272457AA6FF76B7EBC5C141F0F4B4F596C071E80A0287E6601FBC75F7
dao360.dll,4CC28A5BE8DC7425A4C4C1EF275CA392F18BE35D70232E777DCE6D9F3B4D79AC
DaOtpCredentialProvider.dll,25166F8ABF5A4F366D6127114A00CA67D6FA0CE5C80720B379E4454A12ECADAC
darkModeSync.dll,B70363B157501EFE2C9F4399369344C4B637CB3965D41FE591BE95575AF1F38E
das.dll,CD0833890D34EA425E68B169F915AD61FFDAF29B78D5FA439FD2E8D257DF77D0
dasHost.exe,BDBE0CAB8E69C015D4C75036336DA56C8A2D7D078B4626A1874DFE2CD8C0EC0A
dataclen.dll,E6E7CDF66C42693447B9342A8A024F2A772974B3258809DE8567CBFD626BE273
DataExchange.dll,86F5F648E22AD2B0E932DA29C8E67883F30F3D8D4A4AE2986F3B396E533730B3
DataExchangeHost.exe,55A8E3733AC2E88A2975E16A4E2968B7C81FB113E02F9D14AC9B0566D41E8D23
datamarketsvc.dll,0FF0AEF7BDB71E4DA4C8942041232D6FAFD91B0D14BEFB3F2613F052752B9E42
DataStoreCacheDumpTool.exe,4B79B1FDFDF9DE29528F198577F84E4ADF8822846A42EEF996CFF469314CAEF2
DataSvcUtil.exe,0C6DFC10DD9FCCD022DCFB968ED13A25E7353330F20F17CC12E0749517E30CED
DataUsageHandlers.dll,13959C0266C27524534E49807EA5D376611B263F65EBE301DBD7DA886FD0F013
DataUsageLiveTileTask.exe,055BBA417F360D9F2A0E97742E12BFF09989CDF4886722961A5AE578714ABDDF
datusage.dll,9981DA95FFFC6E70D024D3849C794839686761475DD3EC1ACB40C668FDD1F0B6
davclnt.dll,DC9C0CF8FF5F6B835D4D194D21AF9B5664D772CE1E2089D83CC233A051562A96
davhlpr.dll,2DEDFC4094C0F1F24E53D7C845F8036F6F882EEDE46E4EB6AD14B0B022136682
DavSyncProvider.dll,4346138CC6AFF9ED0A75BC1B4F9CF68612CF030D653CBC2BDC4866C60438ED6B
daxexec.dll,DC08D2E07E98F55174EBD28FBDE099EE1C115BD9638BF3D6A3F26A5555047E64
dbgcore.dll,9A32F6F6762E9EA9C692EA86283931BF836809AF67F2D1F658B102F66A996F0A
dbgeng.dll,0A81AD9B009D879B8C705FC7E4AF97E4C92879D1D9E8F8D6F1FD7B744E164B78
dbghelp.dll,0D2DE444C48C3696D968E4E8607E77A7AB8B50286189CDD0867C8E61C5CC1AC3
DbgModel.dll,4F814C5365A453EDB034DA8D26C79552A62451E73A4B329FA000C8D9AADB0622
dbnetlib.dll,70785764CDD4DE62210C080455C97091011742377BB25237BD68A0E28D28B3A6
dbnmpntw.dll,7B6951A146C05317590D6ADDDD49B8EE81D75F7526510E076AF5440CCA264865
dcbwmi.dll,7009D3E44797DC8FBAB66CFD1530D8A29913E5ED05E4EB6B9FC0A044F4030E9E
dccw.exe,CCA939FE6452C1C5582821986294B6A6A8AAF61E3F5B73C8407E6B520F27001C
dcdiag.exe,AD9EC1DEECC47C20FCDA648873F84CF174C00AE7251F66ACAB2BCE9BFDBEA733
dciman32.dll,72E7D7A8BB2ADB6223A8BC08E28B20A9F9C92495C8D754345CB789809CF42802
dcntel.dll,EFABE31899E234F1741800FAA15974919FE3F47B972BC5642D4D9781CF460867
dcomcnfg.exe,A5AF51728E1EB3E5D4F7FFA9DEB78E3D7986CB308761D5E5D1A130CD02362F55
dcomp.dll,A7F5EE9156CCA09B583EFAC3A81364A1D6183B9EF1FC8381A0604141441B19D9
dcsvc.dll,D80E347B83F72BC09AC649036897830DD72A842E260871701D512C1DD045AF59
DDACLSys.dll,E6BF727713558DDF11A536BA45CE22530C5C09E5D784471345657AA13FD1A0F9
DdcAntiTheftApi.dll,D4D86099B965C61F94E80946126B428CF6B4958ECC6B9921491C85EBD8C37F7C
DdcClaimsApi.dll,2CBDE10918CC5010A43976CFC311E9BDEAB0EAD623AC364421BB1F87947E52F0
DdcComImplementationsDesktop.dll,3E036AC4763D5A1B7C8A8F8EA55C32B6EC6872FC7ACEBAD996340E80BC15EC99
DDDS.dll,74F5F725A5332A6F81B81137D181F922FAC483164520E895405CD107CB4785D3
ddisplay.dll,303BCAA464576D1DC7440A928A8180D7F5701EE7BF0034492BE899CB3A7BB83A
ddodiag.exe,1A40075AE8330D3B2AB1C567B4FD183CFDDA20794015DAB8503A406B58DF9D44
DDOIProxy.dll,8F58D3AD528282F17126841CEB4EF708745AA16662732722E7BFFD040FEB4FC3
DDORes.dll,E9F74828D18819424D2BD0884B35BD3F034F59E47A87887D0C78F9C2D267C8B1
ddpchunk.dll,48852CC323A1ED8AD207DAE7C1826EFD659DC47547E06468F7CF67F44F4EF184
ddptrace.dll,586DE9B9D5C4DC46B6CF07F0BEA17CDFEDF6A5A4007141C5832D85C0D01859ED
ddputils.dll,80A724C7F2B49124609C3F7B81C01C9B0FE9A645B79B0EC665BF5A51DF82E120
ddp_ps.dll,5EFD772783B2AE9D3FD06933641FED6471AB09BC329EE08D3BFD9CBDCB43BB22
ddraw.dll,21F27B2D26BF8F6AE38F31EBC20572D39056C9A29BA157CF1128E71F0483EE38
ddrawex.dll,72817D726F8B01E5EF1656F80874AB0D9C21414E0D83DB1792BB5CA30381C479
declaredconfiguration.dll,CB65ADB4F0638449703ADF095D49EFB92F0050ABF62E38C74F912FA855338774
DefaultDeviceManager.dll,6A067AC3DC01D9FD4FF55B5520652775E9DF2886C5B431D2D30213B401B63E0C
DefaultPrinterProvider.dll,12D755E5A7A2DF62A13F3648438801E1B2C342FEB28C91BE7FCB5D2AC5DF2344
defdoc.dll,42F2874EA0180DC13198133A5D60CC676D186AADDD6344816C55983832271D2A
DefenderCSP.dll,E9E08A225FD2B0E405FCDF941AB801A392C730B21A960012AF5DA583731E2586
Defrag.exe,7A18DBBE6CA138389424A7B2C0135BA4A7541C33E0443227F3CF505B58B52A85
defragproxy.dll,4086BE252ABA3B2A21921694AD72FF08C8FA7C1380A4414CB4C2ED88558CA489
defragres.dll,C8FF930A635AA0DE84499DC2697B66CABA699590AB4A56C00ED56730B0764230
defragsvc.dll,99E3207E724D73C21CFE67E01AE28797948F40070376A26E9DEBB239075193AF
delegatorprovider.dll,C7D75016BA0A77BA02592982513149FE32047FACE7CF5FCD5946F2E400D59939
deploymentcsphelper.exe,90E6DBDB4EB72ED9BCB4DCDC53F9A3CE3108297F84CE346B9AF04790A641CCCE
deploymentcsps.dll,D3ECCE1709057D83119D2FC9295848DC096EBF682AEA0E9BDA49E31BD5397FDA
deployPkg.dll,320F2FC43340886870F5B7F45D25F0227B4DB564457C3E990D6F82DAB33DA56A
deployPkgPlugin.dll,ACC3C7C07A16E703E41330503A90C30EA33D79946F5EF764A1B0482EDB936062
deskadp.dll,8B484B8BC5F35DDFF15BE07E2641C1E1AD0B4F2D82EB0A214DB5CF206600709D
deskmon.dll,DD074A4A483D09B8520B48362E488A2D8EBF1AB612EA0A37468F7116EF38F34A
desktopEvents.dll,700857D374F05CB91B1065AF323191679EDA1BA287242C582DA5823D0A544FB1
desktopimgdownldr.exe,68EC8D58AA6C6C5B93768E9B95318C97A04403A05775EB0870A7E94E1C8AF8E2
DesktopShellAppStateContract.dll,69A8205FA5553F5D030B4911CA4334E849DC72DE9D44B5EC87C8F4011A53F867
DesktopShellExt.dll,3098BE45BD1CE2493414838141D1389D738704EB2FE9ABBA1AA922C54FF84BBB
DesktopSwitcherDataModel.dll,30E9B5C389F31B2E2D3646448F351DDEE5BBFFCAEDA68F0CC5CD9C7EA37D95FB
DesktopView.Internal.Broker.dll,7911D1C617EB14F321778AF9BDB729AEE288A9D29BA194E74152645B34F8BB80
DesktopView.Internal.Broker.ProxyStub.dll,E89B1E49FDC888D7A272F0E6E426DE1ADA4BB9F8C2669FBE2F513DF6E43F76EC
DevDispItemProvider.dll,EDD9DAFA32811759B77082864AE3FFD7590C30BFB1835BD9C79A999F5D62E48D
DeveloperOptionsSettingsHandlers.dll,A73A5F8DE6400DDA48039D52DBB25ECAC6E6BAEF178A5B06F89CA7D8043071DA
devenum.dll,E0B04CF36FFC77D147C2D3F20C14AA5FFA0E1060568D9C5C807AC2FC39F9618F
deviceaccess.dll,AC613E3C55BD4B3F250744EC896FCA267A343D10D332B16CBF19BE7D583A4FD6
deviceassociation.dll,04DD0085869B03C5165E9A744D950587649F6B8990EBCCB6BAC3BDFDED0276F6
DeviceCensus.exe,72F8FE48EC36570FF9A65CF472624EB64A9E480904E9B9FC0023A6BDB54FEF48
DeviceCenter.dll,4358D0F84A670776F08DF3C4F9F287FD37D81A3BB4CD4324006978416763F731
DeviceCredential.dll,F3A0985C822B07236764BB3BDD1D6B8DDD11910942970A1ED5AC52AD39C76ACC
DeviceCredentialDeployment.exe,84D481AE5EFEE8A53705C35FDA95EE49D5F4D3ABB8D7EDEA139EBE6EB82849C6
DeviceDirectoryClient.dll,D2C43438CB638DFE1F91C7E8F779F2B8501F2C99377EA16773D6FC1098E369AC
DeviceDisplayStatusManager.dll,ABC1FE798F444E634F35A8907FF49EA61135E997687A35A36AC03D424360E624
DeviceDriverRetrievalClient.dll,1B6B6C6D93F7BB6B463BCD35494E7DEFEAF2340CBACD1FE87A21823E7B8DE03B
DeviceEject.exe,14A69B5E05A8496EBCA246B356AB318A32DF3B563E4F375C6BBAE07E87B8DE51
DeviceElementSource.dll,0B0725068D51A78A4E92E36B2AC961F1E7D3122AD1E32AE6E096274F38B319BC
DeviceEnroller.exe,3EB15421375C23058C7F39CFFFFEF91996522802DEC65830EB3B37F1CE107603
DeviceFlows.DataModel.dll,11DF2EC0B69779E7EBC7FAEDB546C12251FDD9DB54E490B933BF9733C007AB4B
deviceHelper.dll,0C21F2AFD37EAD3A84FD3E0EA274B895C4822EC98BD4D3B720E41773DEFEF6ED
DeviceMetadataRetrievalClient.dll,3862197DDEDC482EC9951F91B638ED121A7C040CC87C1AA10063F235FC63F4A8
devicengccredprov.dll,45DF3710F8911EB3AD26FB4A04EF02CB0C5FFBBA65E5BA66234521B7E0DE0852
DevicePairing.dll,FD8A845B8A97F0144934268B61E482E019EC5E167711B0427F49364A5292C039
DevicePairingExperienceMEM.dll,273DDEBF2CB85435E0881318BFA36912F22B5753DF014E426873D0545BC5B23E
DevicePairingFolder.dll,9B2FF4160F4F0915EECC48C5E3AED6AA6C0C7552765D6B80CEFFA54232A07883
DevicePairingProxy.dll,104CB4414B4B864026E5514DEB21F59DC2361D60D3FC028BE25FC4620C1DE96E
DevicePairingWizard.exe,E681BAF7AFF55B0D22C8AC7034100B532F45F760847A969658159043F930AE78
DeviceProperties.exe,15522B3B263D5F4A88A61162033DAD8286D601985FD13EDF04FE8E7F5E54AC14
DeviceReactivation.dll,C5805CAD9E05C7CDD4BB4240CF522A2A3CFF2C44795D96F4AA4337813CB7A9E5
deviceregistration.dll,3F1040622B816184C8888C3C8D6B3D256CB2C0DA61A7E0C21474336BE733C798
DeviceSetupManager.dll,3C0FE5F039318C57C06FE733FAC00C2753B25905833DC4D76304757EBA5155A5
DeviceSetupManagerAPI.dll,7E19C298851175C0D0187682B68DBE18292D7F061F758E00BD86F27020AE297A
DeviceSetupStatusProvider.dll,057B022ED4E54DFA4D38ED398FEF9B5CEB69F1F72092DD62C77AF91BED5E76E3
DevicesFlowBroker.dll,DCDED1C0A9FE2B7ACA99BA1C9B25DF8FEFFB70E86A14F378755A18D835245EC1
DevicesFlowUI.dll,ACA78DAFB59401CF62C3D2713BB6EBF269449C7B8B8BC44111DA09B73FC489D6
DeviceSoftwareInstallationClient.dll,CB1DA4BF71C130BCB9748F4870741745693F9ECBE4F70F713B428B0F5CB3281D
DeviceUpdateAgent.dll,6F3C2876144A6EC666DB5FF50D8DB815E5B3C4393125E769E600B86D523AFD12
DeviceUpdateCenterCsp.dll,A8EBCB1C389B43C69B006F5F9527F44929DD720782087ECD1FA864A39D7006F3
DeviceUxRes.dll,A2C518251DCE6B5BE9C194B484CFE7C52BBFFEB794BC42701E996DA5C0A94A21
devinv.dll,9F161D0856BCB1D5CFFAD19A9C0E9734A2C04DF73F163AF4A189B168DB64D30D
devmgr.dll,C3FBFB577C5BDB1242FFCA0F1F7A2992C6051C15BC7DE5AF2BFE9C4C21194C9A
devobj.dll,2684349236399318BCF51E5432B053D51DDF4A254EEC083763D70D50E82E93DD
DevPropMgr.dll,B75BC48D1FB966FAEB9072A28AA47495C923D4135E6BC932780EDA48517EF0CB
DevQueryBroker.dll,EABF953864C0AE4FB6426C0B7E92DD81EE4A8852081F9D2EA02B61D4C8DB6188
devrtl.dll,2F38D78A0B2EFE66C25227911228105EE84BF0BAAF12F7EE072801D8B8CDF891
dfdll.dll,D069C28FA38FE8095219A6BEA60C3F8A3A403EE8F4ED8935DD6AEFC523C4D19F
dfdts.dll,AAF48536FF3F62D533FD60BEB025C39ED54BD2ECDB5083310450A15FE1CBD268
DFDWiz.exe,548A3C7EC9AD1BB63F6CC21F4AE2A3B2317EFAD5B02031F542A18E3132022972
dfrgui.exe,DCC533E4C91CCFEAE676B1EB4CB50902433D440028581F05C3B77831BC646C7C
dfscli.dll,D4DD5A598D873C7AC9524FEE0F4C411D4950BDB19603109BCEA7D3AEB09D3E4F
dfshim.dll,785CD48D1B1046A69224913E17F229ED7B32E4608752C60DDB8CC77D38509F29
DfsShlEx.dll,25CCD2652083A91BC78006E0A1ADD971AF55805C775DE8B5D38C806F1E81F2A7
dfsvc.exe,6E6CB0729CB902420739148AE23BF1C7959BC8EA2BF6B6277C5C0DE45AA77DF6
dggpext.dll,E27F7F630578DFDC03A7F8185B873F3DF11E9FA9C937719B2D6C4D09F71DDEEC
dhcpcmonitor.dll,4ABAA7A8FF594E8A15A5FE21FC46CEF3CBF29F91C4AB492BDF6DC4133888C838
dhcpcore.dll,0B5A85B470D0807629DF5CD7403ECB5E496ABD0EF8492C537F96CFC348C5364E
dhcpcore6.dll,FF69D53CE9ED47F8A7AF623CED6030EAD58258E24DB87FAF1CAE36ED6D82C132
dhcpcsvc.dll,AC602A54DAC3CA67D7FD5219F8BA89446542D8A258749700120FCEC2B6738AE5
dhcpcsvc6.dll,1B601F68B626F373734F089B71F147A871AD77FC37D52626C54B981D44A16087
dhcpsapi.dll,85FD3B71A3BC1C6E6C8B9701C5876F8AFEA525F4AB7B2B09E15B70CDE09B9E9F
DHolographicDisplay.dll,0FC619C16FB997756D2C76E2EF18CBBDC3DF724BE20DE81F3C7DCE59AF2C419A
DiagCpl.dll,532AF83BF97564E33A0709906AC78989E3C13962D33A6A5946B863FF2CA2921C
diagER.dll,80699B560E3CA9C593F7D8A932B160F120D3EAC6187F08C19B1712898E4247F5
diagnostic.dll,7704863C211C8514DE0F313C673740F1EA3CA78E68C44CD1ABE07EF4EF333364
diagnosticdataquery.dll,050AFA84E2CD1C2BCE741F64F5AC68573BD6656AE509A440A784DBF1F44BF303
DiagnosticInvoker.dll,BC6334B79B73C47C1F40D45C9BB61C35F60DA22D67C507E423AEFC3276755408
DiagnosticLogCSP.dll,5747216DCE5EB9DB2FDD57406837D77E43719A6FB537512CDC66FD794BAE348F
DiagnosticsHub.DataWarehouse.dll,D9FCA4E9A7B4327B2171F3C0B6538A9E631E1182D173CD96258B3683F15E4C2F
DiagnosticsHub.Packaging.dll,991875174F32DF007A2DA566BBA680A4442EB63ACCD7677A617C8A90E0B47295
DiagnosticsHub.ScriptedSandboxPlugin.dll,4C13812819B707AA34676F2658735F867C8BF1F8C3281B11ABD93442E5AE64EF
DiagnosticsHub.StandardCollector.Proxy.dll,95AEAD9B90AB0B81005ACC811BB4AA63C0ADDCA57F286CB127232C4E56AA40C4
DiagnosticsHub.StandardCollector.Runtime.dll,E2A5E7DE134672766D100DD975E8EF17646D0224E5676DA5B786E6498BA361EA
DiagnosticsHub.StandardCollector.Service.exe,BF3B5723E80356CAF6777462705398DA52981FC7D80C467AA3BE6A5F06B36887
DiagnosticsHub.StandardCollector.ServiceRes.dll,1780AEB8B5E6F879D6BE51F67F4800D78A2501F56005C7B9DE047CDAAD3D08EB
DiagnosticsHub_is.dll,286124B32E3F588AE5D4B23A4F92CDACD09A2125B2396A2D7B4DA01FF9242D74
DiagnosticsTap.dll,05CC66D71C3730934BDF325FACCF791F1F2580EE30249F3C30E0ED00369051EA
DiagPackage.dll,9454EC899FF78FF14C4C5137BA23D99DFABA079C629AFD790640D0F07724201C
diagperf.dll,B2ACA97EF7443E9516A8E0603B2912FB48D0F95A01920D475CDEF2DDEC97C716
DiagSvc.dll,1183CBD9B86F4F9999D64E83DA0CBA6B07407B37A91707B8F69AACA5CC6CE574
diagtrack.dll,B02D581CC11B858A68DEDB7EC2B9A79D3DEB42600F0CD6ADCD8B6245DA55F2BA
dialclient.dll,097F2DC9E08F797F5910B224C76F4B14FB426844636583CF7D2F1892B4EB6243
dialer.exe,179584E64148751549E5F25A127293FD6E0AC7C2CEAED78E53669397A005BAE7
DialogBlockerProc.dll,952F5FA35C09F79E94A8AEAB8D964FD942517439FA65C4F53DC5889D81F86CA0
DialogBlockingManager.dll,68996984F9E6972F6286C4358ABE216C0E8049E1E046ECCB8BF9A1DEA67BFC05
DialogBlockingService.dll,CCC70052162C1636B39802B67C6BA718A94A1982B6DAA6D019E5B223538461CE
dialserver.dll,88CB04A3F6ED78A1DCB263F2DE77E195F5A9A9EF9625E7C56BFC12614CC58F83
diasymreader.dll,C3489B0854898D5DF0399F0B1E8023D7BF4D12E118D0AE749B76F405591BE5D0
DictationManager.dll,454171C964457AFF59E52A4D8CFE4C893C693980D1D528013DFF7A70E25DE14D
difxapi.dll,86CC76257652321EC8039FD96B167D9C32E3EF28E5FC9C91AC54BB0A44CCF65C
dimsjob.dll,E6BA6D3378F4FBB2E238F203A4EEE0CC16C93FC315F55FD7DCE06BAAA46A03D1
dimsroam.dll,626DFCED848181DF725E7FB19F402EB678CEA49EF08D65BD20C5091E1A3BBDA6
dinput.dll,46797C469015A219CC0F17227C5610C12881B2E3CB30EAF385F15854769C09FD
dinput8.dll,B287DD87985F07A4C23E39EDE02FF6D4311D8AB7AA177FC29F5401DC1F8F5FBD
diprestr.dll,B6D929CE65FD1FDBBA426670111254B7555FBDD4FBBA25BEB185E4172EF8E743
Direct2DDesktop.dll,41176C512521A2009B561CABF1BE168FE10E0602AD8D517CCB3AC3128C719C2C
directmanipulation.dll,92AD569F2C97A56DFC4552B5CE14D091527E6FFEC2E7D5AA3F03CE99E829AEFE
directml.dll,AD84C68AEFE9EB5CAD4C3ADF9E4C0322046310B333559513DD7B8DE87A854FAE
directxdatabaseupdater.exe,8FE68B77E387F0ED76E244721279FE3018C1013EB02099D6119AE97B524530AD
dirlist.dll,2E9C2E2AAAC58CFDB366D1CCEEC50BFFD7E8EEDC14CF03F5B7C546EA193288F5
disableGuestHibernate.dll,1404A41B45D60CE3A8ACDF06D155BEB7560FFCB0D0A44388006EC5C98BB1007B
discan.dll,EDF2CE29A4A2E20E085F7F4747E26C47E40BCAE54F15991B9E95C240E519767E
diskpart.exe,57024A75F21761CAFAFC76561E2317E425E464E38AD79CD02B399F5EF305713F
diskperf.exe,D9E181A94FEBAC41D21FC4D0C1B912DFF699EB0DEA25CE0D5544E5771BFD2554
diskraid.exe,6F572BD4C5A0D9CDCAA2E63FF1B0E36982F4D35FA9FB9D360B2D8CC57FE4EE54
DiskSnapshot.exe,C36C5E772D92C32AF3DE75661FF4FD131A28F99735F2FB2C73194D95E2912EA1
diskWiper.dll,A3EEC6431F0724070AC53BE3DB826CA1B75A7753C16EA592B9F29A899C49AE19
Dism.exe,A7354B9C6297B6B5537D19A12091E7D89BD52E38BC4D9498FA63AA8C3E700CB6
DismApi.dll,B88CB967854BD1CB34A7ADD3274125C29714E2A64BCE568C99C4C0ABD9757803
DismCore.dll,9AF06331B343449D1F51DF91F1103940A71048EDA475B4766E075336101B973F
DismCorePS.dll,67D1E5A013D414D232CD26B47A75EA4659B922309196DA6B3CBE3F8AF7EA3F37
DismHost.exe,795483C8F2901DD399E545178DAB52B98A90A62B0ECD4EDFFD859E5261122CD9
DismProv.dll,2DC0BF05F0956855DC20158996DE347BAA46B6839C15CEAC46E6F4A9F9977639
DispBroker.Desktop.dll,21779D6C7B4480873992C13908CFE58568D15073460A88AE452EA1BEE54037EF
DispBroker.dll,C87FE440770A18242A519D8CCBF3D2D931E951BE158526A835D95EA919040458
dispdiag.exe,89808FECDA2B63D1A16C42748C4905324983F66AA20EAA704F39F251CCCE7B7A
dispex.dll,213CB898EA5865650E400F99724594ECB2FD8733DFAD44425FD8137B965F2A93
Display.dll,E6CF5BE03D61CF872BF5022CBB4CD378822F6133F9CCC80EFE23CCEFB719E6CD
DisplayManager.dll,43AF75E3D39600A06D59AC96AF30463358DF9C1601CBBB31AC30D6BC165E1C7A
DisplaySwitch.exe,8B581F1D15A6920E4ECFE172D8EF753D0A2BF1A47E686A8D5D8E01147FA4C65E
djoin.exe,CA5D6BF4976215ADEFBE7C94132EEB123FD5724A508896F1F9A557EECDEFE505
dllhost.exe,3ED69CAAB035258E008EFBCF40DB305891B40BA02CA2737E20DEFA7C2D4AFAF7
dllhst3g.exe,9D71A9EDD75017C6EFFD7BC8FCAFF5022D615C83B3DDA2B3073415B697EFE645
dlnashext.dll,854749D1F0811E115DC7AEB502C6E02A05D2C653C69B8D4F0645A8F8E82B1106
DMAlertListener.ProxyStub.dll,93B75C4D99B7D0BD4BFD9BC8616EE0F7A64FD8CCE0E903AE5B7DB74F441B9443
DmApiSetExtImplDesktop.dll,EB2DB635D6C816AEF33B4475AB7008110863B03A4932B6BD35C76F0058B2E63D
DMAppsRes.dll,6C96FF1058AF11CF04FF517B6173C55DE8B6CC23DD7EDA1266796651DF14D788
dmband.dll,FA53A101CDFF82F49FE8048CC93C7DD6DA6295355DA36632CC2CF265E0AFDC84
dmcertinst.exe,7A216017EADDB3AAF3403EB29F8FBAE92CA16A48E041709D3D13F7DB71043D15
dmcfghost.exe,460D46FD4F0196D3483D5C3831017C931B8E34837CC873FB68C1D3239907F455
dmcfgutils.dll,EA75A759D770C54CBAF6A2CE5B4EF0B784A83C6DEBABF50AC79F0AD1AE64E597
dmclient.exe,C41258FA588B650483DEE87057AA82F7B855EB257D3D25BE41F71E90C8CA9746
dmcmnutils.dll,DBC9FE0352C94CDD56E6FE91F3779B6BBAD60FCE2D062AA8BEE163066F7A768A
dmcommandlineutils.dll,37B579ADADB66C1B43F98789BF276F1B6F6F50FC82522E93489894BA24BEC5E7
dmcompos.dll,F5B884F82F2635274CF1747939477703FFB9DA4EF7C3DFFF46F8DC4D4AF114E0
dmcsps.dll,1FC9C823D9420A54954F71E2C9F9932A825E842707C62FE23198BCA436D92932
dmdlgs.dll,94FAF0833820CF686B580845010829EDBE6F07CB992C0C4F0F1CEA5D5162637C
dmdskmgr.dll,F8871CE55482621B94895498FF742E22D5867AD1CA9CE063A3A44854BAC97081
dmdskres.dll,FC51EDFF406C40B757E36D9577F837B019ED602B5ACDDAA08EFF039512CA2A46
dmdskres2.dll,27F57F8AD2673B0C3227D97705953AE79815ED2C589D16CD57174F69A2CAAE2F
dmenrollengine.dll,89AC55581A4387B482BBC40C8F5DF282056DD213AEB0EF3B5E38F5203C2CD049
dmenterprisediagnostics.dll,2786E5EB312DBE141FFA2267158354A891973178AD9DE378BC813C865A165C02
dmime.dll,CFDD3735AF3417C16C0CCD5220062EE79622631700A8B5D5216E5E6B5A76416E
dmintf.dll,960D31900A99128297957C7BD2DEC0FFCAC73B699CC8A1E8A832B2C0E8A21F6D
DmiProvider.dll,EF2B046DFB72BD2ECFC9F598C1C21E5AB16106E770A856D21F7C7F132A0A0369
dmiso8601utils.dll,E09A87A51C80772BAAB24F813CDFD02CD8E02DB5B1EA0DE47586AF0D21FC613C
dmloader.dll,382D103032669B93E530A1CD1BE718B751500D80065C573AC432CFC223A08C2D
DmNotificationBroker.exe,F87537E5F26193A2273380F86CC9AC16D977F65B0EFF2435E40BE830FD99F7B5
dmocx.dll,8DF8B11BFD17F9F7AF9A3591F8FBDC66DABE904D32544E3DC480C6FB9D12DF84
dmoleaututils.dll,81AF2F1BABC70EE3134459667AA19FBBA7810C67CABCA4D4C714D2E1E8330248
DmOmaCpMo.exe,B1439FBF4752DD19FF35C3405B3E970251BF8A10297A9E556E6CAAB68126189C
dmprocessxmlfiltered.dll,789EFC2FB130EDDA527F4A745A33199655B556D01B879B11C806D50FB4A47BDF
dmpushproxy.dll,0DAE434EB71AB4EA5ADF587761CBBA72C485FC8864FB347D9C11C6D230FD031C
DMPushRouterCore.dll,7357953D050B505CDFC5291A0061B01B0A016D3F9108E21CF21234CD01BC224B
DMRCDecoder.dll,D1F1162C2C3DE48026489AFB64981BD8DC7066DA6C8AFA29F889DB6ED7310871
DMRServer.dll,7624C3136847AA497CD40C4A1B89C5FD47C674EC40BA029A7C98AD4FFFF8544B
dmscript.dll,09F19EAB790BB680A46742E1F9CF76D6700A1D77C08BF4044B1E7276094B2585
dmstyle.dll,FC5DCBCB881910AADCDD0524999DE7E2492C7802BE2DA00E0DE9FED1D140E52F
dmsynth.dll,7CA434206207881B938472D9C93D8AFB64A3CCB8D74FB77C9BDF705B994D1295
dmusic.dll,6B16D627DBCE2BFD8810B4B93A34D8DE09EC73A2E9C9703B7DAFF9A79ED0B826
dmutil.dll,86A46FFCC8ECAC171BAF4BB1C0A7FD3D2C2A9255BFA506BEC7F57981D2DB3367
dmvdsitf.dll,3E3ADC24BFFEA83541880CE34943A2D32DF720E147C6F3D372C8AAFC6FEC9CBB
dmwappushsvc.dll,92A1C554726AD06E1BDBCF6D97513A0E3F45792637E9F713756EEEB000251A66
DMWmiBridgeProv.dll,12DF413F4D1A62906B59560BE89A5256E3F5EDA0C2250FDF53EB8F568DDFDAB8
DMWmiBridgeProv1.dll,72590E609A65B307A4C2CE757CB7F37C7BF502E57FAC258A4C428C7730F3C76E
dmwmicsp.dll,E4B4D500B0B14B659AF73746EB307E3FAA72A0544F321C8745C4AE5ECFC333CF
dmxmlhelputils.dll,435BFCAC7F402B55928B4DDDF922A4C937FFD2903F596BDFA91EDF7D5B47B5CF
dndcp.dll,FE01C7650A81BA3DCE5B97602B55DB6E0930157EECAD3049E9372028C0055979
dnsapi.dll,A2036F85B8093E9A6E789A21496D49FBB398F7555FA4237115964F89F17C45F1
dnscacheugc.exe,2A993865F4EB6849A2E9A16B1ACFD6E942B63338EA1699FBE785A6BA4B75C39E
dnsclientcim.dll,EE05A7DE454B561B51D063913E084252F5F8F02868392EB93B5D0F01A364FE1E
dnsclientpsprovider.dll,CFD969C82C408D1CDBC0084736FD888D78C4A0E1DD5BB5873DA9FE8BF0C35211
dnscmmc.dll,6C665E1C7E257D3B1F578971CC275A8650E8948C634A1B6516CD5D9624537639
dnsext.dll,25FAF7A94D600C21D9C8CD30CB2B880947837614E581F655205DA5E45F680E64
dnshc.dll,5E0A07069C989FEBEE7FD1569D94A6BD58B338CB937381FCB9611411F0594CE1
dnslookup.dll,035396633A51F599B6A0C900112034DEC14FBAE4D4DA8DA0C363CC0E22902938
dnsrslvr.dll,FE19EE05910C42561844F373B40A1A89C68D9159FB7D2C30B4A6A80EE204C43D
Docking.VirtualInput.dll,93D677FD1CD4915E04F12C4A40188C1BD80DCA925B8A9CE4D2F0AB2ACA2BC78F
DockInterface.ProxyStub.dll,02FBF96FE120DD8A77054055C1501CEEE520A48F75C1D55FD005C804597D34BA
docprop.dll,5B5F85758C4588B68C312C7CA11A0FE2AD4B995B73A81D1D88F9A5C1B4840667
DocumentPerformanceEvents.dll,302475E0074C8E2007119AF9BFBCFAA6E7DF0ED83F32DB5B78E28A13B72E96B8
DolbyDecMFT.dll,5DBCCD07AC59F5AFB3AEE9FC763EF76944E72F7A11B32EEC0C3B1013221B8718
domgmt.dll,9A3A255684D026C6001622FB0A9E8837902DA6085AF305F5499D9BADA4AA11CB
dosettings.dll,FDE203B076ED1AC35B44F014FA806F0FEC6DA28A35E06D2DD958F2AA0CA92A4D
doskey.exe,3AAF2BD13C0A23773345BC0D150031A68DA1FF10CCE2DE87CBB615BEDBFB450D
dosvc.dll,7BAF71231DB4D7667339568F64EE70254F9AE4E6788CE2A3C5043EE052D9028E
dot3api.dll,49291310E1F3ED5218AAD499CBE6F8623CAD9D3A72890D63BB56D264FC6BDE6D
dot3cfg.dll,C483496C5A193A3515ACC91BA995EB65F1DFBB8FE737A1930237E1C553A7F988
Dot3Conn.dll,978E58B5A6C588542A2DC7E57C3778029902455A9B28B3F0B9AC22AA024C6E14
dot3dlg.dll,D44FB949B68392F8F270EC6521AFE19F387C56B585B0224D993C89AB86262966
dot3gpclnt.dll,F67AFD45A04458C67ADD44E4593106466CEEA920B031AEDFF7E4E5603E305905
dot3gpui.dll,BF3A8B1666ECCCFB87E1C054BDE7DD3D18FEF5F49BF4B306BF19EA6F4275C7DF
dot3hc.dll,9FC35090A2EECE18FB53AE99963061AA1547E094B214FA7FB8AFC23F573FF204
dot3mm.dll,D4E12EE5C2C0EABBE07FB1295F1D477B8A26B3A05DCDB9E014B4E14C46F9F1D1
dot3msm.dll,5BEE91CC0E80B817ECEFEF5F85F9A08A750D0FEDCBEC486C6712F76C267C94AD
dot3svc.dll,51EF96A78622098FF42B4557BD4EF1E3211EE6A28A0BBDC0947B4F7A3593B4AA
dot3ui.dll,DD89DB11D7081D08A6ACD6D6A3A1B281B8452C4BC57ADE7F78A286A71C74EF3D
dpapi.dll,DC7DB233DF4FC43D7E2AADBABEBFAFF30B2794639248FAF030C28D2353F273EA
dpapimig.exe,63DE0E29608BA9702FC0996460271886D1F5C8809788BE035105BC317A47A5CD
dpapiprovider.dll,3DF3BCD8C22428BED3B16ED8985DA68941D582D8BA632EE32D4BB53383E4ECDA
dpapisrv.dll,CF103A978E354880C24080399F482E092C0CFEB2046FF39CD9D699FFB7CA89DB
DpiScaling.exe,FA1DD224289D1C39C49CB5DD2896FA19A3091CE650D6B665626D5D30B65DEE9E
dplaysvr.exe,5303EF7D0F6F248B1CD3F3569D547E25B4A5238B2D3CDFFC4424106C9851EF1D
dplayx.dll,BC0AA84E7381824399A62A68F8E1CEC8DD44E3152CB80CC668BD46C5661D6AE0
dpmodemx.dll,7EE3741E411DC7DAB91221E7378CDE672157F50885D91DBD823B8C5D26815922
dpnaddr.dll,06182898493A06A56E99D53D6A4F5A3C8D6790FFF1295951136C8984B42537B9
dpnathlp.dll,D9C0C5EA2B2EA2752A4CF00A077A25CC21353499390EBF2F3B71127F5A221165
dpnet.dll,4A75DA5ABC7DFF1A3E3588460D8CBF639C96B40B1F60471F671A178956F8576F
dpnhpast.dll,74FC04922CB52CD019298FEC03EF00ED6C5F05965E4C4E1A5A5ABC4A69558F38
dpnhupnp.dll,E4D8A4255B1E5187A480C0F41431220E69EB9F7B1D6EBD55308CB529A94E4220
dpnlobby.dll,04040C8E49AAFE9080891CA5B3D1BA0B96C7E15918788D2890A11EFCE20CC64E
dpnsvr.exe,19EB63A0310DA4566FF06A63D3B87E8F345E5F3440BF7CB4BA682096ACA0AF00
dps.dll,A8707BD19D584DAECA39990A2E791194140AFCA4FCE31F23CC7E931DF8C17361
dpwsockx.dll,7E59374D1E693E01C928C40E2F2A5BF608203A3A429672DD1127950307884F08
Dpx.dll,D7A59204B1E52404D2950FDC7F16CB5892066312228A18FA1A615C6B91C75FE3
DragDropExperienceCommon.dll,80B8764136B9F45B72677B29112C5D69EB5DD7807725012205D3FFC38AB0187F
DragDropExperienceDataExchangeDelegated.dll,0010E43084953A9F78EB01EA2E9184BED7AE558A92E7AC926B9892CBFB39F3AC
driverquery.exe,42EC0718E29088EA73BBAC9C96EAF02807BA556A392FA8C830AE9B425B7E0CC0
drprov.dll,36ACA601C495500D941AF7DAFA5FF60CBB56B0565CDCB26028AC6E0A4CCA6C70
drt.dll,C0D238E38646AF5E6FB542C1F04014C6013C9E27085CD1F6D5E6BFD2CC77400C
drtprov.dll,35E2BEF45346A6B045D4737CEA768F49EEAF96B9A120D11696872175CB9C27EB
drttransport.dll,C8B0CF71FB5D11BAF18C3D4B42E1345DB73C5FED4EA4E2D4E7717965165B8D96
drupdate.dll,109986E8466B335E405428D4DADA067B81EB52F6034FBE35A05EEE9340DEC1FF
drvinst.exe,823523E1B4BF1DBFF1CA7E65C67483B2260F13AD4AB61F6131F84D5B8DBE985F
drvsetup.dll,924BB3D2B61C9C42885C42EFC0A2C844CF31E561A7C0576CE4E6FA7C6AFE763B
drvstore.dll,8EF088DCB9E0AE8CFDE155448E4EC9970C6ACE1E9950EA8017CE43350E0D28D9
dsacls.exe,3AAC325FB9F088D90557FCDBA1199B4FA357BC9A3A37BBDACAA4B3B4315463E6
dsadmin.dll,2AF0DF1398FED4A8B06748A1395218624A60FBE5A9CB191C435A9CFD0705EFE1
dsamain.exe,DB7078D682D271B431C9BA860A43F24042751E6070333DB149F0E21A35EF5F45
dsauth.dll,BD99D4FD817AC0C92F35D0A5CF0AB0655F3EE7F16B5F483538A3CAC68341104B
DscCore.dll,B36552D3D7222D585AC8BE09ED8217414FEA54BD7A9A8061A6524DDEADFCFACD
DscCoreConfProv.dll,E82051D31156F3D2995C4D0CF6E2B0AFD96D01D5CADD0B3FCFF8A49D0C0FCA8D
DscCoreR.dll,053BA906DAEE72EDDBE4E12CD2E499EC880EF7CBCBE9095DE5EE222937FF9797
dsclient.dll,263D77B22BD2E00E6B7F8B1D0DD405FB08868CCE888552EA02FEEC5A9D76D0AB
dscproxy.dll,F83649472C664A19E42D54CAC27093E58A70242ACD890023B7B1AF1F5F7038D0
Dscpspluginwkr.dll,D4A5612A82FF97F27F3A3822020790196493125857322AD9D453BF3E03FF6BC8
DscTimer.dll,C46777082581A67CDE57DF6D085A0D5C67505AF383E4E129CA2F8398E647C748
dsdbutil.exe,500F1D444D19FC261AAA4C1C2476F6DEAEBC50F11B2E5EEE3E332EF3526B934C
dsdmo.dll,35F706C5AF7B66804E910E71209F928B332007354CD41D3CFD89FE4FC7778145
dskquota.dll,42A3BE00759A3DCE9C4E299830AC06696AEA5C17D9FE952809153D1E8D8FE6B3
dskquoui.dll,5926C8944D94782C420D9039660771CA83765F751F20198739E74329DBA2ACC9
dsmgmt.exe,F0C74C859424A6A6939C4680A808801E0A8FC919712E1B16FA690C95A72550F2
DsmUserTask.exe,88352FB0B4550A4A8C24CFC2E23F6DB551BB60C41B2FE3DB0797A3B7B10E6064
dsound.dll,BEC337172535F2BC1BF0F8C5BA9D42774BE4191D300A8C0001959BF182D47390
dsparse.dll,F2CF70056C79536607153383658C5F957A0CCACAB5C3CC5863761004F230076C
dsprop.dll,1C60A86F880AC46351D12D94851B0E7BF27E5D2DBFBB0C64881579C23DFA55D9
dsprov.dll,24E4C7CFE21CE2A970C739F13C68D1BE092C7D3A3970F72E244289DEE3EFDD48
dsquery.dll,CB04463FE3CBCD54E5D95BAF9909F8809645CC81E3F5162AA46E66B0FB2C630B
dsreg.dll,6D00711B1DB0B883A3C18EE11388131926FC49038EAF0BDA5ABA402B226A32D0
dsregcmd.exe,4A19C1418249C5D928A211AEA2AAD7FF928528FB0B8EF910188FDA4A0463B00B
dsregtask.dll,90A427A248A3BD575ECB5169C798DAE9535B64F8A55736A54CAB60B78B564304
dsrole.dll,5F113BC155BC4CE1EFA67ECC96E7990CF2404D44DCFDB058A2F5A49936A74DD9
dsrolesrv.dll,CF26DECFC89BF92ED84D1CB05417DF3B7D1208A1EC2297B260965A5CDA7C73C1
dssec.dll,77340F52459CAC862AACCA605A60514AA0EB6486CF3D4CA40C8D7CD08285D3E6
dssenh.dll,86DEB7133DE5DD5A9C7B9B5E874A356DB8FFCD566793B94B3F839B650D70D7D2
dssvc.dll,30B4DD37228E0FE50C200F511505C09D3FD5B3395E5AE49931E752463424C302
dstokenclean.exe,CD3BD705613B8CD0F25159B32ADF38F73FD0B5BB9F384C08BDE8214509E0D716
Dsui.dll,201F68E9B6B3D13B984DB7121F7062528265F982C2BCEC05977456E536BB07E0
dsuiext.dll,C07238E5B7E133937EF74218B65CF7E8CFBE12A58104664FD410FCA745BD47F2
dsuiwiz.dll,3BE5C630510972BB6CB7454BF34FB3B8515C8E983380A4C8B85B704A83CAD3BC
dswave.dll,248411EF9AFBE4034719EB2BE13E7768E045FEED49DEB5426B6A7B38135F55B9
dtdump.exe,5ED133F9B9B3D7EA67A8E079C2C167E4547471B5D7170F0452F5914053217474
dtsh.dll,06805AE97A538B052FBDE0E8B7B8DA69B59FEB41E915C5001273CD958DFC0F01
DTUDriver.exe,B9373927F3C21CC05ACE04D4AF356D9389792E5C90EEFDD716AC529B16A8BBC5
DTUHandler.exe,364B839CBAFC47942A04C05FBC8C0D96C5AA381FFE1FC60F26D429F7C5FFAA94
DTUHandlerPS.dll,40B9F7F3EFA0390E84FF7EA7ECF583CEC9691CFF29DE20A53047816D482CFB66
dual_engine_adapter_x64.dll,5C09243F2517368842AE972E415C66B49A48536AE221BE17507508AE92F56525
DuCsps.dll,DE89F27AA70D915DACE8786FBE0BAF942A5F141826B97FD40CC1DA9511D337D4
DucUpdateAgent.dll,C52422BDAFC1F947264664324841160B15CEAEE19518794898D25A30AD814132
dui70.dll,C1C3F1919F847216B4200EBE5DF0C2355CC15598CBEA088683AB1D46DA027D69
duser.dll,1141B4129775EFDC9449174D01032C29CA37B8770F22EC811435460876C26646
dusmapi.dll,2B447C0EDC763A0198A790F4422438430836F28CD78D7B1A14F8716D3848E88F
dusmsvc.dll,65AEE1E876CBE801A763F14930D15CF2E6A10697620B5903AA04BA30585A5676
dusmtask.exe,C604F3C971220C04DB7ACEBE9585C49AA55718C16D042E6B67F76485EBE65477
dvdplay.exe,B740FBBA53980B4C2EEC43D09F3ADA7D7B55431D68A15D83AD77E1DC582AD31E
dwm.exe,0AC827C9E35CDAA492DDD435079415805DCC276352112B040BCD34EF122CF565
dwmapi.dll,2EB5B324F4137A0AE20B32A8E5717BD87EE9B695D37A72F0642ACDA9E1BE6E2A
dwmcore.dll,F269D8F2EEF649DE4276EDFA08B9EE0A8E9C5587F464DA0260B644D390742846
dwmghost.dll,0145D48EB767544F75F148829A2044114DB0ADC054B555D7CE139501A2D3F0A2
dwminit.dll,0A4D029D295C64A3B3B82E004F5737AC508497768352E5A82674460470BDE047
dwmredir.dll,EBC7AFB87AD52455D2158A97C80195EC273CF3CE34A7C21CB9ACD7A400441E0D
dwmscene.dll,0986C7ED3AF3F1B5D1E01BB85EEB6045C3B7F34A8BE1300ED48F3B8E36A8037E
DWrite.dll,4490846DC009473935C2A5395FB875C49B716B6304EBA4F39BABF1D7D5D12EE6
DWWIN.EXE,D901DEF692F77061D379F62ABE591111C210838D0252286B04E6D949C255D754
dxcompiler.dll,8CBA090605B6EDE07E82175686F43D72D21E0EAE5F04B8863D3186CABFEB4B61
DXCore.dll,CF90D5E16A8A73A7B50250ADFA9C724E31FE1AFB30859ED092AEA2F9E85CA9B3
dxdiag.exe,C36C36C2945802FEB2195AD271C98F994B22A09F6CF2A1764A190865D1D6CE2B
dxdiagn.dll,36C85EABB2F0F71AAA453AB56F784EE5FF76AB1433727BC8EA6D85754ABF2BFD
dxgi.dll,AD41B2EE1D68838277FD1B5A379CE6D9583D5AF635ACDE9B37AABB8E4A26F98C
dxgiadaptercache.exe,FEB8D49B75D51E8A812DDA19F41F90F393C0065A3894CD57C86387EE52B60880
dxgwdi.dll,C5B18DF1D78B79794B4E1C5BD8EE229836F7FA576AB7EB59258C4BC8E37914AD
dxil.dll,6A9CE12F48FB18D23CACDA4008C0DEE38316B94EDC33F138D64848C10C1760E9
dxilconv.dll,04EF07CD47737D64789A988DA330E406D20BC2E87BC0DB05F8BAA805023F9BDC
dxmasf.dll,EE0528D18B71DD56BBFDE4D606815B4D9E8E68FE20CB4677C5D67C3D45C461B9
DXP.dll,40A8394E422489DAFBE0121C6DC334A5BEA9362FC9F6749E607ACED9691ADBA2
dxpps.dll,615D967CA9A3AA09833CAD8075DBF49586717CC0F612198EBD80B4FDDDA8D637
Dxpserver.exe,B1081651AC33610824E2088FF64D1655993DD3D6073AF1E5FFE0B4A0027F502F
DxpTaskSync.dll,4D4CB37ED9DCE913367EA75315EC8C2C5D3C42E2FA53FD1B09230CE6B6BB8CE9
dxtmsft.dll,D9384E1939F5D53109D084D3A60894AC0C15DB1CDFF43DE2E56AD5D1EECA5129
dxtrans.dll,92D008333B233A4F7A7091710BE28EA3E6447FE80D297AB223D537E58EB0C5B2
dxva2.dll,9AA1CF331A1FECB46A35C38AC5EE5CE51A205B25155001A8292131ABDDBE6790
dynamoapi.dll,7F8F9738B379966F8251FEE55AB3B00F3D62604E5AE815819E992E5E336F1C8B
EAMProgressHandler.dll,78FD6E387554B443F231F9C8D6A744539AD53ECB32585376D0F256709D3F50DF
Eap3Host.exe,11794657DDA144B9A8D07BA5AE0868D2ED7AC47CD7559B68A49A51050E229780
eapp3hst.dll,496C4B41145DC9DA9E51607B2A6BCCCA0A29C4B4A893998D9A2975E5509E3EEA
eappcfg.dll,FDAF0DF504311D1DE33C2EB882D89CB1A68495AC4C57374BD59DC4A730F07398
eappcfgui.dll,8D2668EA95D00DFF46119C726D386AE5C3B2330A5B9B29C36ACDEAA5F54B1525
eappgnui.dll,3882DE1A127A9D129E17DB52AD81481E5443A81A8B3D3781E4F2EEE89C0B33E1
eapphost.dll,171833F0F1E2216AF73D45CF37C00DF2BD07EDC77F9DF3724E976DE78E6BCC85
eappprxy.dll,44B791FC432E86CB612E7D078765DC94436C5DBA0103D539EEDA906DB0A7538B
eapprovp.dll,562015F3467B6C4D941216B256D606D33C3665DB4EA1760F1375E377AA018709
eapputil.dll,3CC7566509A3D53BCB7E9D8B5C9B2EE1FB7339634EFF8424EAA9C2B91F06C11E
eapsimextdesktop.dll,47BD638079C3BDC531B1F751B804CBA34B1F59D37A5A98CD2E908C3EC979706E
eapsvc.dll,C89BE2506C647924E94FA2F44AA4AF9EAA2F794FA444C8854FEA5B3F563AC185
EapTeapAuth.dll,A96BDFB6CC3F8761E33518A0B3E1E951ADFED0F814317016D5244ADE05A92552
EapTeapConfig.dll,1C74160E9D74C7F572E6F845058277619F304BCFFA9428E5B01A407E15F2FF92
EapTeapExt.dll,072F634D734E12B89EC2B5B5532F55850929C80983B12C6F19A276D680001C8B
easconsent.dll,7259333A071BD7112AAAC328815EDA9F9FE273B4434C57DB965CF8FFCBD37D20
EaseOfAccessDialog.exe,DE41DE70EDDD434D183D988C451803B55710FBE8DDCEBC8AEC02646A8D8D7971
easinvoker.exe,4AB78DC788CEAD8F20227C9E2ABFBEFD5E74C64C85677C505AE7E694B7D41565
easinvoker.proxystub.dll,090FD5CC7E2C8955FA724B83BDCC7867EA106DF63FC6E969361306ACB2C6613E
EASPolicyManagerBrokerHost.exe,CD1EE45681368023009C9A25FD447CC8C1D8C6CFF11413A50A89C26B604754FA
EasPolicyManagerBrokerPS.dll,712374C5F20CE83BD2C50EF0C77B3DFAE74909CCAE00E2F8AA917E4ED4BAFB24
easwrt.dll,CFD62EAE644257C99B5219F7C7FDABBD147C4CE881C9AD9B8021673B70CE4E04
ecsystem.dll,D18BF0BD4B1FAF0BD4054EDA888E0E949D7E6E8579D53F63CCA14B0FCD3DAE4B
EdgeAI.dll,C49A00341C7C201027ACD514CFAA0C612B9E3A13D6A9F6D3BCF748B16AF79803
edgeangle.dll,499755D506AF675B91678C51F715B2FD37C0FDCC91AA1A9620D9EEEF3FEA0E04
EdgeContent.dll,D6CAD557B6A23B57B7ABB7D9F20DB868B3E3A4A88653E9B032AD72410A1C01B9
edgehtml.dll,48A8DB3BCD01B45BDD4BD2759622DB4B9318FE8F89BB2ADFAD5D2BC4D4062944
edgeIso.dll,40098009C7AB6520D3E09707DDA553E22C84E62335C982F7B102CCD6E98E8B40
EdgeManager.dll,70583166B1E6381484F1C362E87FCE565CA0128CCCACC31EE70E7D871194448A
EditBufferTestHook.dll,58248433546F015ABB22BC3A0BB1365BDF461F6D6FDD1E55AF2B9A998C09C0CD
EditionUpgradeHelper.dll,3526C6672B1C1B391B6FD136FCF13D6BC476A179023FBC1161F33D0F8210FCBE
EditionUpgradeManagerObj.dll,14210F8B5EFA426665438AA2BDA8596D2AA089900775DF3272658A29BC30C947
EdmGen.exe,64153D0F32E2F18A414446FA7A6FA2B748D6654BF38AD30D13ADC440AD83CB6E
edpauditapi.dll,1C055333370F392AB9BC007D9B6560F3F9CADA49814C8FA684D163FEEBDB6171
EDPCleanup.exe,4FF95C1753B49E7E0D45920D0D13D60B5FC71F73B350FA78DF521A1AA225B5A5
edpcsp.dll,8FBAB10CEC1A1BD7B1EDB5D89ED8F712AA91C466CC52959B75284B376136D1CE
edpnotify.exe,AB782F694BC6624F84D41FB88584E04C29DBB4061267FD50E7EC55B3EFF7AF95
edptask.dll,9698348597260746E06B80C8EADD314154BE638579970B81A0F486C42F934D61
edputil.dll,B746E3FB47912A14E469109D6A5A0E2980A8F25F7B32AD8CFEBA8FEC3C7C8D62
EduPrintProv.exe,1D3595FC64E37533FBBFC26EA27E6F66420759BD9341321435A5872ECFC13D8C
eeprov.dll,0B69A92437D37CA25EC2C706122DD0A3E3D059F49D95A482DC615C982D951E78
eeutil.dll,CBE7664844036385747F22E6DC2931D37DEB2560CBE42F49B8B12984BE6E4FD4
efifwver.dll,09613259B407AFEE3D400E8F9EA6CA4350492F10450C9ACD7E3A270F85800119
efsadu.dll,5EC6AAED85AFAD68619825E9C19ABE39FA852227B2E06B853D86EBADFC513C96
efscore.dll,6D077F3E129BC6DF74DAF43185DB19D88C9357B3AAF6EDF07495076B86F899C5
efsext.dll,72371A8B196CF6075DE096280C13F42E0683C97941280A797823476B2E9F2907
efslsaext.dll,D552FAE1A23751C3B61F012815CBFBDD151F24DA81E2E5EBFA2457DE9AC9DDBC
efssvc.dll,8B6909D6FF023B783331A82E6843B940E07186E3B6A4354266826BCBC4B26E07
efsui.exe,15D3D82211FE83FEE501D2EFACD0168301CE73DCB7CC08F1CA7BC2EE94A61FC7
efsutil.dll,D64E237A51408D12D8AF1B3A74AA6F1F8EB3A053847934AE316D9F08E7F9DB87
efswrt.dll,43ED971EBD35939272323F7958F79424F1DFC6794FEA23F43698758E76B4D60F
EhStorAPI.dll,58D6EB07E23A709A8417E4B4EA051891C41703E0BC91F52C552DC18BFEBF4318
EhStorAuthn.exe,DE0662EB81790FE9E872A5061BA088DA715D50156AAF1E2B0546E20892E05D8E
EhStorPwdDrv.dll,061AAD86AC9A5CB537C00A5DB0C0B197BA1D2C5C49EF854E1C641DEF3605B3FB
EhStorPwdMgr.dll,033988D5D1E21D816B76265DF77CCE6EECEED315A34FB7D31AEAB1422FB80B12
EhStorShell.dll,186DE6D72D395F4370185B56C61915A3782DF4CB5C6B9CF98C89D98DCFDDB3BE
elevated_tracing_service.exe,2C9158189D0FBDA0748C48390C777601733B6D8D7F175834F7D9882AB34BC25E
elevation_service.exe,2FFC3935EF83744C535247FD92526E4E47294C58A26E390AF176FE15E7B411B6
els.dll,6A408DA7AAAE823C1706C3A1B20E186551A375F13C465AEB9386E347B942A14F
ELSCore.dll,6BCFB8211B6CFD36C6864A4D9DF4C19527E08D062865E29FA43FBB3D706052CA
elshyph.dll,5567558ACF8EBF8AE7199F31B6AE801E18143CE6A3F4EA5C1776504CDBC6E3B1
elslad.dll,2A037E8DA9D408E98108B66A83753BBAF95D5A65AD9282901AD150AB632579D6
elsTrans.dll,F63B081B796E409DACCB68076419D5E95CFC02CD3962F04C7B54380D2B2CE1DD
EM.exe,5ACEA860E726EBFE8953697B64321D84321DB65A4E65E38542E55E7D3D9DADEF
EmailApis.dll,E79D97873414225C64B78D0D83A02D5156FB491474D4EDF536EA86796423F4C5
EmbeddedBrowserWebView.dll,A99A090E685CC85BF39968D11ADCA478A353321B7BA69F8CBD50B26B33CBCF9B
EmbeddedLockdownWmi.dll,76D548983165D7F955EF3FD7A335D9D6B1B93373F473CADF45D778CF4F242D7B
embeddedmodesvc.dll,DEC15E25420771EC4CB2D724D5F5B8627E9DFA3F56C4ACFFB01D8DF688D3617F
embeddedmodesvcapi.dll,97627571BEE3B38501A8C37610E7F418F686CD5309841BDC69E5699EA76E1574
EmojiDS.dll,FD61A193B2A0BF65776FE3C792DA6B37B9FC8502B4B86455C78D075D6E010E7B
encapi.dll,E02DDDFA0F271E19C69BD236E1182CA9E6F6C55FA1070AD9E5CCEA005DA6BC6A
energy.dll,E2EFDEBF0CC8D9015ABD94EBB41E408AC9903C72D708570FF214F22C4824A85D
energyprov.dll,9285F214880F82531B5BAF813778126130C1A492F9D40734F1130317F3BC18A2
energytask.dll,8033FCEF400A5A4D24A7BC08FED0FDFEC199345C627C77F60AADAC0078854A1B
enrollmentapi.dll,5EBF3A460F5F2DDD18BE798053BE9FB7A198FBE0D7707670CF1DDC7799C1D8F2
EnterpriseAPNCsp.dll,16F39707E1DC2D4DAEE46D7CB09026AD5EBA3BB345350F845653140372084B99
EnterpriseAppMgmtClient.dll,6D62E9347D975D286FED7A2315A604F95ABBCB04B031C3EC370181F7EB9C5940
EnterpriseAppMgmtSvc.dll,A317A8FFDC56CC730F4561856745B04692D85ED605ECBB216F5C8981791E9D3A
EnterpriseAppVMgmtCSP.dll,CB867EFCFB2DA9864C5A31CCF8DA3D84ABC6A9CF6983850C3171EA8AA8E9F5D0
enterprisecsps.dll,D04C41C68F75304E138424C750B08B6FB0470B55961E777622A73E68725CE96D
EnterpriseDesktopAppMgmtCSP.dll,973CEB89BAE2BE932C0AA7320BA5CC8BBED5DE603CF0503B8C0ACBE0D2537901
enterpriseetw.dll,97D9516DBB3D0F7AF975E39D6D61911900C87C72A1B24384C10189328C7B328C
EnterpriseModernAppMgmtCSP.dll,13142A89B97BEC90FB8B254D372D7EBC7FF76941F1A4B68C95B12993C1863BE1
enterpriseresourcemanager.dll,441C93E5EA6BB44F4EB48814EC7A853D5778364D1C6FD54E284D140349C074ED
EoAExperiences.exe,6A4B62741C5959327964DC426691891FE85D8197B08DB5BBA2AA23732CF0D0BF
EppManifest.dll,5A00C04781FF45A57DA3E8F8B070E1AC17C67065EFF31EEBD625D7D868AB4694
eqossnap.dll,1CFC4AB6124B3B394A53D2D9EEF3849C1B2B613071CEBB752CAE04BFD44330BB
ErrorDetails.dll,1FFF383372FED512869D01AFF0DCE3D369992A8B66F222BCA8C5BC5A86A26D2D
ErrorDetailsCore.dll,180B10156F0CB2CEBDE9AFA1B9CB4A4CAE114D6A60D809D1D4145200546D62D5
es.dll,6247D5DE0D0A9DAC9275235B9571FAA11075570E8A29BEF98C38E7CDC841FBAF
EsclProtocol.dll,32BDF74C4EC9EF05832C0783D70D6D8C2F62D06CC79EF1416EFC420AA798CE5F
EsclScan.dll,7D846DB77F37D68192E789F6BEADF0CF237201755E94E49C5BDB925C722B78E5
EsclWiaDriver.dll,84189CAD241844DDABD7AE1920699CC85504959891A1B9C6E58328FB1947071F
EsdSip.dll,4124778B8E4858D421EF58B8F362CCCB2AE7FD9B3FA11430B2AE217F0361043D
esent.dll,F521E9C28F9254A5FE4773C31B879CBDB8F88F8A625916011C9A97BCB8A488B8
esentprf.dll,1E0D3C2408D6EEFA6AC095656E692ABD8ABB1C2DBB087DE42CD67020710C828F
esentutl.exe,26D0A05D6AC8584440B3B771CF8BE4746E5F2BF19FFB118FD7C7DD551F61BA74
esevss.dll,DCF9D0D5853916083C6B4DC2197179E4E684860484B24E6B3904F8E8A0D3B042
eshell.exe,0A8303C3696E21E97C02E1C38F7D5E0AD3BB562EF84363266666925DE06D05E3
eShims.dll,0773BB222A6A64EC99AEA6136CAC7D3F8868F0AA1BDB65B877A33880A62646F7
esscli.dll,D882A66D7BFBE1B430AC569B9C5AB0AAA05F1F88A8829B3771A56506D3AEDE96
EthernetMediaManager.dll,823139C574624A981D7B4AED975928C0EFF048D9FB6542AB6F0F5B4B81972576
ETWCoreUIComponentsResources.dll,0848C13F37494C4415A5CCF99DE880564B8334AE4DF2B31162127020B67289D7
ETWESEProviderResources.dll,0E984CAD7C74DC5AFAF4988A2714E7CE69CD4AA6C087265432E83C57E7CB808B
EtwRundown.dll,7614E95CDB37E74D181603AB09B12F4D721AB1E27867ABADEBD0CA0740B692E5
eudcedit.exe,9DF01A528A262F4AAB5EB53C9600AC0A2578CFA52B642A7E8A0FEA3EAE3B7F03
eUICCsCSP.dll,A2C4A860BCAA20BAE244F30A1FA09C55FF504E4FAC6FED25339F987CBE29D5FF
EventAggregation.dll,960BD3550B74AE9D565159267083BDAF892CB64BAC6C7F8EF082648C2EBA9C87
eventcls.dll,3B2C251F7C9DF958C351CFDAB65C7F652E33E5FDD10EFCE128A75639A4EDCF60
eventcreate.exe,AB6D407D07D35AFF98E3F59F8715B1C2A820B2D76E24E4D8CEDC13F00D1ABA31
EventLogMessages.dll,7134AB9A59BE18609A6480299ACE06BA2985B13042B1B48240ABCDB0003431F4
eventlog_provider.dll,28B436746B01E91BE59C8E7BE00FEDD4B09155BB47D73A7E5FA671E6BCC8E06F
EventsInstaller.dll,D0F654CD903ACE287501AE8B619967BD1204ECD9C136D2417A0B818A0242FCFC
EventTracingManagement.dll,167497F8DFE844450C70A456F0CD138157C35BB0A73736484611B15B1E5BA449
EventViewer.dll,4C88185530F823D52AEB6566ECE26499D1467DE8AE85A5A14B6A70449B7E137A
EventViewer.ni.dll,B1B1CE22A684F1EBF309BF1E61BEA2623D3E92A256090F3ED998FBFF0BA72A12
EventViewer.resources.dll,617E724F32DE23C5C46E40F470C0A6B7C332EF48B5484AFC45096E9C258082B4
eventvwr.exe,A05F5F53458B25C025D9DACD0864CD07C78D0F1D8496E7D89EACDA3F0005120C
evr.dll,3AC459DDF847A8372A8266EC561EE212887B105A6E05966CF8436FC2904DAD41
ExecModelClient.dll,C31559A2A00424708CBA5DB2052E7A9D8F3C75733AC6BA724192AB6780D54538
execmodelproxy.dll,BC591FC974676D7BD87927CD4DC2E4D84AB0AEB8F4AFD346026DBAAA3B3E7485
ExeUpdateAgent.dll,60FD63F74EFE08857CA90C193C73953AFEAC70FBBBAC146820855A5936CEA58F
expand.exe,DFC1709A2988301F7A9D145FB107793E3299ECC85F4B9702523939E35573AB85
expediteupdater.exe,4F7A59982BA38CC43087F9DE5085E95D85FB6FC672098FC404F9CD69E7A15A77
explorer.exe,385DBAD0269CAE83598D6706229324EB3CBDEF00E21A0682161477D762AAF2C1
ExplorerFrame.dll,6B6779CDE936DF00CC18B4752CB53FA5DE1E46DA654109C2F4F431CC782A4020
expsrv.dll,E9C61945C0C7B887EC786832AF1056334968D890FC042F0C16B8D7F80A2C0C9A
ExSMime.dll,A717CF8513289D18B19E105484BBEB75C298C9609409BC1070A744276E14E9A5
ExtendedSecurityUpdatesAI.dll,252A933E5A125333E7C64CFD4FD61008D1CBE2707366A3A82DFEC2B07CF92EF9
ExtExport.exe,D8820E333BE39B27712C42766D1F141CB45FFBE183C43286E55ECC1B9A82FA4B
extrac32.exe,A91D32973A1097EB1131FF630B0C082406703C48B8F442955DDA184C43BCE99E
ExtrasXmlParser.dll,66061E630A917DDC02B6E4401559B88E05AD50ABEF4E21178F356EA677928063
F12App.dll,E649EB52120A8C648A4ADF97CB7BDD5C3BE6C4A58AA26177A3730C2B4C520BF5
F12AppFrame.dll,098AAE0A9EE97217A2051B201658992981E449D2AF9978049FD0E87A5FEF5A4F
F12AppFrame2.dll,66E106B07C9279F19D0DA6561378CED0B5BB30B17DA0456AA2C9F850E92D4C36
F12Platform.dll,55480787ABD9878A3320F3FACF7677CDBDE134910A737638D3C0F61C89DA719B
F12Platform2.dll,B62871F3FAAB316B8B9EA702E0A88F945CA2ADC1407B71132F917A581CE94F90
F12Script.dll,A09FD35B15D47546178EB90C2F0296EB4F104A206EA2B4844E673DCA00F1EB34
F12Tab.dll,3079C12F46F3D5C02286EBA81B638A299CCBC1614A93D6029ABC64EC593320E7
f1db7d81-95be-4911-935a-8ab71629112a_vmsvcext_sys.dll,55CF1E704B3EB1545C0E62691F0A5688A22294A641AE687DD9FF722BA9247463
f3ahvoas.dll,E0BDCA6C043CCDAFCDC8ECF3C7B82AB0CEE22FC3521EB35423A77A1DF8F7FC90
f989b52d-f928-44a3-9bf1-bf0c1da6a0d6_HyperV-DeviceVirtualization.dll,A000C746A6172F4FF8DE21A1220E1263C392FB28593CF8CE3431D804EF3AC448
FaceBootstrapAdapter.dll,F338AE29684431CFDDD946D8DFE1AA195A36EC71FA3539422177CEC48AC760F6
facecredentialprovider.dll,BF71456AFB3DF33450F337EB1B529F1F7CDF8F5DE0A300C0F5607BCBC6C29E21
FaceDetectorResources.dll,E8F841C19C89D86523D2516E4190DEF0341424C3B193DD4D55BB4EF44B64EB56
FaceFodUninstaller.exe,E908686BBF40ACFE9FB0A8AFF3C686D6FACBF9C57F21622398CBDCA48EB8403C
FaceProcessor.dll,E3E979F61987BF5D9AC4C5F3C32128BEF741D4A933C24E3616F20A76E0727B2A
FaceProcessorCore.dll,1E3C4FBE62B1157940BD6F7C0F9D618E9BB67457F6EEDB92EE763A6D1473BCFC
FaceRecognitionEngineAdapter.dll,823C74B9597B0B9F9E6BD74029474D8C71A20AF6C3EE4F4558DBD538ABE81129
FaceRecognitionEngineAdapterLegacyV1Resources.dll,4CEF915222D4394DBF250A57B3136E084CC8559DECFCF08CD5C38FA07B2EF860
FaceRecognitionEngineAdapterResources.dll,7E004365EED9CB5AF02D30471E44AFDCB17C963962B38F5C601471A5FE30A956
FaceRecognitionEngineAdapterResourcesCore.dll,E2B82F14796E39563B8A59C7BA23DA24429A5564F2D1BEE729B060C58BD5A3E8
FaceRecognitionEngineAdapterResourcesSecure.dll,67035C8A557260975B12A7658C3FE716F2DDED54E495637D1F44F7BE395E4E81
FaceRecognitionEngineAdapterResources_v2.dll,BC594585486D15B8DF98E65C0459B9E1ACE43F04962F8C82E9932C28B2E07E3B
FaceRecognitionEngineAdapterResources_v3.dll,840A91A863839BB1AC67DD0998F68F9121FA25A368A3295D88B0C90D6E1D4FB9
FaceRecognitionEngineAdapterResources_v4.dll,A71C9DEADCBE18E3F6B7D20EE7BA5163EB5344217AAECA4AA538AEFB1FB159C2
FaceRecognitionSensorAdapter.dll,5EFF4903BF1EAD7B815D65E82CEC82DD4FD6BA745278F2CE17EB4B17AD3DF15A
FaceRecognitionSensorAdapterResources.dll,0E936DDE2D06891FCAFC4FD36F9CC69D9B99455A2926E1B27A0B61F2DB0494A1
FaceRecognitionSensorAdapterVsm.dll,8884E10A46B141C582A9DB51A38AC0926BDD868F7FE6E53B6347977F3A6740EF
FaceRecognitionSensorAdapterVsmSecure.dll,22A3F9AB6FB4A6F77C411147E9EAA4B889D913B087FD7D5A00212F2E50EDE7C4
FaceTrackerInternal.dll,231B26E7E0536CFE42F48C4E6F4207756BF364DA1617385CD5FDDE05CE283B62
Facilitator.dll,695522761528043A33E6B04DECC094983BDFFE454B6F19D62D2B052B879E647A
Family.Authentication.dll,DD4D97CCAB8472B6550114DECD67471B5879566AAF80139A2E73540A6108919F
Family.Cache.dll,76C012A7265E78972D67FA5400CAAC290F043A619D5A424ED10E065156D60BA9
Family.Client.dll,D4A2671DF548E2011C61435E3633F0AA5AF2B522C8C54DDF883E03D5083EF97B
Family.SyncEngine.dll,42A526AC3663BE131CAA232FE5E710AC8D2F58DCAB5A3F24DA045454944684AE
FamilySafetyExt.dll,0706D0D9EDAA6C2B1B4D28C1AAC38766A9A9D8B322C3C0404D61DF673498E005
fastprox.dll,094B661B86942C2D76B2AB6408BDA76FC55CDD89C43D5882B54112FC11717569
Faultrep.dll,061A7D04CA6886315E47AF97CF5A5F0555B6F620A89B3028186661E2F5D43934
FaxPrinterInstaller.dll,F9D20A0D33EEB753104F9D2FE9B1C126302E8102B0D90516C73972402F96816F
fc.exe,9C52BFD3C2EFD9DBC031112359F4F8C4B002B4C829D70862BE100D17710DAC01
fclip.exe,CE5D9D379200E1B38015449E13F998BF2F88C79599F70541C77A3C5366E34EF9
fcon.dll,016D41297955E04A9D4A66DF3E4416956C438374330514CD1D11A34A073A5486
fdBth.dll,C813476EF0C26438822B55F6CEDED017FE9A9352CAC4CB90F494AC9A93E0FBB0
fdBthProxy.dll,F95D510F9AF9A9AB910CAB0EA8655838BE3D8666396B3B33417D85C4DE5927D6
FdDevQuery.dll,F641EAD35F7858D98A87BD3F7C90190018B0DB9CA712679337024BD81F10D12B
fde.dll,FC84D33AF89D3571BA569D04E39DC410E2730FA9D6C074340C8E0EB6B17DBB76
fdeploy.dll,413F9913C899D41169F1D6A88B854A86FD1F9DAA8A5FD62827BE7FDEF480C443
fdPHost.dll,0918728669077235B2F2DB7EE22CE819FA570D8A7A497BA5F11E76774EA75099
fdPnp.dll,FCDB688C862E6CCC5ACE81A510E4A5C59AFFE1CD394D8CCE973E458EAA35C991
fdprint.dll,FCFEB1410E74F87D2AE63F90D58270F9549A9272BFB9A56D930D7A054D05AD5F
fdProxy.dll,34E4CAB19449A23C19A6101130DBECDF24C1B9F6230372FB2D5F9ED2710CAE94
FDResPub.dll,056E1091468D268E7970045AB329EB3DFF48BB6B22448046A14C309678847B6E
fdSSDP.dll,EBD1DF7825055FD63A9722D450EA047CF190527829985FB6F83A57A3D6F0722C
fdWCN.dll,C5EA9402D5992B6A6D6269DB7314C76671C22705FE01713919B57D3ADFE78B18
fdWNet.dll,F4D07F006A39C77F0C8E17BF3C49EE49B76BE758D6033903AFD46CDFFD085DD9
fdWSD.dll,74CC56374972DEC895B916D56C6EACE649EE804D4A7F166078D26A0D1BCB3D6B
FeatureSettingsOverride.dll,D365B1ED3570FA7BFA3F414D4414F3E3EC232B49557D13EA09BAAFD51F23095A
feclient.dll,5B4B29E984665AFBA3A92D67B890887A0302D7E9FD9ECE520259D03DC066EC11
ffbroker.dll,54CD64831B37ED954DF65DD6C51045EB3ABB185480FE081930C26632EA90F84C
ffmpeg.dll,F68DDD81146D1C9641A81C6B810B5BC6E9FC1171C58B5520173815B30D9E9CAE
FfuProvider.dll,BC41AFDB645B910856CB37669FE171356E5123FA2E6502340A1956D9B84E2E96
fhcat.dll,D02A3BBD3BC28A30D16DCADFAF5CEFB523F4E883E4A75B3AB21F2DB754748DA1
fhcfg.dll,629B9DD8A512B253D38F62E1DD802CBA662CA8E9B57B55BB6528533CF4744092
fhcleanup.dll,A8814497E8C12A5D6F9D5EDB1DEF03B6751D6238749A902AC62CE477EA49F138
fhcpl.dll,9010CED2E5389A7EF6EE37CDCE4283D81AFFEF48E0BDEE688B0C8AD42E8812D9
fhengine.dll,BB6BEA906DA277612936DA2CBCDB47FE08ADCDE6ECED26838A5A7779C5FA7198
fhevents.dll,586E02FA81A099ADB4EBF7C181657A57113765554465DC0A3EDFE73D323FE76F
fhlisten.dll,7CDB65056D61D40EB0A473137531AE8FB456E2A11E24DD5A2EE96762C66FCE60
fhmanagew.exe,667826A98790E2E1E623D735F029CF6857D77C6C569E460CDAB80E33F89295EB
fhsettingsprovider.dll,DAE04E477E669588E97EB1FA0CF277DBFA446EDED5B91FD18FA261EAFD1EF0C4
fhshl.dll,40F0C3A519CC64CC82B3DC9E576135871F2C7E5E08D3D533DD37088DFF820A43
fhsrchapi.dll,ED4F2A0F9E17364963E18B77310A0FB04C7E386B0E23B048FDEA5808BB68BFDB
fhsrchph.dll,F604B58A47C448DF3A138CCCABB7E9BC1BAE0A9C6EA8296BCC41D6248A60EABD
fhsvc.dll,737195664878BBB629F731DC9805754FD42CABA36F9D72EAF562DDCC3E7AD567
fhsvcctl.dll,008E9BAA6CF3B75CC2E69D78A82425DB816F16FE34E2E118A6275E34636C3DAB
fhtask.dll,6C224BFCC7B0B84B479CB08C7CA19F1FFEAE51F95470C27569324BBF7720AD06
fhuxadapter.dll,19128FBF4CB4FB0B267525610C713910DF7DB31D5F47F5049FEE54B4AC5081DF
fhuxapi.dll,18EFE6F65635DBF9B1806D282FBAB1718800769BF754699D327B23D5A917430A
fhuxcommon.dll,770DD06FC1495B781F3314038C3B57058ADCFC3189F84B0750DADB7743CDAFD6
fhuxgraphics.dll,80DF3E09BB431E18BA7044C17836250FF806B1D17144E5AA2B6E6FACCB5824F8
fhuxpresentation.dll,D2DC1F874E78214076E1D60023792DBA7585F470CCA2124D006D280E7F8E6C7C
fhuxpresentation.Resources.dll,0D153A4080773320E1A113DF6FF298ABC8D76F990CEBB3932C7AE8F7C0E58E52
fidocredprov.dll,429B759C6CA5334D1B40E2414455D3AAA905DD788B3E682152067CFE89275C2F
FileAppxStreamingDataSource.dll,DB953EDCD49B38F44BD8E9BB66E79B7C8E4E3060EA2F9C53878C9D16EA5DFB3E
FileExplorer.exe,BBAED911F8278D810FACCDD905F2E531A6BC9016293732FF999700A2AA6E99BF
FileHistory.exe,BEE0799A52FE65B8DC291DE32F0C8B03B5A067915B1868BC8BA2A1B139C90B87
filemgmt.dll,8B15BE0F1810D7944C7EDCDF6919A21705F0567BE57C38FA87644FC1C2A85013
FilePicker.exe,FECC86FA4D2E20CD3D400E19B4912B5B86F25AD612CD31947ECD19F760BFB749
FileTracker.dll,C701AE5652FE7AC6D70E882523ED0F9829370D698452B54EFAD76F761396E278
FileTrackerUI.dll,E8EB204F14D509839944D7E4B04784B559D7A2A2CAC5A02AE102E51357C5FCE5
filter.dll,6AA12E052F6349E11CD1812670D8C3DBA4C564D8D2F6FEF9F68CFC912606D63B
FilterDS.dll,D2B9DB5D09CB2B26126B780953D71ECCCF936B5F768776AA7152D74EAE188EF4
find.exe,B72CA92BCBB4F00CA82A0A397BABF34A4E6602C509D513ECF8F66B3FB9A854D2
findnetprinters.dll,C7BB55D9DE932F67DCF2785ED1E0CDCFA4433D2A571B74AF87AFEF311C403B62
findstr.exe,1900C48FDB1C2DDFA59C37BA86AFFA502D44AF55F313D0D53FAC60D9B96943B6
finger.exe,781F1BB7080EF4DC5BD8B5F6E3D7CD1AE304E0DA6DE135B166EF686326E87C5F
fingerprintcredential.dll,14A18672A885146995350D5EE0E99D84BE1C9C020B8D4063B32087443E033371
FirewallAPI.dll,494883724AB86A3B41EB1152C15D643905C3A822A62E898F5E18567FAC7432A2
FirewallControlPanel.dll,8DD8472AD42CE9477822D42D0B6AB1C4600F6557CEEC5B604C1FDF1EFC530721
FirewallOfflineAPI.dll,253CD49AC4E0B1674922D0C800E4540BA6F1291BB4EAE9D47FAE800F86A7DDBE
FirstLogonAnim.exe,96EC7820603A983285A982FF7D26A688C7DE3184FDD73041655044162B9A35C4
fixmapi.exe,D7543AF34C8F5C5A49DDEA6607B4B43C189799EE174566020EC34CC734476D85
flattemp.exe,FE795B77241D724142A118FD898266E840691ABBD77E8224609C91055D75F867
FlightSettings.dll,D295D9035E0E9650F94E9C7F1B8C1040E08C5C26C8A05A3BBDA63634D3EED288
fltLib.dll,A999D4A4A958C8FF97C047E317CC41924D3F626488C7C7160381F0EF99CBB4EE
fltMC.exe,7E2A2A6D4ED446503A677A98EDB90CF12838B5764CE863AFDDAFB45F3B631597
FluencyDS.dll,7DEC43F07FD0BA0D16AB9AFC9FDEF50AC6613DD20283FBD03977C2E8637F3359
fmapi.dll,CD375AEAB416E68C62ED19BC2F2C5E59725CE3BE1F92F2DAAEA0C8298917D4ED
fmifs.dll,9338DD565F9C17C5B496D95D5088765D7EE0DCA909FA01FA9CB3B8CA7DC65261
fms.dll,8B62014736B933A0F66789C2C6A8E0D71C360DEE9307383834EFECF471283B23
FntCache.dll,64C6CCE35ACCF9E643B7542054E7A0D8A710E8DA9662DCFC0A2009FD4B7C567F
fodhelper.exe,C546E05D705FFDD5E1E18D40E2E7397F186A7C47FA5FC21F234222D057227CF5
FolderProvider.dll,0B26D9029EBEE8B2F9ADEED8813EE3999D52EA3576C6167392466A72EECA8CFE
Fondue.exe,8F4758F2B671E901CFC743FB7F3BD7B63094D84D55B4D8F7EB0722BA1205A6D2
fontdrvhost.exe,01EC9691248220B6ACE4C749CDBCB370EC6610FB4D0DD99F66529E5A0C8B48CE
fontext.dll,033BD4B112379E8252286B701DB2A3038419C40655E90EBD022287AA32DD8D6E
FontGlyphAnimator.dll,CC749168CA58DB36784A5517264F3B4F1F51D1F35F6C58BB9F6D8C80E7162872
fontgroupsoverride.dll,EA56053B9D003CA1D62299ED40300510DADBFA1C4496BA34617F71A7B1B29B03
FontProvider.dll,8BF811040BA0D17765C176E5FD23A172E604E8DBF1BB96E3BACB0EF9ECF991E6
fontsub.dll,2366240996254647573651767A19AB2781DA5D2E0775542ED595A8FECE4AF901
fontview.exe,3D20938ABDFC1BCBDD5FCDE9DC6C813C99C5B20A187BB944EA4FE4B1AC0EECE8
forfiles.exe,7074D2A9C3D669A15D5B3A7BA1226DBBA05888CC537CF055FED6371F32F0C1F5
fphc.dll,AC05864873C3267B42F6F03821D9C4F829329BBE31B7B8851358CCA0B2D4981D
framedyn.dll,EFAD3D5181333FAA5FB523E6D62D8A13D1D31303E5CD5157BED94B81B4FDFE23
framedynos.dll,A54F796412E81A6B6FF1A657B482673B6836E99E0CDC5B924FF25AFFE814159B
FrameServer.dll,CED4D47226E21FEA4B22B88838C0D5040B008781A08983827B5D3DCD1817C7E8
FrameServerClient.dll,A3EFCC9AAC8D433A715BD1F0AB8377352C9C8F5D110999A11BFE815BF2F2B947
frprov.dll,66BC91F2E75BB32D5D73B1BD674FEE159315F514DF930682AA71F89EBD84AD99
fsavailux.exe,B6F49FBE12F91BEC54CF7EC214F808DB0DCA04F99B71FAE2F47A75EBAE16521E
FsIso.exe,22FEA2C1EA9D0A26748B14128BFB342706BE7BABDF60721FA895B6A9B82A96D3
FsNVSDeviceSource.dll,9768F4A2D11A66DC0D4506C9E4202AF59058213E142D9C1D405034B3D2802AEF
fsquirt.exe,323D09A48B982F2E880F4BC529F6756BBE53CB59CED8DEABBF3705CD5DE935E2
fsutil.exe,B732E4E29A2D768417BBCD1B18368B1BA9BFECF0EB4AF320C27B5D800D1F8DA2
fsutilext.dll,93CDA197A8A6A78FA7F5B7A669D4BA13156E9F066D4CB722DA6A322314E72491
fthsvc.dll,0B43E54341F90429F1347A96CCDC46F2F2AA3E7E342783E9F017DF3B1BF4C3BE
ftp.exe,43784D61F7ABA93CBD8127251229C66FE37B3AF0759CA07E70CA7FA96B13CFB1
ftpconfigext.dll,008E7D1F64BE28F70EA985ADE433B921C5BE65D515818E70C2464979473E96BC
ftpctrlps.dll,1ABBEBC7AC7E8D06889C3DABADE222218FF4070E75DF5E5CF6EEA854E7FEB7E1
ftpextps.dll,73A94C44CEDCAC6F617C7E81CCC1229F89B4BC50D67A22FDA5287D8F2826B31E
ftphost.dll,0FBBF4ADE0FB307B2F26C54A9F50685AF6E418329E7767FD4700379827096B34
ftpmib.dll,0D03B9AC17A51302A234A77B85F8027C42733AFC0937DC7E1DC485A550BA974F
ftpres.dll,EE623820A023A9EBFF853D9D3528D3634161BD3BB65C664F6511719B6223B789
ftpsvc.dll,D5298600584D26295A585048C5DB47AFF386B9495A47229A5617C65323C378B4
fundisc.dll,F25FA575AE6CC491973CE83426D19BC5FF6EC98346A09CA5D662C5F5F962FE6D
fusion.dll,D0F8485D0B47094EA2A4A4D0CF9F6556A750CC95656EED37C6A40A740C082BED
FusionV2.dll,00ACCB2F3D21E974A522FDCC3EE5A57EC897BC8955256A79EFAECC3709D9E6BB
fveapi.dll,04F815EC3105BE670DABE97BB9B83938703250F7A200B94EA1D625D1BCECA817
fveapibase.dll,6C27734BB0A5591D4176264A2F7A6C53492E346A0854970DA6EF6331C3BB3EE3
fvecerts.dll,07F3CEE75671BB5B12412AD2C6961FE2F2A312B330162404576CA299CB48BF9D
fvecpl.dll,E5908B32B59DDEA32A9CB4A311FCBBD576705BEE4F4DF2E4BD7D86E2E7D45C46
fvenotify.exe,B7FD898228EFFC5C80349B74175337486E43F327782B3CF37CC6C81FF5F934C5
fveprompt.exe,B19A10A4B7660993F686873D7B9FC7F686AFB5FFA77F7FBB51DA11FB7D220169
fvereseal.dll,56D173F4CAC55D70AC51002EFBD38DACB082D1D55F23F488A67B7F2FDADDFBBE
fveskybackup.dll,75F468A8C08BBAD2EBA90BB2E3C7B23F86FE13426B0FF9C19EEE922139ACBBBB
fveui.dll,4C624D7206ED5DB59CD0E6820B5EC348305B9C7048850AD701DD32B96C885BCF
fveupdateai.dll,D282527CCB258A9BA2A59F73AEC38E77C63E107DBCB47A62E6F17A84A88609CD
fvewiz.dll,361AC83A34D880B20719467B8CA84FF3BCDA5C825C62174C4706CFCA3A8EC8CB
fwbase.dll,E75143AED40F779878BA27783DB79E1FE44219483F6BEB51F75F6D9D0F4703FB
fwcfg.dll,1382421A2D673881E60E65178C542DD02F7096A7F8137B6A4CB0E3A00564CFDF
fwmdmcsp.dll,EAFFABC3D4428643F8038887035AF3178F3746A763B1828CB3C9FA61738A95CC
fwpolicyiomgr.dll,B8BDBF5D2E6B2A7868D25AF7C656B366CA4E82C66BF0485DBEED2CAA7B9D20A5
FWPUCLNT.DLL,B37707F44247846A919942EDE85CD7FD0BF90D552D210E2EFA7894A3C18D9808
FwRemoteSvr.dll,395413808D68FC1B3F8C324614783CF0E96EC40AF0F5DC4E4D9B39998E82B668
FXSAPI.DLL,DBE2FB1E2F58C300189423AAE3F1F41673A948BA05454A740D8D13F7C96A3880
FXSCOM.dll,C65E0A363E371C16EEFDC769A2F48F7452B86F86A36CBB5385FE31B1C6B79EAA
FXSCOMEX.dll,C14CE8964DF02C24131ABE9E84E1C6CB8360D7C136C5144E72D8DF427DFEA677
FXSCOMPOSE.dll,21BE0BF57439B720D6F5470462B119F4B2AAB35735347E6E2129530B668136FD
FXSCOMPOSERES.dll,B27BF7BD4024F2C03D8CF5A0F6AEDABAC41601619253D019F0C2823785C0C0B8
FXSCOVER.exe,30618970BFC7320B124DC3B84B6887B848F9CBB21F2B14C337C06BF9A3FD9754
FXSDRV.DLL,87D2842EB1062EF7D96E608F586F2F605C583045D27A4492418D623B97147971
FXSEVENT.dll,B6C73501B4DDADED653419BDCD7F51396A0A2ECCC9859680633E7B0AE67A42D1
FXSEXT32.dll,4BDBF02BC5DEF1ECC09A8DA1D8D8BEF774A4A494251A953E3D879231E8F34311
FXSMON.dll,C95A862F1637AD82B7B69B97985DAF4425B04F8076598F6B265EDCB403057807
FXSOCM.dll,8F57FCA8E8FE1E401AFF400318A49966E6BF8CECC1014A7337D5B9DE4D6FA115
FXSRES.DLL,753EA1C91F58093CE8029539267136D4D84D78CE1E9DF864C53BC195B6CC5C8D
FXSRESM.dll,3E70C4525FE45C2F1FD4740A1C0733D1209DA93422963A4014D31E2717F74ACC
FXSROUTE.dll,24ADD798CBFD600E83862945788C238510EB4C6BDB1AE41F4B3604076E1B54CA
FXSST.dll,E511EA66C9354A5BD43AACB4E8D351FF93FDBC2DF759E3EA485CCCE59A0674A4
FXSSVC.exe,19B0C89D01B857D126B562AD21668270DC4687F172F22326F009639D23D9074D
FXST30.dll,697D38D7B4BEC921740635D942FDB39FE35237D4178376C8AACA7336B0D60A39
FXSTIFF.DLL,D8B2200E633C415827CCDBA3BF043EEBC2C1A6341DCF8EA8B6F9C01A58B9DAAA
FXSUI.DLL,3CCBDE31AC31BC85579016C9C9A54F384FD9D8FC5E5A9077205AFF96338A5333
FXSUNATD.exe,88624978DD8D786780DFCC9E72A6536929A8413468A338BAA73562E732BF6F67
FXSUTILITY.dll,3F22C772319350C4A50C6464E3C764B1E25E91DCCB590F0C9F8B93A2C79092CA
FXSWZRD.DLL,52B97DF65EB1FD1FFFDDC88EC35284433B6747AA33C29ABFCD73EED3CCFE0C36
FXSXP32.dll,9CE84DD67896D28D622A0BC5838774FB23205567CC9A5B937F5087CDC985F699
GameBarPresenceWriter.exe,367E0B847AB565480D61FF54F5EAE50D00EA783085EBF0D10AA58DA7385D56B3
GameBarPresenceWriter.proxy.dll,0C70F1937B810DA6E4ACE957F9576EFA0E321DF19F3668E565FF14043B841995
GameChatOverlayExt.dll,56871BE7E7CDF0F5970F3A8A0E86301E630B51DACECB8F644E4AD48C28722FBA
GameChatTranscription.dll,37BB9F6015147AAB4D6D763C4DCCF482F3886485BBEACF11BC551E935F8E8AA1
GameInput.dll,DA4497D8B535D5867D4090AEFBB500312F36E2AD47C8377DDF48912454BAC64D
gamemode.dll,39369CFB966D02CA2DF0050AB765F051A0547E8A443203B26F7BAA3EA6AEC113
GamePanel.exe,8292E96F19DF3DBE7664E645A2A16E0A2796C9BD9D3E8D4441AF8B32FED335F1
GamePanelExternalHook.dll,1D1E24F850E7B892625537C7F798B5F9EF2E2BEBE18DA2762662725045A1E634
gamestreamingext.dll,6B41E10B880742E9D5343D9989AA89EC6AD6C8554FBD004B0E70FD250B7525DC
gameux.dll,19EB4AE4F36A202BD82FE1F91880A765C5FEB96C477F4AB63BCC01C91416F147
gamingtcui.dll,A1EA748EA251DEFF52FA9BEE5496E0EA3EAD63E7FD86EB1136EF055ABC98DF1E
GamingTcuiHelpers.dll,C371BBBB8526339BCF30CF603EF1CB2022055F8D42B866119AFFE9A7CAC1E477
GazeInputInternal.dll,7198B5611CB068D4B3D949287E08BBE1528B5B61EAE8F2083D8569075DA58DE5
GazeInteraction.dll,901193BD2184BA35B67D24C59B325B43886A3C94669999F7ECF4B0E9D02E547A
gcdef.dll,195ABA5BAA06F5DE56EEABA60E9DCD15A54E8C3897FA4AB16EF96E17542D2B29
gdi32.dll,9A0D401A097A954AAE9A94BBCBA75863537194BB786C863C490A6EAD2508555C
gdi32full.dll,9153D0FDB9754D1A3C983B2F73A8BDC58ED780A345F258AE7ED0B9089DC1C068
GdiPlus.dll,66732F097FE39D370410D85AEC9A86F373638E7CAC46473DA799E9E666FC6C8B
gdp.dll,6554C1C83391DF1C30A1B183E3B6A2775F8DC84173FD582DC895C6FDF6E8AD94
generaltel.dll,1820F1408192E9C6A83E7E702A214030D2EEBC78EEE0B4889F2FA92213F40D22
GenericProvider.dll,AF1D2D4D2EA72C09F694EB945CC927F5D9EFE770D7E9DC3B79DB05B526C1D304
GenValObj.exe,659916B184E069B3781BD8928CD0FDAEACEB7A713C7C5E5558E475D51B391341
Geocommon.dll,97C841FC540D67AB148AA82D7468ACDB4467425D00D159285FFBC74EA15A2291
Geolocation.dll,3D345236CC4931792C983F6C8FED0DACAFAF1C9D072D14A340E72218DB110547
getmac.exe,AF862B278038DC2A84DEE82932CFDCFFC837A747C7852DC905DE72300C6FD937
getuname.dll,0CBEB415A66083408897C5C8D404BFA2B32132CC49C203969125A106AE2C0520
gio-2.0-0.dll,E2F7920D4BFF31143A2D92D94CDED13C8FEE2B1878BF66B115A44E0D3568CC01
girepository-2.0-0.dll,000BACD277564EE8D2D2B22C8004DDB21DAD042446CB1A8980409065BD174004
glib-2.0-0.dll,AF5B925AE63F986D249E02202916158A2E6B660B91EE5A0F9ED23FA98E7E8DEF
glibmm-2.68-1.dll,68A1CF2393917FC2E3E6FB70AD0B983068815C4598DAF0152B73D75EAB5C0286
glmf32.dll,5CB645B5C4CCDE48441122B786688A98CF800FF7A1EA7E7D5E8FA62A9BDA769F
globinputhost.dll,968C041C123A65B1E3F7BE8A3512E0981C177243997AADA7401C10AE73DCA6C4
glu32.dll,3632D3BF70D14DE7987A7895CE9B99B2A760F8EDDA80C73AAE0D36F7D5F277AF
gmodule-2.0-0.dll,06171AB2B202FC6CE4812BF96365DE6387362E5D7B79AE15A4BACF0EB9F74460
gmsaclient.dll,E0BE42063592FAC4F49233A95CB87E6E6C300B6393CE48B4DF6C725BEF50D074
gns.dll,776B6C776988723B7AB41BBE2F551567CB5AF9AB2AD1120718561A338795040E
gnsdk_fp.dll,4693131C3B120A12AF6054C90267207DB0EAADD435CB29A016F136C9270978FA
gobject-2.0-0.dll,C1D2C94798A3A2D68FDD88F204396FA03B1F4317C2CB8303589EA0674C7D9A84
gpapi.dll,2F41632CB49974E303D4F79FB32933E54C62C66449F79EEEB83D5C49EF4276FF
GPCSEWrapperCsp.dll,0527EA246EAA9766DC66FC7BBF144E7186BCB8B33C176AF5405E738C1F2165B7
gpedit.dll,72CBD3B2092704ED5D91ED25C03952F5F358E0F0157D05120279058A2A8C286D
gpprefcl.dll,48F68D63337A86D9A5FC3F70725EC281F9ACF8A36B8D3535B71E6995D0C6A808
gpprnext.dll,5C98E007426D753B7904A840E65ECA07F1FC129F207A6A0C08DD1D94C115D0F4
gpresult.exe,D4C00FBEE122390A208C732F0B0EEB93A02F1C4F44D8300638DD329C79A78758
gpscript.dll,6F3C62B409FEA93E93990E9DD699ACD69E59369B6A75197F1F1D7498A1D5621F
gpscript.exe,62C0285506EEAE82084AA1D1C8F725B7DA6B24DC9B84B944BE8DEDA3DE28DA9A
gpsvc.dll,A51070455482A53EE455E850BCA6B309DE902B43551A05D0C3D775E2E6171357
gptext.dll,F0BC9D6F85CD02904990BB3FC12B5F3C1F8CF2B5B27FDE8D60FE8E5DC50DB588
gpupdate.exe,9732B6C10D74C01D69BE9D61F2056B4F30FF911045A14126D0C1352D02C276E3
gpupvdev.dll,1F6676E574120AE79C3A3614ADA2A285067BC7E4A2AA373A6F08DF3E598ECCF8
GraphicsCapture.dll,D365CE5F2DD90A115B685F0282372AB270FEBC2711C754E36FEF94A85BB79D60
GraphicsPerfSvc.dll,7C059098A69C513CB93BF15583C9D11E4E83096FB94FD5C46584E74A988D6828
Groupinghc.dll,888FADF7A9CF6EAD1EAE4D6BBF0B9C167D09C133F8DDC5BE2DF77886C2438FE0
grouptrusteeai.dll,912C4482301CBECB8D3160FB44EB7EE6BE6A247F11EFD7976EA697A7C70E1111
grpconv.exe,3B496786568A0A35780B0AF76AC486C24FEFA867C663DD931A86DB6A263E992C
gthread-2.0-0.dll,2A13F4D02890C80C6C9E85C6BCA3F55635693B7FB1801DFC84297304DA5206E3
guestInfo.dll,0A08731CDE9E807CA4DDF03C26DFBE01F1BD6325EEDD51B53EC81EC823952B28
guestStore.dll,74F571F9BEED8019C059B8FDD0197C67B142AE90E39159F7BD12A692A2962DBE
guestStoreClient.dll,CF553B7553B663000546542A22AEB192AF624F45F915691A40D6EEDE19562D3A
guestStoreUpgrade.dll,D2F0EF2804961BAD1E25352B5AF9EF6A72CE024B0A4F4B038F33FD415734E38E
gzip.dll,0F227623E9FFA46ABA0CA66E8C78259D8CFA0EB24136B68A7939DDB7489C4F57
hal.dll,7FA9588BFF7C3156C8C4E6F04777A916DA56D0FF06A1D7DCA3118D08FFA75DD9
HalExtIntcLpioDMA.dll,3DA7CF0676ADF77A65D46964EF738400C549963364208D6D2ECE1BB120B1F357
HalExtPL080.dll,F9628BBB86714C0784D50F129AAF69E1EEF357158C456B12AE7D77C2EECE41F8
hascsp.dll,B34157CB6F430FF4CC6CFD68DB3F20885FD21B17B1D2E3CB8AC2693D9C3ADB2B
HashtagDS.dll,BC4FEEB63EF36301141113DCC6AD8B437421E7C6E3DD85371264E0A316063928
hbaapi.dll,1640B3E5A73D09AC3F1FE4EA1B548475B895C6213D6BA41869F649157E0158DF
hcproviders.dll,81C5415F065BB75E894EC0B54A76DCB8B6AAEC9083D736308A5EC794F6691C31
hcsdiag.exe,1888A4BD6C26B4E77CD1F00596C8D8A4D309D8D43737E5D1874B620AC5B13DE6
HdcpHandler.dll,51E6FE98408284A6910A3D9FF0DE22068A5E48C8F0F79103A030F1DC4B23C9BF
hdwwiz.exe,81D43AD111BD8B8DAD77E0C36E0D420332889FB9B473857DBA779EA0C070442C
HeatCore.dll,4579221401CC46B1DC57CD71117EABE5958DD72203665D0682F619A5D173D395
HelloFace.dll,FF6DB906DC79484B4CC6D3EDFE733C0C7B98EB0E725067FE5F7F2965B7DC3147
help.exe,53827A12373901FCA002C3FC012D0BCE0C4AF422A7CF12CAD19C655C903314E3
HelpPane.exe,3EC966736524695C7499B63D46A8482BE8E127CE9E18C3D48D58BC1A70FC173A
HelpPaneProxy.dll,227DC9620105686DAE1A4A66415BFD19AAC651E28ECFD009EE7F76B891EA39C5
hgattest.dll,A5DE2E60BC92E668503CCF4AD5A3B3E82A2FBEEB7AF32002AEEC7CCE0D57AE74
hgclientservice.dll,E1B072209ACD4D32AC3941FCEC857D1163F05DB50DA744E2F7412731D17254DC
hgclientserviceps.dll,ED73136987E9082166A6C01C68C0AD02C651B981DB3FD6FE2D545325F6F2F45B
hgcpl.dll,75EFF47FA8B03BCF4AC2EF1D49FD5103AF4035F7436D0962266BC8EECB32A23B
hgfs.dll,B91D9EE5B6F1DBD7CA8D1EC494A487199F7869CC4CCE2EE186713EEE77A1BE42
hgfsServer.dll,A036CD2859469147D1616D0CB24B2230F0DA4D422ED84B0DBFD96326DAF23717
hgfsUsability.dll,49DBA375730E8211E43071A78CB37D581A8D8A80D61794C829549A5144C069B5
hgprint.dll,B11287FD14D8DD4607F8DCA66A1101E56F6A0C1AF49A3A6DD3310313F607B99C
hgsclientplugin.dll,DC68C581AE59C448DCECE414893B59DD141A3B33DCEBE5B143C5BBE0F939059B
HgsClientWmi.dll,ACF3C2047D837287B6AB9BDC39EE8967DAA9CA4FC31B0C31DBD2B94C49465AB6
hh.exe,EB63FD45ED7EC773ECCAF0F20D44BC9B4ED0A3E01779D62321B1DA954A0F6EB8
hhsetup.dll,038B6AAAD136E12707F09628C640D7DD56F4403232CA23A88F864FDD5085EF3F
hid.dll,FC86AFC2017474063228504EDD037B4F0C39B2BD475BCA09CF041265A13951C6
HidCfu.dll,4CF80B9AFBB8AA80D1AD59D5C382E4F8A8BFCF002923DD66C229B8FCB430B48E
hidscanner.dll,678A718647B162717DFF6D495183529970E6158DE62F1FF353008A688A22BEF7
hidserv.dll,BACCEACE8DEE5C6EE64F5588EB330F94E226EDA184FA420754EF3DDDD8B54039
HidTelephony.dll,D67CC6465FD34831A54722FC277F65BEA1BF833CD883AC87EF83E7ECE8136443
hlink.dll,2995B1F3DC5188C2D9CD5922AF25CE7CAB03D359E8699512FAD0D03AE46DAB32
hmkd.dll,2B7A6574A3EE5AC19FF73B208C21A848F36D63959351F709D6407DBCC8EFC973
hmmapi.dll,4F54F910A146DA2E489827C1B55342B73F4CE7ADC2C7C9E49CEA6DA1D9343B82
hnetcfg.dll,01903E7EBD5F937ACB7CC51A838D278BD0B785C6BB1FCCF8CA565E4AD343E280
HNetCfgClient.dll,9658D93595179CB9882876465261B3B8D679E1B74CFA79CC766D858341F3C97B
hnetmon.dll,9DB52EC2E62C504283654074702724937E23169F04B0E87740F630F2EBF1EDFA
hnsdiag.exe,49E1A34C4E84FD61B429AE0ABAE31FBB8085D039F7CBB8B3C8859D93B453674F
hnsproxy.dll,E6C5C2DF4A1FA0865D3DFE026706D1B72CF0966FB2026B586758E8C61B82BBF9
HologramCompositor.dll,8FECBAFD6D652D726BC852A2717F8975A50DEBC1EE7D672CAB84FD2D372E1705
HologramWorld.dll,725A85DF7D1805B16033DD77390DB2B90E28168698970FD3202C461BB3C180F5
HolographicExtensions.dll,DB35CFE8FA9B03E45E55762171EA7B862E44F50AB3DBCE695C1CC88197E327F3
HolographicRuntimes.dll,20759DEB3F74D42BBC7BCAB3D944BEE4914E8D67A80A7E732BB2A864EFF4E3CD
HoloShellRuntime.dll,71168F13F171034E78D98EE146A2D7738F6D1952DB5F9300D841BD33068E4FC1
HoloSHExtensions.dll,2615926D93BE1BFD2A9291E117E2EAAEE8E3D0B1CBA963D6B9F12D15FF3444DE
HoloSI.PCShell.dll,15FED2E04A5254F51242B0E946191E6034C43233104B62FC76220B438305073F
HostGuardianServiceClientResources.dll,3E81FAF8D827E21F9B0EE98C702B0F7AE4EBC6A8BF95607BE26AD9E78483FA1C
HOSTNAME.EXE,379CBA8D0A1288E316126AC75A354C03BE76A61EAD6BD5EC6C72ED7DA3DC49D9
HostNetSvc.dll,5A1A96726F49C01FC6E080D37DDD50D733C90C218181608A5BE28304A249F106
hotplug.dll,6B11DE1E680EF9FFA979F75ED12319A1EB90B01BD68665DB7F7E3042F04FB88A
HrtfApo.dll,9ED3CEA6A545AC7498EC4810ACA8F9E5D782A281AF81AF8ED946DB74B95A03B5
httpai.dll,04EA20B4269DECA1E0E56F8E074E7E69349A169AD64F72E2EED1872F6E5E27D9
httpapi.dll,BC3659673079E14E99A9155BB65C0940F0E30287758D4196B69C344468EB3F69
httpmib.dll,42AD25E9AE34F68CCDC31BC339E776A6742C36C928F115E4D83D31D0966F7FAE
httpprxc.dll,1FC81364857DD8DC0983AA4BC6D64F2FF3C74AA6862CC9B3989E6744E6CC8AB5
httpprxm.dll,5DB581165301B488A765B4FF89DD0C9165517A5E4D9F09C0D4EA52FBF342817C
httpprxp.dll,F5365CF2513B071A02D36DE223A05D505549807719060D3AB55A8274F78B91A6
HttpsDataSource.dll,48FC3201BE2E1F8C29A7849EBAC092BE9D7FA18B5DD2D60458B3692C191A7008
htui.dll,4B4050A3B80AA326085F49497F8EB42902ED2203F1B6B57DCCEE00BF953332A3
hvax64.exe,2423E24CA12C7B4E86199D8509565C95162C3BB89DFFCF0E19F8BBDFB944F51D
hvc.exe,506C7722F044BFCAA8E992C18898A3B849C230713EC2E95619C811A086FFE536
hvhostsvc.dll,776C772E69CF9D81D8511201813DD79F2106DC7D2547B4FA700432AE9B73C202
hvix64.exe,AB89E0C93CF8B28E7B1E4B7E4854C204D43ACCE8F2ED2DB3A1868932704786D2
hvloader.dll,7000A5F41F34D29AC5844BC3C45DC8674E3D7C868F9EF8B5CCE95586BF499777
hvsicontainerservice.dll,94E7900B4925C6011714395876C4E3FC4EE363BB15E175A9712C1B46AE9932E4
hvsiDspdvcclient.dll,FE939F2EB966DB135A603782F91717CE162F36E6DF0B4301BC375C25975DB868
hvsievaluator.exe,122456F375E7A932B7157544560FF05FED44356980DD17BB2F3789349512D693
hvsifiletrust.dll,0D52014784C7D72CC00C87AB9C70F57786453A5B4EFA5683A55E2F9596C26D51
hvsigpext.dll,FB91CD4CC9F162FB0F2A76F9F040840B24E35BA92E74413EACF4B4B5FD463DFD
HvsiMachinePolicies.dll,2045357FAA04275E941878187BD50767A49B698EE6AE08633167F016208F0B04
HvsiManagementApi.dll,00FD654E48B48BE8159CA39396388D007BDFEE276426AF18D13D63DEFAB01282
hvsimgr.exe,1247EF743BA6B8C5B8B7E52F3FCA314B6BD37751889A014790D58F440F66B2DD
hvsimgrps.dll,73CE06A64BBD1B0BC93CC48C34EAA16A14D2D5F8FABCD372EE3097407E5DA317
hvsiproxyapp.exe,E898CCC38653795373CAF709B8BFE0547C00229FB1C2BA641499D6219203C296
hvsirdpclient.exe,AC7538E71EFE7F3AE1AB3548AB7D8C83A4136E9BC82814C633BFBF1CE7D8B509
hvsirpcd.exe,47CAD4A02F8E0FD10D974EBFD550A9AA3C89CC9A9A1D019014F36C1AEFA1B722
HvsiSettingsProvider.dll,CEC65147B2B929FBFFDA8364C7423AA17EE544D44A584B99E78AD442B5DA25CC
HvsiSettingsWorker.exe,47C79CEA62E2C2B502DE29F0DFAD00C1C8B192615EAD1CBC98F36663127643DA
HvSocket.dll,4D52AD5075B4D06287C375C1AFFF17B0CBB2DF0C2B45BA97C25BCA3170B9BD97
hwebcore.dll,303D4DC5CA7D05CAC8BCD1F8A80EC534F16503A659F0E5315E4BB7FD8BDF8BDF
hwUpgradeHelper.dll,B1F22A24882CDDCC6AF0AD092D11F7A21AF6BA7A4A884CB00457450880DA28C0
hwvidmigplugin.dll,2F62E43B4044F442BEB371CF1E824BA393F7BBE70760F9568DB720066022AEE3
Hydrogen.dll,3ED2E1F60E6278173859A0DA67C69ADFDFF38A47B590C1DB3E38AC9355018702
HyperVSysprepProvider.dll,6B84204C49606899C8E3909FD9988B9FD9932A7AABD50BA28CC94DC1E56C5D83
IA2ComProxy.dll,F0F537E92DC1537179D533990BD79B4416EEADD033D850FD2F387D8D9143AB0D
ias.dll,140A75A7C574B5C7FB828EBA5EA603AF1264FB3D9F7F86B4FF5D0C71EA5638B4
iasacct.dll,D9E303E8861DA9487811923EE4026175EB5D08EFDDCCAD5096A566FFAA0C6322
iasads.dll,26E00BD8C529D0DA4465F15CA56350C76AE346A788371529B6DE76A000E98BBB
iasdatastore.dll,002DE7B7FA399F8190B5942D14C996F7BF3AA61E2FC25C215FD953811B6A5711
iashlpr.dll,3E2587801DE8731ADAB27D75B4358E8368A13E72738C78156D9BD57DA3A372DB
IasMigPlugin.dll,4293119D97AD857EFD7E1E7A2349AF318DA90B13D0B32525197BF426C8F787B9
iasnap.dll,58006698A984E04DBC7863EBFAF652215A8FC0954953A93DE1216AB233DF5565
iaspolcy.dll,9C058F519281A083071A0018A67D41CD22F1EE87B4468EFA2D58D6AE223F4004
iasrad.dll,C53BFCA90469328E5706431BC2674F66CEF6BA8550B444C5343952B36C10B774
iasrecst.dll,5186507FA140B8E48DCF4C7FB3BBFE78E6A32A22BE8382301E9FA4A1A288B9F2
iassam.dll,8A67D3DE20F03856FD4F89232F616C0F9AD783DBFD3FC9ABF9F278FE4FA28842
iassdo.dll,732A55F83918F005A6D9D9F401E1A13F8FBAD4CAD4DC9D22F7FA89286CE1CB15
iassvcs.dll,91B4E6D4D1367355C49FB3D0D5880D0B293EBD812BDC0975EE43D9B97878E14C
IBSProvider.dll,DA03CCF77CF18A56F36ED8C5E517EDAFA1935F8D1C8AD9EBF7F4825FC933B878
icacls.exe,468F69606E8F341B8822D20F6557CC1C2BE1BA61FFBC47988540C8674F46017B
iccvid.dll,C11795A6125FEA7B279C4B0B53C344E179100C51797A8F1F7085500120BD7773
icfupgd.dll,46CCA9DA25F3B6EE574C2AB4711253931B25C05D3BD9761D23C80D52F8CA9AE5
icm32.dll,BEC14B01BA9C2F664FE42974A68957757A4B902C7E568B280AB151E7CFC43B86
icmp.dll,7CF9EEBBA0742BDCCE8763E80FC6E8C724B7FF0B5B2084E757666BFF6397C779
icmui.dll,564E2F4EB0A68FC49C4CDA49FEBF74B78D72774879F4B1394F2EC199174B1F34
IconCodecService.dll,81F3E73C0ABF9D5F908E12BBE6D7B20737BF11B73BD0CAEAD8DE5F8261A87910
iconv.dll,D9C2C2D3A79B7C2A8A4E850B6500F652E716DFF06A9FDDB92372754DD3F75CB3
IcsEntitlementHost.exe,E7619637635A78F1F16A4A40C962FCCF207D1EDD4F64579EF192DA7791B4CFDC
icsigd.dll,121DB0447A8C76452423CCE4613A38CED2CE323DBD69766DE12B70D176E50E41
icsunattend.exe,732B8722B6C44DFB9DB2E28C22638150DD64540BC4480DDF585E6E5890DCF72A
icsvc.dll,BD96CD0EF7B84C55DB525D655F19DE7B63756B7F3554AEBDF8F4A7A0BF2507FC
icsvcext.dll,01FFB4245D5D1C54BE2879B3941D7402738956406A32DC3E9BB9FF435A04FD8E
icu.dll,1CA478E93EE795908D6A9270AF0B381A2DBE8C1D35934322EE850C9541587262
icuin.dll,B0EBC9AA38B12138FD4D54DDF65F8BA7AF9D71D24B8BD1F37ED198790F4E19CC
icuuc.dll,B07282879EF715CA63199339CFC1C349F53998A1D67297A5DF76870BFFCA3F6A
IdCtrls.dll,F16C6EFE0E4DD2DC39ABC29608039F575F6329DB8EBA0B9B49230A8835401423
IddCx.dll,690F128BE8CE5356344D7B812B4C61AF21C65F5B29772D8B52FBE0CDC656F4D1
identity_helper.exe,280E36D70C3EC664C202B9BF2A8415B38D1EFBCD57926EA0A7B5A9D103936FFE
IdListen.dll,020D459FAFC52BF48A0FF9BB9E2D955311AB386227624B264B463B51E3288473
idndl.dll,29F9F3EC8A2AF0DA243C7D4D0D847DA5F081C2C1AE6C75FCCEA5E8D8D177F815
IDStore.dll,08876822135769515B0672522B9BCB9072949D9DED49631C656B588649A9EB11
idtsec.dll,0EB0196A947D10F476D6B754823F5B567D5D8A6129545AD24BF64F1F369BB1DF
ie4uinit.exe,02C8A8C376DFD0A626FB00030BA01ED18011708D45604117DFEBF2F33E6D5C7B
ie4ushowIE.exe,5A5E6A612B19A925AEAA440E7E4F1E2E2DFB7C6DAF6FA3376BF0E00E0F067C02
IEAdvpack.dll,304D1B1731B2D64C768E69A20AC35F65B298AE6EFC9FC11935FE15FB2BC68B99
ieapfltr.dll,3C2BD7A8B6185D4E3084727173DA3E59E7D552B6C1826EBAF1F9A79C1BCB628C
IEChooser.exe,B89E23E33782A969EB03D975A486A5EAC0291CDB45F9A14ECD929D7D77A92784
iediagcmd.exe,C6AA1294F6A5AA52DC8CA2800065F22F7A0A8B5C1F5EC3E1761145D2E12024BE
iedkcs32.dll,7BFE760D75DC93F1561B6B78A0AF4678F5799A13C81965AB225ABAEC31109326
IEFileInstallAI.dll,3989BA1529D832E5507475E237DC32A135CB04A07396E9CB3EC3BB2851189DDE
ieframe.dll,14E3CA83821D90DAEA93542B7747255D1855867D32B910EA6C7C5F885EA917C9
ieinstal.exe,A71004C20ABC2216D52137A41B72703841DA8BAB3A97A60EEDF77A37E951609F
ielowutil.exe,30E2D946D30D0A88DE97301661B47E1BA797D7787CF054231FB35144BEF4339B
iemigplugin.dll,EE393F0114BBE33113E460B870B3E2344DF9BB9FFB1F0B8D0F7E35A9514F8268
iepeers.dll,EC0BD6194430ED4724B93B99861ADE4027CAD51983A5580FCD3F83B63E0D78F2
ieproxy.dll,FCE37293B6096466D49C854F2DB624DF18D1C9F0BA8971D06705AF0A01A2E42E
iernonce.dll,80CA366B88C0E69C26D3CBEFD047D4E2BC800B75335A2DD54EEE2C418E4A61DC
iertutil.dll,75716575464EEC940C17760DFB92C5FCFFC7B8974AAB335755851710C7F079FC
IESettingSync.exe,A51D1BAE42BB7CAECDA816EADDAE188D9DAEC9F44C4ACD35E26A1C83A07AB5D6
iesetup.dll,5CAE4583B28DCD7581ECBA8AF147877EA22A8CB05B4F6B558627476F64CF7AFA
IEShims.dll,7D5863C6E35DF6E1C9537C820B21FD92558CC3EDD0DDC02D9518A2BE254FFF15
iesysprep.dll,B35CEBBD14259FD0B78C64C970C73DB2E63E64CE8C9F99295E51C1D56CC652C5
ieui.dll,1FA50E3182297864AB8C8D29F2123F9A374B0E7774C5D80C8BCA8540AA133306
ieUnatt.exe,D3881AEA8DC3FA20B60EB15FBA561B5AF4DBAECE3CF3B643B755425FEB864263
iexplore.exe,853215467E3D0B34E2B5533421B5846EE63EA163C669DA52850BB5344B80EA23
iexpress.exe,DD2C185DEAE89D41F42FB9903AA274AE70B103EA2285184C4565F39B69DF945F
ie_to_edge_bho.dll,A83C47C9C1ECFC2D258A3B35F0D5CB6BCB9DCD68994A25A110702ECE07A37868
ie_to_edge_bho_64.dll,3205087262FF8523FA2C4F492F5994A9AFDF6A6D20264024A7E23B8AD5380395
ie_to_edge_stub.exe,3F37E885A96C7EDB243885D025B28FC1A15F4591FF394CD5DBCE8565E6189222
ifmon.dll,ABFC652F0E77B5BB9241F8B75BF60189B49608E0B453C478795CAA982152B1AD
ifsutil.dll,0578DB673D8010529BA76C40C7CB73998E7D491B59AD39614E35E8EE0F8117C6
ifsutilx.dll,3E4E9E82040FB177E27DB3C668023547342FDB54286CD3ADC0B59089E2F3DF46
igdDiag.dll,8C8C72E4D0162FB0019F6783BEAF1DDA8305C7673F8A35023E5103113ED1889B
IHDS.DLL,B5B33C936AC33F0F422D133EB077BF3DF19AFFD7036BCEED9309ADC50F3DB99C
ihvrilproxy.dll,5EA8005C06E7BEDFA53C32A5486DEC4B36E2EF4C39190A73927FEFA01E9E6D22
iisadmin.dll,93114B5C2289CAF269AFD7C32FEA8994529215FC8B9566192FA11D4C866AF813
iiscertprovider.dll,1D456F19593EB643E1D20CDC07E63EEF5DD5A628D965D0612851C91C6D2707E0
iiscfg.dll,42931156CB24F0E0C489F51618D304D1F5FA188F0F6FADCB9F09C4511B6CB8DC
iiscore.dll,8C7011C9D4F297216B9E5D2B2EFE58F73F760D844E4FF87BB0505B729398ED9B
iisetw.dll,493EF22F5C9F6CBCE0DBA1632BA0A2F181518C3F0F639C11E05A8A5A81C222B2
iisext.dll,9C2BC05ECB6301A985BB6D2CEF7D0D4761CDF46D71CFB3A432ED8A9FACC66A30
iisfcgi.dll,28658497505DE0D57F0EB9E53FB3AC2CDBDF0430F0A61AD258CDBA77F84C8502
iisfreb.dll,DF6E7369CD16367885E3CB7F87EE6B2A1398385B1AB74B14845DB92A2280DDAF
iislog.dll,787514EE7AC3B7E6F0E96865F6FEBF1E1B6BB0F75523B5D1D3A31747FB513527
iismig.dll,E1B022D430D58E13D4C61FCA572256F7D217C5D399A4069D5B29BC343757ED29
iismui.dll,1F6660E649C6E9A89E00BFEB9FBA8FC999E2AF1F0AB298D7AF3063E32CC88DE7
iisreg.dll,146BEE39E2DBCE1AF15F69D75C6748117D7D157538132AC6667B71C881329878
iisreqs.dll,053FE46A8C889F9428C7CDE46841AC8BE6A8EAC8DA317EC0E12B5FC64BA6D7CC
iisres.dll,6B4FD64C2990E93B47B41C347E58B42FF3C77843FA05CE3758D11C16788E8250
iisreset.exe,4E093B0F6044478EF242D601B1507C4E60BE57A93FE3A56DF5AA51CCD8B9AC75
iisrstap.dll,EC0B9A7DFC2DB06B32DC8F1492D3B1EFBA3ED26A26A86DE6ECAC74E6DD921977
iisrstas.exe,6F3EA6A6512E57F4EE4E42757FD2F51ED2DFC19EABE78D53729EAD0342FD2B23
iisRtl.dll,80D60775CD2168CB072513813E71EE85C6EFB9541335FEA5E4DA286736B86659
iissetup.exe,800C636505D08D270C1C3606EDE1C47B81E006FE466F229BAD7FB611C0ED5220
iissetupai.dll,F3F44CDD9AC12B2850E1D3F2F3035EBC9F6051110A42DCF25FB0066692BFC8DE
iissyspr.dll,29084C4D084963BDED01439A26AAE8784249FD1D40260874E5FBDCD98B0CA531
iisui.dll,736446AABE13EC95D607584523EA5E07708B33B25F5C3AD704C33218EA08D206
IISUiObj.dll,A361786E96F761676AF57B5512AAEBBD7DC08B52FBCA86716C834FC2C3E21239
iisutil.dll,DB72E1330231EA1027B319089C95E895BDFAEF82B83D128D0702B17AF10ACA69
iisw3adm.dll,23AAD6EAA0E8F0F4393B34112E790CC9ABC3451120A5BAC98B1D305130740BE1
iiswmi.dll,06AD307A1F1467EE806824E211B65D3963C5BA89FD8061F2EF7BD0866DD8DDBA
iiswsock.dll,DD711B7369346A27CCAADFFD409B3622478B1CD63141C83E0436805CDD476F99
iis_ssi.dll,E3DFF7368D0A90905E50E1E8F126521A453EC70EB438BD4048808370CE0A80B4
IKEEXT.DLL,847328C52E5905F4405E33AE148601380C107A47CE9CA912D5519EC6ECBD5D2D
ilasm.exe,6DF06DD5234073D87CC649AD07254D7A73740D5CA4062CD012CC436F4A345902
imagehlp.dll,E179021FF936FD49BA7449514BDEA77AD4747A0445B0BED6EA5CBF66BACCA293
imageres.dll,B86520C4EF54B8D21E67CDECC085892A482901D36258173D526751EDCEC17229
imagesp1.dll,4D830ED09B418F2BF4B76B0E2C97D462C7742953E7FB9D42B979C19E9C8DFB5A
ImagingDevices.exe,3B08281FA642225F812960AA29A2A3D9A7B0156E454A8EFC1FA9B6F6CD7DD46E
ImagingEngine.dll,1160360F25D5D1E263C7EADF03240B251B1DCB4263CB2AFCF431619A08346D0E
ImagingProvider.dll,F6051C78387C43034AC844FD30D056A1DEC30E6701126B8B32CFA9269D1B5FA1
imapi.dll,71751051D6351847625BDD5B69DC9893BCF23E465CA7A38B215AA031B103D1F6
imapi2.dll,49AFEA8A76806AE3A35468315218CFE06812144AB897FD9E55F967D5242837AA
imapi2fs.dll,7EB84DA620591790B753657E10D96143AB3E0C39CC9BB3FB6CFD5DDA424FBC18
IMCCPHR.exe,227A008863401D4C6D070A361CC036240ADD4ADAA9F715D11575A8A99A92AA2E
IMEAPIS.DLL,1C72EBB4CD40FAE3EC7E2F3DE92D3197CCD90D292013B5F911F10E9E8310E936
ImeBroker.exe,B019C9E41E1AE6AF62D461A801021E29DED512A270D38FFD6A47FDFF4BC2F1A8
ImeBrokerps.dll,16AF09F5A6AFDA60CC7084D8FD1CEB8CD10D381DD6A5CF0A0272087E9A839D55
imecfm.dll,0D00D0A21DE69DBACF2C4A9CEF3F2008A7B9ACFB1D34B52F04200B2EAA4BF9D9
imecfmps.dll,D8FC125A9188AD25C5F6241A63EA50488DA2C242522C896BEB3EB2B6DF72AC89
imecfmui.exe,07C45696F4A2A6808C370632600B9E674FF945C5846B3A38721014A10F7E497F
IMEDICAPICCPS.DLL,E639B442E13F6F0D4C4E98F94BCABB8020E7F50B5E4246A60C3A78698F2B609B
IMEFILES.DLL,3792E1C5CDE047E513F7CCFB3363863A3A88B426C657DBEB86C51626943B2BAC
IMELM.DLL,3AAC53AD1578804C3E9940367DE554D0E34F717CD63AF4E1871D424487E5D88F
IMEPADSM.DLL,8D58CF76AFA09B123E16F1E07FFC320F3A2E88963E0F27E94C15270189E68506
IMEPADSV.EXE,1D19BA091648C5C999DBA1BF17C080A51BAE8405B6AFCD904A7DFACBE89731BB
IMESEARCH.EXE,3457BA4A5CFF097B19A2C3B34C383801B8F6357BC130FB1CCF7F56DED9D6FD2F
IMESEARCHDLL.DLL,64F2534A88BC081BB8BEC46093A00F94C7FFE11DA2C6FD90280788CCA26F3D00
IMESEARCHPS.DLL,A540337A4926833752A21F7AF86D0DAF8755DD456EA05B7F1B768C8AC4B8E61D
ImeStatusNotification.dll,1D52C2ED35560BA1898945819D3E2C2BC9949928A69CBCE1483BA1A8D4E5396F
ImeSystrayMenu.dll,C71E5CEDDAE0C66C133E50C991635480F88519C5DDE553569255B3C81D88211A
IMETIP.DLL,A3F6CAE53E7ACB2123DDA0838156638E952DDCE741539B930989F43A2ECED7D0
IMEWDBLD.EXE,0CFF477B20735E3E56EB8FB1866108362F3FED20E230F07BBC21F8C2D8E13C96
imgutil.dll,A5C7B5F1C6D26E3172BCEA5301D875648AAEB418C043246E8F9153C8DD4DB70D
IMJKAPI.DLL,92FA97145279F6496CE1B11DDAFF07B39A84DCB18465DFA5AA8359D6DB3E0E54
IMJPAPI.DLL,2652BCA8B6682C46E7C19B781AAD6110922B808629DE05B6A2F548E271E7732E
IMJPCAC.DLL,97CA594C769C90BD506CEF7DB0D9675AB344F024AB682BBDD3DBD72023E9F6C5
IMJPCD.DLL,9728F29A5A4767EF201238A769859C400F51E0094A6BB3792C96BDA20E5AB4C2
IMJPCLST.DLL,CF45226121088356F71C3F7512AC37DDA4F77AB8B288B6D29F169E86B7D32790
IMJPCMLD.DLL,876D49FD9629F24CBE448DCE9122BF754AD7837456DAA93B0FD00310C04247B4
imjpcus.dll,1C40D306CBBAFDA9C819D0A2620B45AD8354EB58DD013F35F1A8A2070A19079F
IMJPDAPI.DLL,C8F5FC52ED6C578797176588493550F2F8C037C782D9534C5FFD83FB7CB36281
IMJPDCT.EXE,E8A4BB3EF340DD3A94E5F649A0F41B0EE0390349D435D020DCE8576AF42112DD
IMJPDCTP.DLL,FE770EACCDFAC22779AB8024A0F78BB2AFFB64A3E5568583C5A123FCC444A39E
IMJPKDIC.DLL,D01FA04241EEE7106C1C5086EB79F4F16724BAD61251CEE76A085C126E19C642
IMJPLMP.DLL,44B73161DD1BEB6CABD396C064F4F3E3D3D7BB3CD1A4E34AE056202A6ED4861A
imjpmig.dll,E22AC080548991FD8E6F24B01E30B42EE2CE8FBDD6BD6E1A3E9DD2DB72A121C2
IMJPPRED.DLL,10296CC20BA7AA7DA7CDBA2CEF0920AD224B19EC4ACC620FF173435C81F7FEAD
IMJPRANKER.DLL,C0B4D703945FEDD8B14F303FE2A4A4FF27692B1FB93317D6699D40B62DEAA1E0
IMJPSET.EXE,4386FF9864A601116D5E8A165AFFBC00C2B642E7C4948641593A5114F0B675DF
imjpskey.DLL,6CBC03A86A08C872A48EE8C3041F0958DA4FA5ACBCA46EFFFE447EF0E50C5DFC
IMJPSKF.DLL,96AF8567E42D850659B3F211394B91FAD5A712F2FA3093928704674C12219DA6
IMJPTIP.DLL,2A3FF228A886142690D4B53D6A5D6CFCCA810E763A7A3122AAEE94DB49E98709
IMJPUEX.EXE,D063C93E6B4B3C6AC60950AEE6F981E5A0E804D907C1A11D5534008B56A8483D
imjpuexc.exe,589B3ADF1E27CA32805B9F64D8F6F20EDA17549441F3CE24168459CCFB16ED27
imjputyc.dll,61F3002529318EA040AC67BE26C61A900DB6E149B5CE541E61A8F1743030C28B
imkrapi.dll,5A984DA61BACF129C94FECDACD6D0B3C4CCC919ED63BEF3B7EFB92EDD89CE58B
imkrcac.dll,71F8EC705FC229B2D48A2E5850219B459ADF72C35D6D406B23892DB6AA71D579
imkrhjd.dll,566036DA43030AF16FA03B4F0F08D1BC0BA91CEA7AC4E9FC7C9531C012FC9BF6
imkrmig.dll,825D45C6B830FEF511AC91DBDA07C4CAF9F5F89A2873A87E41187D636C8EFBCB
imkrotip.dll,D25134A10D4A32BDA2935F814CBA11C76BA8C66AF514234B386D8B8A06A0F27E
imkrskf.dll,3566EAF5A1500221C0197A3659660B426A730B5C00E70B1A766ED882B8198B21
imkrtip.dll,D4E97EDF1C0EB410CCEF2875BFD75642D2E93CF1DFEF8527C81E22A0FEE52151
imkrudt.dll,8D45121C66FCDE1317689D891DA8796A822EBB7AEFA0C5F47E46EE0A1150A9D0
imm32.dll,480D3F2E715AD17F55886F338E83F177E4530F5044F8BFC47ED35549AE348D09
immersivetpmvscmgrsvr.exe,B73B34B529D5C3EFB989C89D05055F365A4526E0D6B4E55C4AC7B9C56435CF58
ImplatSetup.dll,6A2F073025A7BEC063EFA0A3B2206C411ED45466093DEBBF835E33E6288A0786
IMTCCAC.dll,28428C1CFA61665BD5E56EA998DB79F1A710FA3EA0A4F7E274A93C6207C91E44
IMTCCFG.DLL,F78FA1F5DC4E70DB6C8E0F5383320DA5EDDA14E183B766751C27A7BBAAA40375
IMTCCORE.DLL,65EDAA2A72D21EDD0C77062C08E85C9E8A4FD24330C5D3A1A71D2B574D94C51A
IMTCDIC.dll,145F85906B86BA0886B777306F0E58E7CEADD28D255230FC097358D12D85561B
IMTCLNWZ.EXE,14DC557335BB9356B0E667AA26480ECA9255C4C3B0026990D81488B65E525617
IMTCPROP.exe,715D9157EECC8579D18DFECE27B95F7C4DC13D61C43FF2B41D6E87EBC7BA732A
IMTCSKF.dll,4D28789BC1B11C5FCFE023A855DBCAA7644AD9153FAA70D06CCFE0439A1DA011
IMTCTIP.dll,863B398D585A5F3C08239CF223E755EF6257EC2E39F2EE0B4B8ECFE41B64A5CB
IMTCTRLN.DLL,5426824C7ADDA99243EB2FBCB0218DD1A19E7563ED211FA6F6F2726BF78A56E7
IndexedDbLegacy.dll,AA893FF944C9276D0787C3A9D25655697A2362939BA51975929939334C6E5601
inetcomm.dll,65E7C616DFE3925E0E743AF2644644DD048496CD72682A4D49819B17C747E69C
inetinfo.exe,18ED2FFD3680DDEB2D648158EC5EFD19A7FE91BD938BDC8571C153B51EE630D8
inetmgr.dll,CDC3644B112B876AE89CE7AAE2F4BAA6364CAB9653D58EE825FCF823BBD8DEB5
InetMgr.exe,A6D94848B088F0346F9169F56D59BD9763CE9479F61EEB22651B8D3910E506CB
InetMgr6.exe,96B4E805010F54B57B7AF809381029F570C5B690C7ACDB0D06BDA123ADA05CB4
inetmib1.dll,E599F3A5ED2977B99D27FFFE4037869EFCFD3476AE3CA5ECCA509E57AE57CEDF
inetpp.dll,42D5E299D68BD5169049D3041D11AA4E3621ABF676B20A0EAD47C097249DDE18
inetppui.dll,C7E07F42DC1F7827CE473C2CAA8D21B85407F1983BEBF7B61DA009871D54FDD9
INETRES.dll,DDF82D5CC2EC2AB08E29E10F43F46A96CD0D52D9C0DCA80D710BF50893E2EEEC
InfDefaultInstall.exe,63805BF43B07576C68129B305A8D82E7ADCDFC38812A1515E85D45229D94C26B
infoadmn.dll,4664D98AE6B4A2AD368DE8E8F423D350736E13F04903D71C4A75E7B981738648
infocomm.dll,48EB0415814DE6E60F1D1EA703D8D66529B64D8FFEEB94C22DA1F5CAFFA78A0B
infoctrs.dll,12EF030345F858418AF6D75C3C908BC97D6332F7203814F32542B02B2D6EE9EB
InkDiv.dll,2A5EF02EE8A9DB7B0FAC0E2FC89687B068264A91FB6C4B613EA1ECAAFD8A7CEC
InkEd.dll,3EEB91508B68487F15B674F9FF61BEF9EEE0DA57157ACF29A1BF095C6C5BC6A1
InkObj.dll,4228FD62BA35B0BF2037E381DE1730E3F32B25B4F966ECF3D543BE354FAD38D6
InkObjCore.dll,8EE2736534C6C61AC6B371E65C6BC0EA2F5C3BB89E6ED2517A80529AFBEB1564
InprocLogger.dll,66C943D10800309F31DF5EFD1C7D9DBD87A64DF3CC3FA343B67AC817DB1BF082
input.dll,7E71130052A6CD16A7F67A76A3782E02A968EF4D576F90AC353785683B82602F
InputApp.dll,482C0C1F40270262DC3F9F4FDC0B5C7DDE6FBD250F5FB02CEDE5670A09858D3F
InputCloudStore.dll,3DA0E62D2462BCC67E3E44380C6DDAE2515B375049FB9BB5B6B319F6D70B87D9
InputController.dll,B7C54E05DDC0810AD4D36179FEB1C71854BC89B5A865342753B78F58030FC3BA
InputDial.dll,4AF26989A4747043E65D936AE08EEE5A8E0493297B0FB99884351CF7311EADD3
InputHost.dll,0AD968D563FB8C57B507CA01694AC1088FAC7630428A021A6DD2073D8894BFB6
InputInjectionBroker.dll,80969CF56CF640B8C1243885DBF24E9671640B312FE95CC4E74A35919FB29BA7
InputLocaleManager.dll,4EBA3B101F757246C8960506AD4B5D2EFDA174AE32B82DC3EB9D792AE4BE0A62
InputPersonalization.exe,ADD4D8BBC19EE38B5BB9390B03D7588042946E91B94FF98A6E6A1B9F7CB0D436
InputService.dll,EE32A592C481A01049A618DA1941C6512E5DBA4C326DACA134F9E64472AB0D32
InputSwitch.dll,7BAEB09A9BDF6B8C71520B273E0843CAD253F334851BEBA3FF740E3ABDFFB99B
InputSwitchToastHandler.exe,E4A60AC169B2F5272AC295F5D9F73F4A34322ADDB67F9AE72D0FA382385124FA
inseng.dll,6FF484E2AB9352437010D02B5596EF32DD54E9E7528CA71C20587209111DD9A4
Insights.dll,914D692B93DCC84F6881A7F2589AE50DF452A30E667EEDF0998231DA50CF3264
InspectVhdDialog.exe,EB706F986512BCDB798D38BD2A7D0B19053DEDB1A1F2A99E79FC5F2EB2D35A1F
InspectVhdDialog.resources.dll,10DE03143103EC71CC90B259D4CA743138490832F75D591D998BB8902C0CFE79
InspectVhdDialog6.2.exe,D4292BD337EA25998D7F9EF4306F71E06E3196F307CC09FD8A242D7C06E79E1E
InspectVhdDialog6.2.resources.dll,7188B9CF7D96225D3BA8D6FC2C443EB3CA35BDBAC25330F84F25C3C16F5C23F3
InspectVhdDialog6.3.exe,BECB4C53F6B25A8350BB549E274AF4AF087917776D59FCEBBFB5DB29B84D2B67
InspectVhdDialog6.3.resources.dll,A20EDC636CC4ABD2011104B48C3F8C197F512371C7A286E988BE4EA1B813A993
InstallService.dll,F9490AE44FB448B901ED4EA716366452590C50538B99FCB100FE2C7021076CC5
InstallServiceTasks.dll,A75ED616F86F3BF4CE8CCC9FF23E1BAB02A5A9F5F7B236F1B341E243FF41CB02
InstallUtil.exe,DBC0E4628C052F6F61ADA2E8E5E03301FB02D323CB9091FE2C85967B7B9216E2
InstallUtilLib.dll,F9F945EF8CF84DE18A4C2A5FABF14F425BEC19225F99164684EF3F65E9EEADBD
instnm.exe,2DFB3766406CC5E931DE9F08D7E336E72CD5CE33AA8036CD017AE46C76114808
IntelWifiIhv04.dll,7DC426295EFA9647E4AB51E8FD10FF1D4BD81021D340D8C15544E466B1447A56
IntelWifiIhv06.dll,E418ABACA399A2EAE20BA21F292364C3CF2372C1AD14E52947251497D5867AF0
IntelWifiIhv08.dll,B9004DCFFE7AB63027E5B626878BF7CAB169BBD94EE2289D7858AF79E5C5A967
internetmail.dll,0C9DEE49F800F44F99168CCEEDFDEF5A5DF992C184B08E9FF6EBBB7086D29C29
InternetMailCsp.dll,F680098C0BD3EF98F959F7E48DEE5A748D3DAACC3B9F0C2C255D2DD3001A5B24
intl.dll,1676D9A10DFDA047A53108E243E1FFFF9A297BD1A731B9F0DD1D7F0C6C800281
IntlProvider.dll,D0253896B32266A9DC0BCC1AD137F77E8B550F68509BDD32CC87AFFEA6FE00AE
invagent.dll,96636C034B6766CDE12933B5BAD80E638D7D4635BF2F96E9C290CDCCF909DC9B
iologmsg.dll,111BCBF73701A72C3B3F3E45CB08166A0162AA1DB094A8CD37342C7A42185F14
IoTAssignedAccessLockFramework.dll,5AB366B27664914CADA20929DF07103AE591E3BD839C02A5A41BA0387A13D021
iotstartup.exe,B64B33AC337840A50F83EAA3C5E52AFE52FE33719E93C9EA4980A87E48C08C12
ipconfig.exe,87B036C720FBD5E63355B9920A2864FEAF59B1584EBD8458651936AB8C7C1F81
IPELoggingDictationHelper.dll,47010BD5D06D24E34D57BD0CED8E82C0C50492F7CFC1134D870EDCBF5826DA67
IPHLPAPI.DLL,F842680B9893F378C85BCF765B8AB18FB1947633D8419F859D751B29DB0B9803
iphlpsvc.dll,BDD7FFE08D3CA8D49CC6904119B0DF23D0024ADB1B5B7B8DE4C9E4FD0114F480
ipmiprr.dll,70C4C66AE69DE57CCEBF6BAACBDCE54934E04DC44B6F5122C2107E77ADB0FD5A
ipmiprv.dll,A353E466E18EA7AE3E84CA50CAD9426D4056D859D4F5CCD1F7B84F734C8CC365
ipnathlp.dll,68FE0D9A5594A5DC6F3BC9EC7F7CBB024DB9CB00E2A6F1D07E1FD32A731642C8
IpNatHlpClient.dll,AE08193BB90220A617C2CDBA69A42F48393659E82AB6BA57F642E3082A4F9382
IppCommon.dll,12D725CEE4E3FD62FD08EC8A1977B265EEF52E7531B27F692CEBB8761188CB31
IppCommonProxy.dll,18DDE70DFC9DF5C6A3F2A53B5CFBEBE5BE43C4871D6F3E6AF1F3A69A63B2EF36
iprestr.dll,010A4ED5D19F8483E54DDC77CC0B4AB8A1A75CD4C610BDB95AA940D16F329281
iprop.dll,E444E6F15284F323EBCDE00E00EEA37D5096DBAA4DC6C31422B029390EA98541
iprtprio.dll,39BAC78858A1B6465F40CB29F27572FA2544345690E31A595F7763362BB9FFCD
iprtrmgr.dll,A261BFBAB6A711F48C0E1059F9BC14235C363FC8B12256A018FFC28D8500EFA5
ipsecsnp.dll,B372053454D3FCB182C3B6621428ECB7BA58AB5D074BF8677E1C99A0D947BBC9
IPSECSVC.DLL,4A1A9EB440A417012234826034F3057745B2FE0D6C3E6CE6145AEF23EE49C06C
IpsMigrationPlugin.dll,6C8FB3CB78C5ADAD651872C81947EB0333D28D3D337ADC4F968333248E36D7A6
ipsmsnap.dll,23084277D7D3029F5878FD9FC43126844B90847D55F3326526633B82677DBE6C
IpsPlugin.dll,7FB62044BB1527BE05E4495EFEC144604489F3FAA5732DFB901AD155B1E22CA0
ipxlatcfg.dll,B778D4BC71A5F5CF687175CA53AC342E4740156D4B96E6E96D918BD46C2C1459
ir32_32.dll,6110E326C2683B6243576B42B4A819DDF3BF1E16F34D3C5A82A759D998C99105
ir32_32original.dll,17A013142445EDFF9A6459D42C3E46F49B37EECEB49B3E6D5562B6F9B43380A1
ir41_32original.dll,84D34C90AA8322EA38A955069DB302D007E9BF9F130BC64E197CEB0E3452335E
ir41_qc.dll,955418A9D72BB3AE22EFCB392424699BA3F30FC2917BDDCB5127AF9FF34F028F
ir41_qcoriginal.dll,ADAB6D479689749D8F15959D00C27F26BBC2174019966DCF28571331CB2A53CA
ir41_qcx.dll,E9C8544CECBA0B9A5D9D181F5FC87763A5164DA6E60F290AD4AD49DFC466EB06
ir41_qcxoriginal.dll,F3888CF05EECB4C22EF99D7AA7C5F8C4F61F055FF2807D57A6CC3738713A4ED9
ir50_32.dll,E83861E331E90F2A41CD749E33614FB61595C1B9E29D9808B8DD68CC38968C47
ir50_32original.dll,84C6E95BE2DF5207006F9B951AE805DC4B02BA5AB331E9D15F936B20382F02C2
ir50_qc.dll,068FFC4DF11617851A52875B0E02E246C56E02770850AC0641401F86578D8CC7
ir50_qcoriginal.dll,5652142FB848157E9C1F4598F23FE426CB4D8174CF12B67E03E1E8E9C464B181
ir50_qcx.dll,0A6F173BB87D26221AF673F0762264499BD606CE45049CD14035FA02290AFE3E
ir50_qcxoriginal.dll,B31E36B2112FB3150592770941860F0E59BE46C81C8F6859010243779F5607E5
iri.dll,19A8011096AD0EFCB20BA35BD9FA2D9F79F36DF010825747CE3022D02B971AAF
IrisService.dll,1239D6E31333B6C9A6E7DFD6F1B614F2A2ADB88B105F1A579064104EFA672844
isapi.dll,81C54B4640613A595E15DB6FE30D516B0DC8D2E39767F03BC97AA563DEBFD0CB
isatq.dll,9182B5256114E6BE8BA1EFC10160FADADB132292DE071623EE8AF1B1E9C7995F
iscomlog.dll,CF83C61A4861FA40A6D53CD4BE6C1AE5646A290A90C96C7505F8240864146560
iscsicli.exe,2D1FEE65E99BE881E9CE6D99190AA9C9FEAECFB49EA7A4AEA259FE948023BE5C
iscsicpl.dll,DEC9BC4FD652216CCCC892DED033821AB66E75B7A9C93BA74B227F8D351AE08F
iscsicpl.exe,4138F8FEE342C54723A38D2F07F56F3E482926F72B078A937492A94D45571F78
iscsidsc.dll,B010B7515D32A7EDA0AE78C59ECFAA7C59454E1CFA1C1E17976961CBE4A7E77D
iscsied.dll,94DAC8741ED1E798351E9D3F854857BE17BEBAB78A73B072BBC3F9EE62F9D79B
iscsiexe.dll,4634FA51C6C39F299E52165D0A92F2470C09B1FDB66D0F9DF4DB4B954358AA5C
iscsilog.dll,0604849E139B5EBF52B048008FBD437549AE46330272DDB05640B6C35B9D219A
iscsium.dll,90FC653F91E06CAA90636F3292753CD9F47D2FF8984DF3DEF63830AF7A45718A
iscsiwmi.dll,C6DA579342A391576F3507D304507F9CC17290579409EA00B60ED0471B300B60
iscsiwmiv2.dll,DDF80A304381DF91054B1E09BA927CC4D6C1DCCB054F3C81BAD0225CD9AA388C
ISM.dll,81EF99BC20B9F21150A66DD3A2DE8F2D672FD232DAA836875E3AF21BA5087E62
isoburn.exe,D8F94E77E60D9662533633CFDB31E79F29D45566CC58F0733A42CA72C640184C
IsolatedWindowsEnvironmentUtils.dll,0311D8B44C0647CE72DCE908A7C74E62A7B2F3255D46F3592A9A4F649C423CED
ISymWrapper.dll,9E1975A811DB346F8C37EB5EFB1B5A30FA2A93D241B42C0C8BCFEF41A602C19C
itircl.dll,22A538EDC734A79A52BA71F29C132C97AD2B80DA8FCC39163D7901EF24702685
itss.dll,D4BCA462B4EC3C0BCEB281D14EB9F7748C2275BDC2556308429979A7F60CB1FB
iuilp.dll,79E9353764E3BFD74B01C0045358E43E5202F15FA550638E3C773D67E2DA70DA
iumbase.dll,4C6E0F7E147F91B12426DA5F072B20AA8A4DE314525C4544E9D162A693E107D2
iumcrypt.dll,10B24DA47A01C22D30F72757807EC81203A912D3F0F892FE63DBA862C72DD765
iumdll.dll,BCBCE2E673C9C62FDF37EFD2BFF8BEF1A57C8A3F33E6D1007BB4A63E3F949183
IumSdk.dll,759398BF89295A9E5161034FA0255EB2A8EFC332F64239FAD72048576B56E7D6
iyuv_32.dll,26B56165FD420BA09D6EAE108FAC075F91115A685D55BE362ADF266A89D2C341
JavaScriptCollectionAgent.dll,61108FBB805F4C7ABA272ACBFE2E5F55AAF1A70A0EDADC70C8641E4531080652
joinproviderol.dll,65B15C7A70EA0740D70C3E470CF090E0D2BEF68C3ED0FD2D84BB3B85C67E3B21
joinutil.dll,86658CFDD7CB50ACD9BBB0B21DC83A9EA905AAF6CDF7CDAD0BE52BF34C6B7AE6
JpMapControl.dll,ABA70998033A512A96E232F8A5E6C01D2085234F60B7146D52BB8D34A6C203AC
jpndecoder.dll,592C3BABECAB4F8FA0F208DD292138BA642695691843DDFFA5F7B292CFFD5743
jpninputrouter.dll,A3A92C6232FA36FD1DF869A29559B9DFCF8D29626449E22CB92F36C38485173E
JpnKorRoaming.dll,7ED8D5362926C17F0F477299F225EA7298B5AC98DBCBB6D29B3A13B7AB05969F
jpnranker.dll,CE5761F8E30C5F0DDE2191736527A9A362BDAAD77CD87C47AC5A93F1401AF261
JpnServiceDS.dll,5290AFB680E0BC2B2D573CBC3F63F46F4893DB2E83B4B964050352F6B67515BA
jsc.exe,9415E66A36AB70C6998ACB4AB5FAD63C4D18B9949B8EE02B2EBC8F3B07FEF6B1
jscript.dll,A3C9B7166EAC409E6204A7C758EC9721DE325FF011A10D225677AB108EBC8C32
jscript9.dll,B3722C131C9C1BD09422E4632874DE85CC0E4EA8EE8E1200C34AF245E79A4860
jscript9diag.dll,156097B2DA229B762CF9CB70A6CFF65786EC06762864A853D99AAB144F621CA1
jsproxy.dll,1D2BCC2E564E84AE416A7B2127588966896F8612CA1FC05D28475CCB62A56F8A
JumpViewUI.dll,166A2CFB293CE9C7C5B78D0E53005B097F12358AF53D54E55833744FF8784FD5
kbd101.dll,BCF34FE3D649E716C3DE4A694265596ADB613FC7CC5A53B0C89A24F1770E8BCF
kbd101a.dll,48ADD203079C73EDCD05800B1A9B2E60C18A916A6E7E4C21BE8FAC3D6F60AB02
kbd101b.dll,3D166684470988E9F73250C62AE6E7BA9194ACD2D3247AA772B8FFD4AEF10FA8
kbd101c.dll,1CE2EF4ACA27191388E54D66726F415AF5C921D5D29EC98D6E2A7EEBD4D60358
kbd103.dll,C131D7AE49251277F23B7493D7ECC898184C022D2DA32BA60548030AC6AE6A93
kbd106.dll,C943C3CAB03D33B0B334CE53307C53E2B9A8A20563E96C03075116A002D625F1
kbd106n.dll,88EA8049E3FA6045CF6FBC85F8E761CAE8680D2EC0915436E0B4A015C314827D
KBDA1.DLL,18CC97D1705506371CF1A1B375F32C53B1AD18163EBD9467CF78361224002F7D
KBDA2.DLL,E5DCA582B2784FF4B90E6992B481C4CA9A6A019D3E4D271161B63391EE6E1BCE
KBDA3.DLL,9B47A5D829F7045AF99FFD1F6380870BCE47505B41B9CBA88E94C7FC15B8C7E6
KBDADLM.DLL,3AFA96EE6A12368FD73A3122246DA26D814D457B1CB8B327B0E1231E720B17EA
KBDAL.DLL,8F2D4BC7B4B682F24D3DAAC41C1EED6F80AF4DB9D189159667F8DB525339895D
KBDARME.DLL,CADF574C51104412C3A5D49C0821C848BAD68370011FF0277C39A5F4D3047A91
kbdarmph.dll,498DA122AD5DF8A4F52129C6357359B1C4C14DE07053C25DF3809F82532EDEEF
kbdarmty.dll,CE7D17C4DDD3DD4C969556FF8286A01D52986D13CDD9371BE363F3BFB382C4A9
KBDARMW.DLL,61FBE23937895C4BBFCF9B6FADEB51EA15C254D472BFE249C0DAE32AFDC8C488
kbdax2.dll,0809DD32D6C6D003481876F28F50BFC83875DA461AACE3268E45958169797F34
KBDAZE.DLL,DBB40636879B8107BE8378B6193209DD53D8C92AC2588B625452EAECF19DAE56
KBDAZEL.DLL,44E7037F28307151A34ECE7F1B0DF32545238D787E4CAF8BD70D913E42908295
KBDAZST.DLL,68696B514A04396C16916D73558EA90DA916B084E36CF66F8F0983D7281C14B7
KBDBASH.DLL,4240C8D880D33F66641542668449A8A6319AB2E19FE262B2F7558A980A6D6ED5
KBDBE.DLL,413D53DD4AB58E8D88D71E07FEE25529C9AE87FDB4B8B3D2AC7286706C6F987A
KBDBENE.DLL,17BEA29078A94D51A55454AD3805D0A916CB501D5514B61847C0BB350C2B55D9
KBDBGPH.DLL,7B635805895ACB412D794493D920CB76644B7A2C159E119E331F99F73BB1806D
KBDBGPH1.DLL,33A9B62E60BD7B052A119AE87FED8213897628603562CF2345C683C165336801
KBDBHC.DLL,1B3AF17FEB64D2F124984712C7BEB1BA423AA03F03A554765C009A9707074C88
KBDBLR.DLL,EFB1FD35525ACB9375D008DEF560605993B9B692BAA6B4B57CE4BA1129EA53C0
KBDBR.DLL,09BF30DB56D5A8DCF14C40D6C231C5AF62A8B48EA7F2C06E0626BC838CE13364
KBDBU.DLL,E2681AB5A7C5AA9E60FB6B5BF1CF4DA7949659059208B1074B5E60079E448358
KBDBUG.DLL,B6562C740F9681A9C2E6F8530056F0ECCE0F99C5C788F60714CDBA7DF2F9BAFC
KBDBULG.DLL,EE1832C65AF6C8674F02EC0BBA20937318207DE145E40DD0A10147A87136BFA8
KBDCA.DLL,69B7C02BA57473F55142FA74E73F82E6DAA87FA58BB382DE36223E95E7AB5727
KBDCAN.DLL,D52368DC00C3DD9176ADDC801474F217628D30906DD87DCE5A64AD220A33BA5A
KBDCHER.DLL,8E24B76E7F51E8473F299DB69C795E8336377D1659C7B2CA23D500FF34EE88EF
KBDCHERP.DLL,BFD7CA7C22E4652B6B8F08A0E8979353F0DC21380738E81285988D33328F6D73
KBDCR.DLL,CD2663B348668C6BA0BF1E0EE9F5ABE5A25A0D92D04E628E5CA2542A05C42E3B
KBDCZ.DLL,4FB80A9ED5C9D20AC9F63FF1D2EC1169E7EA5F2039474036E295CD6DC2A728A3
KBDCZ1.DLL,6C121765ADA3808E28FA56888050C5B7CEB057CCBA558A4CAF6CF9EBE3E1FE60
KBDCZ2.DLL,D69638EE20ADEEC7A1ED0EE1B4C8801E24236C68616D9E7D4193C3ECE132F944
KBDDA.DLL,877AE524E15A45B6FEADD4876C14BCD005735FB276EF55B6AE22D9DE99A5592B
KBDDIV1.DLL,63E0C216F0FBF2F85E7DAAA8A0C733B12859662D6B05ABBA464B247461CFC6F5
KBDDIV2.DLL,70023957DD1B51681F6D972A855DDF4453FC8D2A44DBFCBD547B1396E4A73AA1
KBDDV.DLL,3F44066D8A5743377268D9315EA7266F82B15751885F0E73E7FF44BEB5EF48D4
KBDDZO.DLL,AC5B9252E2B6963621E1529A16E7FAFAFF883602CC439FD92BC9611F2C8925E6
KBDES.DLL,BF9DA3EF6157972C760063FFC0CBBA26AA252EF3758147E934D434FE5FFA9146
KBDEST.DLL,7247DFC86D60E198677CEF22D65BCC7FC83E7FF9920E4AF0A5B183A17AFA8ECF
KBDFA.DLL,B1B11418374AB74BB26925DD19D9BA81C3CEE9FFB43D74E17143A01C5C76932A
kbdfar.dll,58C3CE8F529B56F756154C936E79FC9CF9DBC31A8583EF00AD8D0C87FC2C942A
KBDFC.DLL,4C18537006AA891BF90B85338DCB638D865D5372DF5E52301886369ACE0C4C6D
KBDFI.DLL,CB666B0A4169AC9CDF050BC37A4469F36F93A3D00EF6A072479D9576D669CB56
KBDFI1.DLL,136591E73A787F23AAB9313BAD5E368ED6A8F9E126BA47C43DA1E594D24036A5
KBDFO.DLL,33FADFD60F1421ABF668104040400A46C85B502193968AA65EF69C9E07CE7F7A
KBDFR.DLL,D7F42C4AAD13174E8ED2D1DA5841B740994517283D0EA0FE086A683F7EEDD6B5
KBDFTHRK.DLL,90EBA5735D906AF59EA74313ABDBC2EE9305C39C7453046AAD40C4062D978BF2
KBDGAE.DLL,5DF74896925AAB48A9BD9F9CF84C64411629F43150F6D98BD03F2AEB6CB3C23B
KBDGEO.DLL,D58DC4D82A6CC2FAAAF00A32CE2C6A294F2375C0E23682D24D161B0ED416ADBA
kbdgeoer.dll,4A25CA6C34E05BE7ABC9403CD57C1B5739ABF9004E751F1880938C28F91A8EA4
kbdgeome.dll,FB463CCCCF43CDA6593B37C91138C8218EB2C0E680E0405EE64C125148216C74
kbdgeooa.dll,2D7D50033FD0EFC4EC5F7553C21F5149F176CBC8605B9B9AA977B5BF6F92E42F
kbdgeoqw.dll,85B88C167794B8FDB54B350C041EDFA8AE27EE0E5270B47D8C2CC98D94362719
KBDGKL.DLL,213521B2495118FDCD944B712AB62C16E6174EC64F75663A0E50460C4E0EEC95
KBDGN.DLL,038D14C8587314D520702012FAE6FC90B022C8FD3A254C24C54A3A36A8A4ACDC
KBDGR.DLL,58BA9E13F0F7187FFB0BC14B7B6DFAA923C173EF0C326A229CE0572E33EE7429
KBDGR1.DLL,01F837ADE804E78A6F699E27570F42C717DFF32359845D3CC63FD87FAC4C95C7
KBDGRLND.DLL,816F8ED4000C8492D9B497A703DE763DD31AB5ED38C680969EE00DCED538DECA
KBDGTHC.DLL,24A89C4B5A49D3EBFAA7810D547F711FFDCDF6CCB3968B54E08CAAF13D9649C1
KBDHAU.DLL,35505A932225F6D51CCB5E92D20F3DB921C765D80C9B831D59A3C7367256266E
KBDHAW.DLL,2BD14EA01F3FA2D6D1EDF6C853FB645421173FFE45F6933CDD6CE4E070BF5CBF
KBDHE.DLL,1F9EF88069E0FB0C74708092B15BAAB60B0045D753BE457EA7A7EC2C7493DE42
KBDHE220.DLL,D362D73D9BCB44CD46587600A00E5585013FBB5BD1E975FE0B189067017D7D70
KBDHE319.DLL,D2E4A5EB58143A0E7D8A3DC2891CA442CBA871B8A3FF7063DCC11491741FFCAA
KBDHEB.DLL,24CD81F50FACA939BA551B9879C5B36659E664114BCEBDDEB70B104AC06398A6
kbdhebl3.dll,2567F7F424AA91096E5925E3D65226073359E1F69E8922CD3507F779429E421D
KBDHELA2.DLL,FC2EF164B6242A4F8C78089021A0BA6F16AE0926D46DF7E5C368237A7E85FCEA
KBDHELA3.DLL,A4CD4E1DAA45968FD2D763D323E452179A7CE6BF198DDA40AEB38F102771F23B
KBDHEPT.DLL,7DC5A56DE0FA09E210E8CB1FAC58E726161F055434069B7472B4EFF79C3E6CC2
KBDHU.DLL,B23A6B3C86CA168B5B4CBC1A29ABCE2C50D3A21E164EEC2B9B4342F5F54B1BDC
KBDHU1.DLL,236D8873388F001EBED5A7BC2A3452DEDC4D0227795A2A6A1C139EB72FE1FCA2
kbdibm02.dll,81A6E79F3AC731BB3C7EFBDCAF18DF7662964B8E7907018B1B4551F3562F1B66
KBDIBO.DLL,800E3BE24F38FA11034C8EE08E28F0C8023D432BE0E19B29D3936E70CEBCDD39
KBDIC.DLL,5C14C2F77F617AF8CDAC34F0936643F8D1464EC7E2DAC2CDDA130D0F55CBDA34
KBDINASA.DLL,D354417C7991ABCEDEDF189D5FF091A1438CE0C43D1D779A092606279BA9FF51
KBDINBE1.DLL,A79DC8871D0315E8F25AC746B01F9F557FB622D13CD4E5E5B529FE80585CDFBE
KBDINBE2.DLL,5964DD130B56F4695A1AF1AD6D922A5E5E95FA6E0281B9AF57D03B3AC53DBF0C
KBDINBEN.DLL,D557F5B4FDCC1FC9430F43271799CDCFECA601D9B1875F16844E753B3C3B9072
KBDINDEV.DLL,9CBFE38D46DC6CEDCFAE516AA6D3AACE833215D2235611FB310464D8F69754E2
KBDINEN.DLL,8D55C8D595663AE389B091F43895281B70FE34C3A0E57A8632368D2AC758771C
KBDINGUJ.DLL,CA80E90FDD1503EBE482E3E93090DA9CE3870E6343E76282DE0D15FD160A71CA
KBDINHIN.DLL,4DBB426F58A0DB70EB4D2037DF6FE42B2E8E713C3AF0E5E81B91667E621C41F4
KBDINKAN.DLL,E226403F7EE385FBA7A81869866DCFE05967C7C324DD28467B29F4D48F7C68B5
KBDINMAL.DLL,C2947A4428D9DE04834F7FEF4A53F5BF6297D433CDF24EE00243860300358455
KBDINMAR.DLL,8032F8E1B4591AE8BECC3B32F147C1038957441E18499A5BC35C0DADEEA6889C
KBDINORI.DLL,D389C825BB306F89ED63CCB24AF179B19703F477C27C1D2524F378691DF4E5E2
KBDINPUN.DLL,2372A139CC312E642F31774764E3DBE8CA5095CC1120CFF602E628AF4D47E5C1
KBDINTAM.DLL,B0DA53867E8585D6A611D99657B7DFCD016D84ED85CC06A02E8720EA3466AD48
KBDINTEL.DLL,F4ECD6DD90692B4420EED66009A98B9DA1617BA758DF575093A9AB8E52864CE2
KBDINUK2.DLL,E4157075248DE3365807048DA7698ADE67AF2B0D5E44D6475B11695D0445530C
KBDIR.DLL,FE686BB613533F02033FEBFF96D274E4317920D5CCE55CF2011AAB447105AFFC
KBDIT.DLL,82DF39AFF95097B1DB2376FD8ABC92532D9C44383298FF8402DBD697802A1474
KBDIT142.DLL,49BC7A13118873B40846795137598DCF9176920B382672CFE62C861245E645C1
KBDIULAT.DLL,9967621A0CDCF687DF7EE9751918F1B51402CBDE160DB75ECF2E3829C2A64208
KBDJAV.DLL,58CEB3D7815A3CC05EE36D319E9ACEC402AD3331B031AE802F25F95DCBAB4446
KBDJPN.DLL,53B91947F4F30FBE9F4E0B8398CB2D09B593B0C8785FB2D267545F2FC684E912
KBDKAZ.DLL,BFDA043A1C970CD4D2107AC524AE6865B61D44009B91094E5B5BB310369D5545
KBDKHMR.DLL,1AF9A3FE68DBBD3A1C3BE433D21C6B7CF1AA35A3436CA15E98E14479FEE7D84B
KBDKNI.DLL,13F6EE5605FC1F4D603C9C7A2446A86FE2176C4919AADD31B0302EF40E699EF6
KBDKOR.DLL,D0C5FFF7E48EE3B4E8571383612CA9BCC04220366E585BCEB08653F2B2AD018E
KBDKURD.DLL,D535E75ED1BABC50D297816AEFBB77B2A6269E793BC15908652D9C0BE3A7FE39
KBDKYR.DLL,349DCDB3D9BE0E4B1609C9A36E087D8F2225A40CD18E89B8B82AB9848C0354A1
KBDLA.DLL,BCABE66D92918325AA7C56764813F5EAD9D90F43EF398FBECE8D0DA93A61F9F3
KBDLAO.DLL,E997FC2577E0C0AE7F6477A72B65A5674E3BF8B72AEC689998CE1F5013C406D4
kbdlisub.dll,7E040D2DE5435FDBDDE2CC754A02635ADC9FC32868B4A8220ABC0C4D577F0D9D
kbdlisus.dll,ABCCC1E91208059D87D53A3B7B2AC705F06C0862B4C75B93AA9FA06E95AFDB25
kbdlk41a.dll,0AADE8A7B5072D6CBB0F600A0CBA624689226DAE5F3D7656F04757604C30D4F9
KBDLT.DLL,C1E2D2AAB7F0669FE2038D187BBA6B01656FDDC1F2457399488D08F98FC24618
KBDLT1.DLL,EB126B9BFE7728D8C77A8F3ED8B2388D97D599D4831CF9E72A531DED934BB4FA
KBDLT2.DLL,DD73020F24BF1EB81E514A984A87FCF00A1573BE379E56BB2C1928F9851AB7AD
KBDLV.DLL,25EA92B5B946653389F09DEFE93F3B7FB3B638FB8400A37471A5820F84E84645
KBDLV1.DLL,DB651C261AE51C62AEB5C89E3757CC44925C26FAF8B087E2BD95BC123C68BD30
KBDLVST.DLL,ABCDAB6D7DD10532D636AC59E4D5D08FF78253870DF99983F635E69F08228520
KBDMAC.DLL,DE34DBFE1A205B5810A6F08E7FCDEBB50DA4C1251A00B1705F8BB78EAF02669C
KBDMACST.DLL,B26B0460CBE634E0B428F5B0EBA7650C32AB95251D2F08860F4802D55469FB74
KBDMAORI.DLL,DE24D92D2F8E0EEAACFC10B6DEBAB9344D6D0BE11FF291B26EECEA9EDD24854F
KBDMLT47.DLL,98A044F00632D4C0DA08EF75B9C3408736DE567A3B70340E242AD137EDFC96FA
KBDMLT48.DLL,1A3FF2E6AC04F116710B26B487121C5030097D49D8A532164F821B4BCDCB20E5
KBDMON.DLL,7301B9A5A19C05DED3248684F61E7A369567E538C098A45919FB62DD82EA4066
KBDMONMO.DLL,923F02FB2615CDB51A8C381C3A95F86147BE2A73F1E666B5FAA4F7AE01A93ACF
KBDMONST.DLL,FDF1AC062641911ECECEEF4FB033672F0E6E2A6279B9F9148FBF6B3C4E35888B
KBDMYAN.DLL,7FC20639FFAD5BE48CCBDC7D13BEA5B0207A6D7101DD12D1B1074B34D4DBD64A
KBDNE.DLL,E82B2BB9F6660BB2D33966D6310676AE3932935285FD18F33AA491A692267F0F
kbdnec.dll,E0EC7B004558193322036AE679BE900C720E07D97A112B50437F0F49ACFE8C2C
kbdnec95.dll,A73F69452E8C6FCBD3A3B82275EDA81047839125EE0E8A930C803EAC291C02B5
kbdnecat.dll,A9379C4B6DB8C6BA251D1AAC67C96C7698510669C5920CADE6D282A6E0042868
kbdnecnt.dll,C4CED3DC800078B2DD36E57364022735088801A82D1C4E3FC37FE67FCB586988
KBDNEPR.DLL,9C79B17316A0EF6D82379F2CEBA781BC82C826A0C749C5EAA45C2FA6042B1024
kbdnko.dll,F26D1A1F831DDF7460AF4BC0C4A089A22187A02283ABD5F14AD7C09B8E1CB79F
KBDNO.DLL,B17CB923007DD9EE2B23CA4FA9E8F28A57F50195BD957D123AA8BC146B7C91E5
KBDNO1.DLL,7125C1467BAA7027ABD0DE8B903FFD605C5213EBAB834EE51DE52C285B75A41A
KBDNSO.DLL,C8F4D5F2C3B2CA340977B3FD4E06F9AE9F963909EF3F0843D6CC8BA7BA774199
KBDNTL.DLL,4E71E10731C28775E1D7F23D1F8F4197410F0684F79AEC0B4DE12A893746FA19
KBDOGHAM.DLL,FF10400B9457941DC38D338A3A5E7E9CD5C60A11CCF3B9E574A2FED9762D5142
KBDOLCH.DLL,96FDA5A5952C552E20E7E9B81CD1D23B34D0202901394980FD9A227EF087EFB2
KBDOLDIT.DLL,747844F1BFD99CE4F597E16A1A17C35B957D5D32D61503B03A9B18BDB12CF53B
KBDOSA.DLL,31DDB6C3C0AF97EF439465E21E7FF2C48AB7B567DF2B8A138F992658913BDCFA
KBDOSM.DLL,0A5E3EE2A83C27DC58D62160724474021A4DBF1FBD2FD07EBC24385F687016AE
KBDPASH.DLL,9921E25CF55D1EF8FE1F1CFB7C5B2643CB20C87BCEA31B747A8B8E4A91FD56BB
kbdphags.dll,7FF15BAB50CACB8B6F7A0E0F36EF832742EEB48E7E8A29131FEF26785101408B
KBDPL.DLL,FEFCDDF7AF705492161E3DC78E401C54D73670795D57834A5C0F76733F167F9E
KBDPL1.DLL,8F1A48A65CE5F10C3F692DEF8BE85B5BB15084BEAB83CB085E1F8973EC598F71
KBDPO.DLL,A4695A08727924BF6E709569C4414D651D31C52D7F8AD5BC51AA60301067D4FB
KBDRO.DLL,FCE31635941D4599D9FD8E0D9A319BFF1F1460F07FD1148B7235CDAECBE6C508
KBDROPR.DLL,D6BE4A505EC0A2B240AC500F3DEED02F11387E97BE63215584A34B69367E9967
KBDROST.DLL,B891949EA29722E866041ECDE5A6F002EC463C079D9C24156D78A7CB60E02056
KBDRU.DLL,6D9961F404918AE41EE083E8294D870CDD7D7972BFDC758EAC2E0135ECF981EC
KBDRU1.DLL,A86FE84354B73DB354C4A6CB8A8FE86C12AD4E457C3BAC8B714477C03C71A1AD
KBDRUM.DLL,13E9B233A2D3F2ABA457DA81EE1194AC4193E9D0A1607FB06348162A8A899C2E
KBDSF.DLL,F39BEE852B0188081EDA084B0B443C12E2E0B4F724EDA21F03CF752814D78F27
KBDSG.DLL,CA026C2090784C700078922A8B72A39C8DB1A8AFE299654BC95E305FA03A88DB
KBDSL.DLL,55B8EDE798C9C92808E14854BBF9E83389EF05A069745D1F3DFE226A1C5C8C63
KBDSL1.DLL,9665B961EB56894F957CBA2FD6A37C7BEDAC692CA43020BA9E9D77FE0A163171
KBDSMSFI.DLL,00409C28C73C9D41A92ABAFB94CAF28969D6D6A4E79261F1C0FB6587EFED5849
KBDSMSNO.DLL,3290283903CCDEB775921C42B51E7E4B5B0AEB61E8A7D38A3CC5E3AD5B9473BB
KBDSN1.DLL,B08591962B7282BF1DF5FCDC4007CCC50236A38D7458040731C5BFAE28EB392D
KBDSORA.DLL,1D76D457BE10C329058D431312DA7D747EC11831AA0CEA6F614019020FB5CFC6
KBDSOREX.DLL,88F9757E86C2A47EB51189EDA4C7712775F14552333FD97517B95DBF244F45F6
KBDSORS1.DLL,124B4E07CCF82B54B0B4156F4CB1E73C015FB838A5990EB88DDA1E8B8D3937CA
KBDSORST.DLL,7C36B4BDAB3463E4287CC8473B56A915D558CE0F10BF096CC0ACDA71C6539CFB
KBDSP.DLL,30AF693A511880FCFD6363A54F3505C37390B83C17068D455CEAE525F655EB09
KBDSW.DLL,FED6FA33552D232AAA03E81F6BDA380AFE97CC55C4313B3727647B9B2A72DD59
KBDSW09.DLL,3FF4AF79AE9CEA119E2AD1456BE22916C9637D0C64307D33B3BC6AC01C8465E3
KBDSYR1.DLL,F96367F60AB1C736B29F931533175C670AF718A70B7FFBC6E1A6C2A0007F4441
KBDSYR2.DLL,044823628CF1AEEAD7D793F88505C9A91BAF4205BB688A745B760340CE08A983
KBDTAILE.DLL,F08D82E387A0DB6342CF50C10CFB51A074EC18E4AAE5DAC9367B53A8725A4C0D
KBDTAJIK.DLL,6ACA8A158E655790C739DB6B129C30EECECB442EF38C051E82D43824405764DA
KBDTAM99.DLL,000C4B5B50966634DF58078511794F83690D693FCCF2ACA5C970C20981B29556
KBDTAT.DLL,1906CF5E6E25CE8DA56D31A2084B1435EDE670B33973B77D01F64B08400605CD
KBDTH0.DLL,0651E949DC8043864815DCC8CD186DDB513E25D8506D889BFCB089080934FE09
KBDTH1.DLL,A6F4D284C96BD7376E47DC63FDEF0F50027E029304B591901DE5EDBEF7D04A1A
KBDTH2.DLL,19627F71EFBE05F3DEBE6D01AE901637B9183AF654686E12B6FADBC93DA65A53
KBDTH3.DLL,955DE036BC4359C1583904D1B684DE67F30E61EB41DDFA87E45933C1C1FCDD88
KBDTIFI.DLL,42858FCF1EB8B73C56C40E8C060FCCDEF31A13E1597E24FC07825B8F97B704BF
KBDTIFI2.DLL,F954946C4EEEEF6A6D9C409EA15646A87513AA47F4100A77F42BB8F62FBDAC9D
KBDTIPRC.DLL,CABA38204BED7748F795E24B67E0C3EBF837DBC01D112CE778176A63D2B6F09C
KBDTIPRD.DLL,107626779832053DE2C07FE07F85BFDDF10A4EA996A71ACC405B8703DB096173
KBDTT102.DLL,E0C9305DE2FF8691A6595E64BC39C553F4792F1817EC94DF7AC212DFB07801BF
KBDTUF.DLL,13D8862CEC45152879CDBCD8E88F65D4B7507875B7BFF02916A98FECA2EDE558
KBDTUQ.DLL,563D2A206D7A0CB7FF18A231C6E1ADB9B8F173FB9A3AE351970B5B6002EC6EBF
KBDTURME.DLL,462B5142D079333C221EA9088486744C429CE748032184B29AF65235A7326D2B
KBDTZM.DLL,CB95ADAA9EB3656CCD5112787BB88477499F78FF5934A785737DE836D3F35626
KBDUGHR.DLL,2140807CD13A6F996FB839A38041D329773A03875F1D9F749A3AF1E5C9D69106
KBDUGHR1.DLL,DBE658E85CA8431645FA41CF47CC3E14912DE0C40A1E859690BC4445A1AF5D22
KBDUK.DLL,EBAEFC727300D3EF1B8FC05659A31E998278C3414E8311F09D433F8DF16D7A44
KBDUKX.DLL,160DA912A93EB20C5B7BF2C34206C3020427994AA5913CE0C14C2CCC090894D7
KBDUR.DLL,CEF461B3FDFDD982590455181EF72DC9B7CF5BE4A7FBA925B58BF9D521088313
KBDUR1.DLL,3DA048EAB8B18F9C0EAB70F1C1B6EF88F28C7F4902331CD688360ECF080EB300
KBDURDU.DLL,B41ED006E2CDCF00D8BB7D35D90B0519EC35BD5904E9A671391C811775DF1B61
KBDUS.DLL,CD0B47728F539DAB7A5B1BD27ADE2B005E04FD40BF8FEFCAF289A85E903066F7
KBDUSA.DLL,4BADF29E7AB5F535C4C013116232A5997A7F4A4FB1895D737B40DC3F4372B5DF
KBDUSL.DLL,65C4EFC3ECECE9517D3C694BDEDFC5DB482842450AC733836A896932D5C93023
KBDUSR.DLL,9C766BD2AE1DA64C90A5EDB1B229D7E028B994347B57FE2D49E635842682D618
KBDUSX.DLL,C014D73DE31AE9B0882546C37E1D148292A52F6E9E2DCA0122EBD8E5401A054F
KBDUZB.DLL,AEF5FD4087513DFD4A911C505351E425FEDD8F569E97D015D25847E0F6F37EC5
KBDVNTC.DLL,17E5C5DB53B2DA2E20620E79E099DD301776A4C4890F7228BA69F47C99D36C23
KBDWOL.DLL,8353C7F5AA0D7D22A41C62B120558CCC54AF3C289F6C0F5B2DED8143F3250A1A
KBDYAK.DLL,7B716914C07CFC1301C8987B60A80085DBF9544384915262F435ED8037E1ECFD
KBDYBA.DLL,5BA1B1202EA31FEF338D9ED627D99007868AAA66C22166D8B12186ADFF469075
KBDYCC.DLL,A803E5B232B226F976CE89E065D363721F2933FF6B00CE180F7C0325DBCF17F8
KBDYCL.DLL,111070C56E58133225BBA572E1B2FE9B51CAFFD36A3A57228DE65FE458F3FE43
kd.dll,9785DABDED2D3D2B18790EA7AB4B7460088E18CFF7AD4D38692D26B529784ECD
kdcom.dll,2716C4E9A2512F20FA66CDB9F8D23ACDD2E63B19BE524B070BA8EDD6E1DBC40D
kdcpw.dll,B6364926EFAEA7E34E5C964BF1D7F17B34A4D5C086A0EDAAB7523B6416686CB7
kdhvcom.dll,C3FABFA70CBF466ACE47663F98D48876589DD426920E5157EC5E736CA270F58A
kdnet.dll,4861063AD2B8F9A571D5C2B782BE87F8644DD8A523BF488D9652BC3729387104
kdnet_uart16550.dll,6D77197577B9E2C718BED13EFF4223A04046EAC9C6156D48E8CE66982258BBF6
KdsCli.dll,4C70C99A2E843E6007E7AE4C6DBAA23ECF4B24A0113F7FF0579C8759AA3DA1F8
kdstub.dll,A3F17D453737135F0B5E7CA636F33A44E2C7990CE136CD79BCC9523E2CA8914B
kdusb.dll,10A222E7248B5C3F5CB8E005748641B6423EEFE2FF16CFC92D7503FD429EFCD5
kd_02_10df.dll,A5DA8168B4769662CC4992FF2AFD4C19F7D7AD8E5A5EE69C87FC11A8A1828D6D
kd_02_10ec.dll,7A88D31BE6E91E5CF80FBE3ED9308E7D242E528FCCFC9123B0C28E1DD2DA1CE8
kd_02_1137.dll,2B44FBD1F7E631927B056E88EFB1271C0ABB0E6A888F1EEACE29DAA8F3DFF785
kd_02_14e4.dll,1255DF88C549137F88D5C447452475B1527A45B940535139E825D42601EB96C9
kd_02_15b3.dll,8E23DD485A33770E28591C26E53201D427D188422776C334197C996145B660D7
kd_02_1969.dll,1D597D333745A4EE1C1F5ABBEE42A8C5F79F02A0B2172225E73978C42C85C5DC
kd_02_19a2.dll,9DC6B2C62DE63D5CF7B6F296346B1BFBE40FC88BBDC3D92640A4FF086557AC8C
kd_02_1af4.dll,97D7868A9F4B2433A29B2FB7CB1D4AEB4AAAB03C1BF2E58D67CA4233D54F804F
kd_02_8086.dll,B78575C7FE90A2F6BC9198483298900E204F226A4A4054F93D16FDA8F82D7222
kd_07_1415.dll,9F804C860BC99E66204E9563869AE1083117A906F85948D7E765DA98036DDABE
kd_0C_8086.dll,B6A06639D4EB9CC5EFFA8C313CA831DE6C057A370C4736EFB65AB2E61F0D9035
keepaliveprovider.dll,DF143F1E0DA97375BB091B93CEF06711F6F4B7FE1C68B42A3EF279197F26FF72
KerbClientShared.dll,64B0DD2A43686F3A96E4A69E12033F4110C71CF159A6827620A2F0CB5933CBC5
kerberos.dll,BE43562238F8FBF8FCBC8EF67D98168DD6767BF4CB4C676434358869B1890899
kernel.appcore.dll,8CECE4A563C2150B37B4AE402CFB9EB782DB14E03B260F4D13B88FB85BDFB31C
kernel32.dll,22F32BC01F76554998F426A03A9A54EE238480B7D8BAE0CC2DEE67B5EBD7A3A4
KernelBase.dll,6F13775AC5106437A13F98448F116C76E47B34464D26109C3EB7AE3E20798013
KernelTraceControl.dll,F8B4421386F0AF21E4E60BE0FF29DF7C217F633655EFCE906DA214D77129B4BE
KeyboardDiagnostic.dll,336A13A4D55D8762A6C9D5A670DED35ABD41EDFFC190C767EE1E64902B708820
KeyboardFilterCore.dll,325F0E741FFC3B00692D4EBDDAEECA69DF8F528A1BEF27379FBAE3AD024D9667
KeyboardFilterManager.dll,CC3A0BE090A78F2B1711B206A03B0F2D286FF1AF6CC980DE69B1CC35555B513B
KeyboardFilterShim.dll,513F0EBEC90A796F6AE06FECA93E3967703FAEA53E17194D7808797E16A91264
KeyboardFilterSvc.dll,5D9657EC8875D1C896216683CE325B52FDA98815D9EE15A993FC256027F4BD60
KeyboardFilterWmi.dll,4BC30B377F03C54A9162ED57E7B980875354F1EB24C88B52C3435A882D6F5362
KeyCredMgr.dll,834B0F97B9013682666C463A7FE04A49FD1C4C118516A6074F6B1B2D77EBCBF0
keyiso.dll,9140F7B9712F29E5434417FA2CA8B9639EE627A56620E892F52C69EE0BA41EF5
keymgr.dll,3B4A377EF90D93A41784B5AB15206D0D4CD3D350289252DBE68131E2D1719C63
KeywordDetectorMsftSidAdapter.dll,B5F7C7CF6234118B7F93C37B0B5E7CDDEC375CFC4D16CBD838F6AF5799F63FF9
klist.exe,64B7CC4D6973E963E045A2142BBBA2ACA0A81BC4D92B7A5034ED64DC92B1283B
KnobsCore.dll,D0269786E5E05DE9CB90783DB8B0EB2412D28FC8C5261FF1320E144425AA46DB
KnobsCsp.dll,FB3F312DAC9288B8D807C263BFEB54F556F2CC02C4770DEDD3D0513BDC35ED7E
KrnlProv.dll,97874D3253C8D7EB828F6B49BEF6C1455C3921B17019B9387D22EE67C45D18C2
ksetup.exe,F0AEEE2D6851B6D1B616E85CCB24EA4045C1D00880C39BE644B4899F9CAC398C
ksuser.dll,DD28805FC6F5FD70DDC8C87FE1F5561D8614BDBA65284CD6A7C0C73AEA427A07
ktmutil.exe,180305260DA3DD77215DCA061C10B869CD69307E9D0CFFFCAFA27CCEC0AF71B3
ktmw32.dll,DB112C5BDE98E84484BDBE88B89A8363062194A3B58228E6043664D0A3538F05
l2gpstore.dll,42E9638A78F86E0F70C5214A184B8457CAEBCEA5456CDF35C9111B92EA7FFABD
l2nacp.dll,63FB0B4088972D788220515FE6F838DE34824B1BE123D23B63790DA30C78C169
L2SecHC.dll,C3D895B480E1F7DE6FB7591A379B6E67B2388BE9F84FC1F9CCD8D1384E107E6C
label.exe,FD11A74C35A7713013474417C89C7DD61E7E3063119FBE655A759BEE0F8731A2
LangCleanupSysprepAction.dll,C34EB2C9E976CD144F2E04397EF4F733C534D5E4A480C3D004E2321A0B5AEA67
LanguageComponentsInstaller.dll,AB1CCB1950CD553624BAD440495128D528F7D811BC699658678A7C9E716106E6
LanguageComponentsInstallerComHandler.exe,5F24EFA8E9DF2A97A19F402F2461B2AD9BD12C1D92C4FBC6F4CCD163F689DEA7
LanguageOverlayServer.dll,10E51514E86C2EEE421FBCD0AC3FE2C28450451E97B3BC492C3F707269D2234C
LanguageOverlayUtil.dll,FD3471AB03154245EEF16B9B7C455F36134E8A99BB82E2D77CEBD0927AEE4722
LanguagePackDiskCleanup.dll,B277872ACFAE4F4E088216D8463EDDC9D95DD980C2688487DA7D3C32441183EF
LanguagePackManagementCSP.dll,3C1ED4BDEB22F9BBAC917F5D5F7F226F28942F948A5B09EBA8750550F6698EBB
LAPRXY.DLL,4C32D661531BD4559BF55319C3E61EEFFECFEBFCA248893AA0F24533F982F561
laps.dll,396C812B52516AE6978C30D5BB791853A5B213FDDBBD5B3A67C916A98E066E12
lapscsp.dll,AAEE3C4D11DCDBC4A1A7C11197FFAC3B86A1D041946D55B52988BB409664CD37
lapspsh.dll,E082CF2942EDE6AD5C969CFBD14878BE4ABFCA762B14E4A4B57A828D9FF3D8EF
lapsutil.dll,706822658D22AB90CFD7EBBB838EBF3D5FF7F2CE60E6E6BCDE933C750986F5F8
LaunchTM.exe,4C33064ABA75B0FC716743D62F9A80CFD9182DA0CD427C7330E21AFE01E60EFF
LaunchWinApp.exe,C3480D6A63E4201E390DC55C09FB534C17D23F469F0543F8D64302DAE92A4DD7
LayoutData.dll,12488EC4F3981B98A1A4B98930F38D8621C0A6B3142BF6F69AFDD95B83778B0C
LcRes.dll,09ECBD027C93AE3FD5DC46FFE03A9D6C2F8FFFFA9AD61CADA9CCC863D64CAEA2
ldifde.exe,860AA30CBF02F7491185803C90B38483B194D1676333737A25FC0D2628816E77
ldp.exe,63E7F665734D22313A67BE56EDB75D8986BA05612D1B0D97119C7C554D2BEFA8
learning_tools.dll,F12D74C564F832C7A066760050963025860DC6370072F0EEB7BA89D953EC2512
LegacyNetUX.dll,793022313B503EF613BD5B7862A6111CF64AB6267D1CFF5057DF2557DEF8BB13
LegacyNetUXHost.exe,A6A1EB06E3BF210DB83208A960BAEB4A8515113701C4B25D86BD685C8C26AA4D
LegacySystemSettings.dll,3603FDE240BE39A5E75EB9594ACDFFE65DA11F8E1CBAECF7CDD5169D63F5CAE2
lfsvc.dll,A0B145041F984DD4E0A6F8D0E9C8363DA6F2DA7460E140F028C320CEAC03759C
libcrypto-3-x64.dll,45A5E8F78F6FD68A22B2431140B3C81A3EBA2EADAEC8189808DDB87CAC72E3D8
libcrypto.dll,6AAAB1ABA85086B2B3C4CB5AB4B934AF2D6BD0C1F7D6669E16FCCDF8BD6BA0EA
libEGL.dll,A2ADEE574FA0DE506DB66906E931E4DC90DD7CE007181326C5BBBA13FF56215F
libGLESv2.dll,3B3D7306BCE07E6647DE03316413458877143F32E39EF2E0AED0C6F4B17255C1
libssl-3-x64.dll,7122369D16A2F5970B8F16FE3C5EB0EDB62F72DBA2A51E7FE3FFAEFF4723396A
libxml2.dll,F65A7D11E72982DA8B79A95867397DDCE0904211FADA49A5FF99E8F16C567559
libxmlsec-openssl.dll,18A728EE866B212539D71639203F107E4490B02C3FF7667442807670CEEFA332
libxmlsec.dll,6ECB2F64D8B763255B03C386B4FB5EDF557CE652721491555E9382017D2BC810
LicenseManager.dll,B7E179C8CE3E4CDA7524F0C007B4C82E8F5A9EE8B320FCBF21C5B8041D50D844
LicenseManagerApi.dll,1D77378884BAA86B296B1FAB976A2C0AD1C97FC81D82AD9D9D33AD102DD95ECB
LicenseManagerShellext.exe,1BB374BF8966C391C37E4E47AFD4062FA6AECAAC70B6D83866E5CD39CE8ADBB7
LicenseManagerSvc.dll,2146FE84B3AC6EB3D91AC56F5A4A25D005E36FF7A1B01E1051271776C59538F6
LicensingCSP.dll,5CCB0CD1C1D7443F8241E3891F52CB39E596AB53ECFB0987B4701EE20B52BC70
licensingdiag.exe,576B84BE295BF704ABA08F9C9C6F805B93E4AA245CB3E12C5494DE285264C15A
LicensingDiagSpp.dll,ED683441175FFC3F1D78DFCF60F54757C88DDD7E0115FE0F03E95FD7D9F7930B
LicensingUI.exe,0E9EB89AA0DF9BB84A8F11B0BB3E9D89905355DE34C91508968B4CB78BC3F6C5
LicensingWinRT.dll,6A5F62473C6008741D4CBEC7DB417A697861423CF366A19D0DB6318265C5E1E7
licmgr10.dll,7C9FF3BEC8D7189C2C857C35194939A52976A3C83AC803855820C5BCF96D12C6
linkinfo.dll,44F44D08DD814D7340190BEAB0FF857C4CF2BBAD3A271F9A8AA0F8FFFAE921BA
ListSvc.dll,99E5E9C568F2266D5DD08DACEB59397152CECD0632C5C26C4BFC05DCC0E885A1
lltdapi.dll,864559C814C36834D492D3290968011A2E73532BDB6FC14CFF86793BDBD1327F
lltdres.dll,4F63D2EE31A9EF6C75A217822B97FDDC489C29F263BA6BF935A480CFC82E9ABC
lltdsvc.dll,164B6C738FC416143C49BF0D1CFDCC952360693F41F799B79FEBA72CD542F9B6
lmhsvc.dll,71F33FD997D36B8CFB7FD36397CB768AEF1B6329B3882D445B72246621F3BD7E
loadperf.dll,B44A1555F968901C8B1B634024B6E3DF6447DCDBAB47FABFC0E934DD54232DF0
localsec.dll,F00D1296DF6FD3C5DEF9F5C1DEC237547C9E7308C0FAD1B60F4328EC3C4F923E
localspl.dll,6D912641E2C175EF98913E63FBEC61103EF27DD3EB7D4401FED5852E54C08972
localui.dll,263F0ED80AA8DB9C51DEE8A9E7599ABCB690CD81C5886EF5B2C04AE887792082
LocationApi.dll,C2930A9C94E068F076611B3B817074C3B60361E21E86C03DF111B37285909C59
LocationFramework.dll,F7731CF7D695DF1CB48E23D7AF237AA66E30CE253815562248CFA90DD6030591
LocationFrameworkInternalPS.dll,029D3F6D0D7C4E016F7D7798723F9BA28BF1AA545E482C2C3ACB84818E281977
LocationFrameworkPS.dll,F0F015CCEF0B9AC3F4E8DF06A54A19C8EB62C1B8E717B2F4A8E631C4B5B8EBD2
LocationNotificationWindows.exe,A9024C4C0ED03730085FB529828A917F701E3DCA30D3286AE0D41E9FFF33F445
LocationWinPalMisc.dll,90C3280301ABDCD7E84BE1820554ED63850CB7C1A0CD84F88CE071707635696B
Locator.exe,E13985D667F66B7A0082356F23270F61A57B8C2DD211B1E09D66D7970D7B4D6A
LockApp.exe,E3824CF1E7DD3BF40371D4BF9B1FDB967B67933B38B117DD4E24233E569CE6DE
LockAppBroker.dll,EA4B08EE1FE2790B56FF0E4F8316519D8A2ED4FC0DD74705F1E0F0DEC0A220EA
LockAppHost.exe,8BD4C03DF66055601CEDF50FA31BD226B02DA6FFFA4D3887E39368375B41C733
LockController.dll,B2CE9DC57A0080463DF21DF201CA76E75EF6D281D4AA3171D18EC2608CDE84C7
LockHostingFramework.dll,F98B5645553A9FF09FF67A4FEE3E85EC8826EF2E071EB483700483F7F8100644
LockScreenContent.dll,F17C6676A807DD0E1B3E8EC080EAFE006161E8832D194393E837FAF8376CEB8A
LockScreenContentHost.dll,3EEBB20991EF361D26879D62D9FA88B4096A1DDE9F9D547158C3D17911CC9899
LockScreenContentServer.exe,CB2278884F04FD34753F7A20E5865EF5FC4FA47C28DF9AC14AD6E922713AF8C6
LockScreenData.dll,02E303E55285A959D8555BB69D3B287AD91DD728D6C64155931CEDE6196FC759
lodctr.exe,3915BFB4520C2947E3DC9B4BDD4AF56AABDEDA1923B60F17A6E742A2231EA50D
logagent.exe,058E1A4389AE837FAFC6A7BDFCA2ABF33CEB6915410EDBC4B2EBCA052E4F13A6
LogCollector.exe,55B27E9AF9FF86BF01BB0E12D17455D982EDC0C155372ED4B237C245B2E9D7CF
LogCollector.Resources.dll,BB1EC8B497C901D3271074BDA1B457505475816D4CD8E6D1268A5CDFABD0C221
logcust.dll,DBCB3C0F4E5C6310C6A866FD2F3CEC440807ECFDD89CFE35868BEA344A4572E2
loghours.dll,A6279E55BDB59049D8F4E979B6A8EF3FC2436A7436580A0E67A9044F6F468617
loghttp.dll,ECE2E6DF0257F7ED4831C7AB67615022B8C0FA0F2AC5B62083757360AF4594D9
logman.exe,A0AFE8316F00CDF45BE509983106E1A168CA7DC3140ABA7A9BB5C9CF364910F6
logoff.exe,D85EA6A590F0121F3EEF13C79373F8B7EA198E00F5DC3EEDAD5F4D0E07DAEF39
logoncli.dll,D6A9B3094D1B8233683507980C5766443AF4B0C17338050A0A54DBD1A1BCF8B5
LogonController.dll,D331B3894468A581E6CD909E19F6806C20B000CC8A1C332BF4E288D1C5D89E71
LogonUI.exe,CF01E46C146699F6C0E3DD447043F59BC9438DBBCB9563AF6C60EBC6D82727F2
LogProvider.dll,A32E2736DB067005311E8AA069269BA64B084DB572DA00260A12ACEF58DC3C20
logscrpt.dll,8A052FCB3E6ABEDB739E70DD9EE037342E2A2972D5BB2766DF96C2CB01374954
lpasvc.dll,1B76B795A02258F99E672BBD661B6C96C2CDB4160F11A7ECEBB4DDCC8C2201B3
lpdsvc.dll,8772FC9181B3CD51237228B3FAD15CD014A4D8BC04F64F335F83DE25DABAB851
lpk.dll,3E5775B446EFB19644C966B3BEF3AB4179C9282C0DBB8E7C27E5C7501DEC4558
lpkinstall.exe,6FCC665F66CCD1A139C5D4F2EC8C229DEEC9426976BD37DBF2B1A800D670120E
lpksetup.exe,390270863097620628BD9135DAABA4082ACB02A1DFE2A0B1022B7B1311A4371A
lpksetupproxyserv.dll,B3397BAAE6E2E71BC29DCF8E9E7D893C8A23F5D2F03BF520D757D27AE3A84558
lpq.exe,06BD5B56B1140301B0B8AE4E5ABB54DA455B8EA7338C8F22BD0E96BBDDC15182
lpr.exe,5778BB8362C5CF3FB389F0746965BBC52262F06CD25B52D94809CE4CF5350344
lpremove.exe,6220BA55D96DDAFB6B573B2405DB412F7420C77D09B5C1A1637D558EA5480057
lprhelp.dll,84053B370F80B068AE95F67B71BB8F9A3D8D094F4A115CAA3D4B71BC539329E9
lprmon.dll,3D1CABED72295642F820279DFEA0FD41C4BD1336A1215DB5C36E732D0A3D21E7
lprmonui.dll,CFC7168A98A4C9EFD69D5648459DA915779474D420BF53EDC0D9793AED2B85DC
lsadb.dll,A5E3A34E42F8AE78B23B7F2653AC9C6FB18FEC679D159054BB0D2F867664A00E
LsaIso.exe,012F55B37A8A6EDE37E6688CF0FCAAE2895FB54F6F33D8550DBBEB0390AC5B33
lsasrv.dll,38EFB8FD5CA53E67B55D8A85813C206DF9C55668C6F9A5B0935B50F2C3A4FCAF
lsass.exe,0777FD312394AE1AFEED0AD48AE2D7B5ED6E577117A4F40305EAEB4129233650
LSCSHostPolicy.dll,58D94904408C8387F787AA8C8B61B20F609C2658E8F3D5B5E6A9B0F5468ADA07
lsm.dll,6378845C315ECC47427790DFAD7439D10104924C8799534EE299F7FFA48CA535
lsmproxy.dll,18427CA69BEA9D5D2C44E8CC2CBFAC82992059A51FB188337A5A0C74F2DD86F6
lstelemetry.dll,BCABB49D239AB8FFB23B83133A3DD0F2F99CBCBCD55A02904CD8947288F2CCD1
luainstall.dll,5B19E66656BE33849312020B0DA61DD27CBA7891AC6C454F41D2A37775FC5BA8
luiapi.dll,5277E50478A31AB6DFF8699699A0023AAF4BC173C8581778B8DA8D6597F5F1AC
LxssManager.dll,8754FACE0A3126E6B633946289D2CCCCFFA9FD7BA237DFCC07AE2F68ECECA4B6
LxssManagerProxyStub.dll,34E909950C0DC5425043B9FEDA01268DB2E10FDA39B03EC0BD5ACFD48720E888
lz32.dll,3DDA301E618DAA4694DA83F2C331C15E47087C7B0303A8DCE02EE0EC33D56A7A
madrid.dll,4E579867B391D0438905FDF714CE7A11A85E7E66A66EEC010BE9918849BDD476
Magnification.dll,3FC8001E56A48043EEB9495F732D0AD8105AA3630B9C4D5D7FC2F8DC7B8B6FFA
Magnify.exe,07AAEE0AA8107DB066504E9110B0C2B2EA9856B139F0FCF9FCCC00FBA90AB2EA
MaintenanceUI.dll,45D0066E0A77E4B83C683FF476D37945BE1AACB5DAFFB02BFEFBD9728DAC076B
makecab.exe,F3C190724C35D35DA5213DAEB868DADE5556EAEA69A9337DEDD6402CF4C42E48
manage-bde.exe,38F20A75E04BB9A53C563152A90A5B29AB689AFF58D6ABD3E005D156EE4E4C73
ManageCI.dll,F9A845327B08B67FB1991E98F48F549854169E27E3FE5EA36CCCC9C2478326EA
MapConfiguration.dll,E9CED2B06646142BB2147D0C7497E8F9D519211991897E724AC6659483211712
MapControlCore.dll,C9B8C857ACC9BE5225C1324CBF49535D0AD2D15D2B1BEEC9F6FED9A7E7759955
MapControlStringsRes.dll,131FD4C893A6D0CC49A4D8CCCCDB49A4BCDDA1AFC03A4BEDEE2BA6FECC154F5B
MapGeocoder.dll,08F804DF26695EECA3DC1807E6A5929FE4B3E601C5E15D032A1D5B841C506E17
mapi32.dll,7B960999189591787D9650E8256E64ABEA3434E4C5B39F25191679381AFB432D
mapistub.dll,7B960999189591787D9650E8256E64ABEA3434E4C5B39F25191679381AFB432D
MapRouter.dll,648DEFD5032C1B67FA294058E4C5DB3977CD8145BA399E98F22555ECBC96A3F0
MapsBtSvc.dll,2241BC25E3F2A84C7356267AF26AEEE5D98C9BA7FF114A5DBF283568060EC9A5
MapsBtSvcProxy.dll,2C8794354B91D360D7B251E5B5A47A1B91FD878567DA6E27BDDC7B1F4010FA97
MapsCSP.dll,16C2B8D8B18E823645EDE30F876087AA1CC9C521CE8374C247C1446E91FF677B
MapsMigPlugin.dll,0105E51547A6D3920D82E2091568EB552791813C52816B503762C00EC59B3D87
MapsStore.dll,8CC4513F83332C041B9247A45A0F82749606353CB3AA37F830924F026D7F59C0
mapstoasttask.dll,BB41AEA09A898762D2485C901765882C40C15584129D07DB3D8DF10286A4332C
mapsupdatetask.dll,04BE9FA167ECCC7BD42E46AF26D78D711150CEBAB305F0741B8A858314D53D2D
mavinject.exe,FB4BA43347FE9740393A54D1995C64A2AB4003FDFC53BB2B32682510E0FE9E7F
MbaeApi.dll,7AAB90FFF315C8B02C1BA24C09F7390F2CD44B70344447F7702C9ECCBF2D9C91
MbaeApiPublic.dll,67B09DAF51FAAEA44CF3A4BC74DF6C875CCBC0B31D45751E0F7AA9986F19C724
MbaeParserTask.exe,E7EC0402B1FB18E41A6AE0F88464D0E07F314FBB418C93771CA94EB0EC60D4EC
MbaeXmlParser.dll,D793F95E7C8FE95F0F281DF7EC687AA78349C863C24C6EFEC4EE7C54C7DD306B
mblctr.exe,3BAA1DC0756EBB0C2C70A31BE7147863D8D8BA056C1AA7F979307F8790D1FF69
MBMediaManager.dll,3665CC74CD5AD027D5E3AD6DEBF966637F32BB48C021900EBAB38FFEA447BC84
MBR2GPT.EXE,5A54BB94F6756DEAFC0BF25C9ECA4E9DEA00DDC3AF293479BC7C3380F1BE30EA
mbsmsapi.dll,6F65C35057BDE2F640195D1A97638D53147644642601DE9B2133F49407F21CC7
mbussdapi.dll,420244EED6DD3B56C8E4C5CEC80C3CE1D47380C9AE6BE86413ACCD9C1359E456
mcbuilder.exe,F5FBD701E0CEEFCAB76839231C23F29EB967AD6107520B8454C40FD8DCDDFDE1
MCCSEngineShared.dll,3360355F64D84B88B76A9CA81C243DD63F59161C26EA3D5EFF348163E95C3E83
MCCSPal.dll,71D807DE5C25CBD81FC62BE785C33F40BE23905788DB372C083B87AD55D9C606
mce.dll,BC75330C70DB5A8FCDADCACD87D8239A4769207EA79E8D1F48C933477F657663
mciavi32.dll,B69A18C00768BFCACA82EDD5BF9006B64E2EF2150CB97472AE7ACC9F814BF956
mcicda.dll,C62699BCEFC654E39662F829AFA6263EA7931E693F0170D32C40D19AA4FE2371
mciqtz32.dll,1A498F6785A5932BC6B22159F92366A30CDD6043E58AA560926FB98292F5533F
mciseq.dll,1A20E5EC39E6112024877081C57F1A60EDF55A943987769E7314BE122F3E0492
mciwave.dll,5BB12EF87FDB02B7204FDB05BC9022F1F9D3B9405FD4B0871DD7F4133BF98D9B
McpManagementProxy.dll,88A1487175FF96C12DFFD3CAF60186724B68E01B787FC55117B347CA4F5F8BBD
McpManagementService.dll,791E081787903B5367FFEEE3A82F0F096214670A0153837E1E2F50D0BE3377BF
MCRecvSrc.dll,59B95B5A31826F423A7A9CBD079C11C9A9EC6F79EDEE090DF1AADAF0CEECD589
mcupdate_AuthenticAMD.dll,77EA63186D43354BFBC6E28188843CEDE3F3CC49335FBD1A688C48D0A2CC7C4D
mcupdate_GenuineIntel.dll,FC1B45835DBD7CD9DAC6E6DAAE5C00DE5EF8C7335206F5C08ED1188624C9478A
MDEServer.exe,7139509E1D169411DAB32A948427988AFC81960BDCA61FA6BB83B621540328FB
MDMAgent.exe,1376FD0B74A68A06F7463FD5C6B873DE644998E7ECFBE7E62CB782C999347C02
MDMAppInstaller.exe,76D880CEE78F82DFA08B427E04AD761BD6185E695769AE7981E3BDF129B47F20
MDMAppProv.dll,9BFDE9F634082A5DEEA89E18FEF16956F3347B6BAE5B04028161514F470C2F85
MdmCommon.dll,752E658BB2D6C68087DC6BD96D2CD0D254E66354C28D05DE24203F68B3A8821B
MdmDiagnostics.dll,EDA935FFA35A5EF3DF1BBCBC62D1E061AAA4CDCD7E8A84CB41526D6BAF5E5730
MdmDiagnosticsTool.exe,87631133D57EC6FA3B36B71CB5296892EB66DE4207EDD4CFD54C6FC69C78F7C6
mdminst.dll,0F73C669225F88268150FFBEE062819D448248DB3EED361D4FA0342EA92DD7EA
mdmlocalmanagement.dll,46B837E241396896B6887A96E6608A8F61F26CA853D96B4FF3A97CA6EB3A88F9
mdmmigrator.dll,3E1A59E9596E3149158691C1A4D71299132652B0F770BCC9D6E44ABDFBE5E809
mdmpostprocessevaluator.dll,4A3B218B8A3B64C37084580D1AC7DC2068D91049EA7317AA033FD9F08614A753
mdmregistration.dll,198194EC1BE7A6416B0CA9A2F802DEE5BDC3AD9600243177BB1DF95DB3F9A2EB
MDMSettingsProv.dll,DEC4C6AA502AD1AACC0CC0164E884BB14D7B9B26259C5BA2C1264A2980A657FE
MdRes.exe,017F58759130EB04830148C5F71D866D9D9C0A231CA67440D335B8790C19AFE0
MdSched.exe,043CF5DA5A37A30ECC4BF526A811E7C474843FD25E45C691B82C1458318686E8
MediaFoundation.DefaultPerceptionProvider.dll,98492CE8B5B1DFFDD2EE03AB1D6649144EC93D26F3013ED319A7C1BFABD847D1
MemoryAnalyzer.dll,3EB56511206AC1A2DA2FBA27DF4034F64502D7733C1219CBB0F5A46AE8D1D792
MemoryDiagnostic.dll,208F1896E3939CA17D3E2DE3E0CE38B83443D3A24F475A3E59FB7D2900CA8337
memtest.exe,C3406CFFC9F2C0A1B8A54C13B0B19940CA39677A4899C9C5D12FA9E8D6BC59A4
MessagingDataModel2.dll,CE6546775DBAEE70729E79018DBF9E8A6A7C387080669E5E2C0FC40E0BCDF154
MessagingService.dll,10411BA97B3479F22655C4A9949DFBD037843030538FAA881529048D28E8FC4E
metadata.dll,D3CD2DE026AA30AAC77FAC42A5F74004342CFD3AC596BD3244B984D3B78E932B
mf.dll,816950134A72C51142E39B2DA68065F3B8FA477FEE65DCA6ABF938106965FDCC
mf3216.dll,4C31410984B791134BBDB627B89E0116F4BE476683292DEA3E9C8279A5B3447E
mfAACEnc.dll,8CF24AFBF43CE8E29DFE9DEA0C4DD3F396CF1194DE16BBB9C3EC0CDB41BC6EBC
mfasfsrcsnk.dll,5680E83362C5826FF959884DE2124A8EAC6EF9CAF0AC61A6B61E04F1F90650CD
mfaudiocnv.dll,FF25C518A50644CC4858F72574B9B81E11B4764A8CFFF3F60C76E954A8EF2804
mfc140.dll,252F342CD13C8F3B5ECEFB3DA305F702AE3F6FD01F23BEFB93D3DC18182BD5E2
mfc140chs.dll,9B4FB032935154D0F0A541DFA0E9D9AC12EE9B2286EEAED4D45A08F683465A88
mfc140cht.dll,18146A8D76C861A472B1259B2C362CD2BA062FA210843B278170726B6A03127C
mfc140deu.dll,86B3A3D9EC0256012EA45910BE57A6FD366C97B1ACB253DD031EF0D8E355142D
mfc140enu.dll,A13356DEF20FD8ADFE352E779369E323A5C5A7D9A319439D94E0846CDCEF6704
mfc140esn.dll,03C7100193FEF0D5F4654672EB4A727B0EBCC2C491375BD85666675674B80515
mfc140fra.dll,2BC2508DE33595CE1D6219C22017446A777A01F134255EB8DE0CE8D2C47F570C
mfc140ita.dll,AE3170BCB0E31BAA01B397BEBED42261D1E1846B03FAE052542638C5D832734C
mfc140jpn.dll,2927C3C2F5A2DAC86AE78A9AFF514E2C0D3B55484F6F364ADC92F504340F1106
mfc140kor.dll,014E74770F0709AC33076F7B65C3FDD7168533BE01354532D12D809A70CB1A4A
mfc140rus.dll,6BA08E6D66D06252DF006137A06E72247770E51A5B6AA7B88CA766C34ED2BBE0
mfc140u.dll,BB073D42C457844F42E569453DE267E440CCE892765567B56A40DC6382EDD571
mfc40.dll,C8AACB7314FE061B16C0D1961F4071E144BE9AA44E7E00CD89B9B6581AAD6430
mfc40u.dll,3CA65B6F8FCA231A266248FE6F67B6A87568BA1DCF810EEF355D7699F603AA22
mfc42.dll,FBE6BCA89EBB72C9BE2498C4E84F2767467A4846395A8B6B74BEA3DE669200DF
mfc42u.dll,4EF5CED61C3AE80323D96C2AE77A28E62CB6C4E596DE6696248B79A98BA404BA
MFCaptureEngine.dll,48479EEC072E4BCCC1BF0C26B454ED749395C643E58F980C5DC56409BA9D427A
mfcm140.dll,55B2AD055065AC8C306E6DDAA1F937324277859C3B95F5BD353714546D5C243F
mfcm140u.dll,A4DA5BF0651B4BC227872B0B43F757A0CE438F9BEC9B93F36550B3F79E143E83
mfcore.dll,7246B4F8E3C02E721026B5B143985FE279E013745F55E39B6EB8D8F65FB55F2D
mfcsubs.dll,3A3C0435516FF5A503CF7F7912D7D20336FB7BCD48BAA0B15D58663E862FC35C
mfds.dll,7DCF24936AF848CD48D9C0DE25997A2E737755417C31BDE242279096169128A0
mfdvdec.dll,3A1002681F5B33955AD1B88EA3392800C79DC21CCFEB50B3DBE1C28459931FB6
mferror.dll,B485B6789C76FB288702FE3317F2A764C1F3385467214F9F32A4F8B65CAE7419
mfh263enc.dll,2360333147F103EA85018FFCB34FCC177CB717CA9EAC117CBF3094D1DF83A250
mfh264enc.dll,56D2FD4EAE0AFAB367ADE47CCC2FA13F368C16043B72960B350FA1832C750FEF
mfksproxy.dll,FEA73B1AA7DE4F3919BBCD1E96AF994E35BCE1BCEE0D1BA2DBFC0974186837AC
MFMediaEngine.dll,4601779E786BAB7201A8C40E0DB2368C3040FFDBFBAD01EAE99786BAF77CFDFD
mfmjpegdec.dll,8F4C5A371C28274B380F9A4DADA9804B3EFD2098F5A3E14B872E85D3091FA30D
mfmkvsrcsnk.dll,30B2273114ADEBFFCCA4DD5B53E2922F7E098319029C0E7427B2A65EFCA43C0E
mfmp4srcsnk.dll,20D81CEF6BC4EB762BA80A88A7D86AB9208C22AED5B799DDA92BCA89B4173525
mfmpeg2srcsnk.dll,F4A87544C728DFC4F232562EEB2A25D8169DA965D3EBE9495B9CFA7DD6E324DD
mfnetcore.dll,4D0A1062BBE2904AA0F34D85E717AFE699160C80474DFCE7899E8740867E9037
mfnetsrc.dll,FFE16B80E4A3409A85B080878E471473345BDF320208D2EBBC0B6AB8FFEB5986
mfperfhelper.dll,0859B02C4AE2B419FD2A9A60206F2DE9536A6B0C02B9F253AE0E04EAE95FD117
mfplat.dll,8717B95F243FFEEBC6B0198154E0BB6187FB3A50BCD289B5A9A5BC5422863981
MFPlay.dll,2B524D5320C5E40E106AE43FB80E761643BCC05DDD596D4779B7186C41B21DE0
mfpmp.exe,FF7E8CCC41BC3A506103BDD719A19318BF711351AC0E61E1F1CF00F5F02251D5
mfps.dll,F9B914739B04E59B572B6D118E0E15B6BFAB0BEE9E2F238D0F82A941CA69A7C8
mfreadwrite.dll,55854B0DA622EDC4F537846AEE20DFFEA3569FCD2401D3B5112025E817198371
mfsensorgroup.dll,B4CC9093F437AAF4575CA396DCF6587C4BF73EC273B1FB0B74493205786CE70C
mfsrcsnk.dll,9C9C7FD9BE9762BFF617099D569C7A44142E1F44E91650D927E6502E7C170993
mfsvr.dll,A27972E2E131C918A797474E70A0471118F4AFB8AF8950ED5A427A900E836BA9
mftranscode.dll,9C17499CF0B8535D24E50678A9BE6CAD5B72AED194D80FC68173305434C929F8
mfvdsp.dll,AAB93F5FBB3B967B99F954DB0A486BCBF4D027F33ED9BCAB73DE25E793D21FD5
mfvfw.dll,6254CB315331003F45667CE901F762C3B7D28B599012C6D52CFAE4B56CF06DA0
MFWMAAEC.DLL,1D1FF5C14D8DD0C0F93A2C3DBFC7369E542DEF86C4E4E21659B847C43420C4C3
mgmtapi.dll,C81A41B50C0DFAAD98805342E1B3EBA6068479A91719C1D8EFC3BA11001BF5AF
mgmtrefreshcredprov.dll,8E689F87714A9B13CF9300F28F068215A8CF4242C3D422C8F83912395F11832D
mgtdyn.dll,FA1C9EE29C7881149346FC43FD8E7BC1DC2B4F9DA0B1B09CFC527CB6053E60BF
mi.dll,7B7A243A024F36863D035815D90365F5E5D660ED681982F7F1AD57000C037048
mibincodec.dll,E95362F3D35632DFC0F9124E2B79F76E1C729BA3857C0827958B649F5EED25E4
micaut.dll,C0CA4403FBA74AEED2B5E2F560AE039FAF320602625222B2AC9AAD52B5735CE0
Microsoft-Windows-AppModelExecEvents.dll,60FF2B02B4E6164A7417652DD1720B41369936F045D5271BB9EBE0663EBC5F86
microsoft-windows-battery-events.dll,5A08AC803F78864048CDB6A0BCDCBA9891937B828E9377FB0CD77CCE06FC53A9
microsoft-windows-hal-events.dll,FA4C7B42EE1007EEDE8E1F51116B3F4851FABA088E48390BEE0A52B7291591CE
Microsoft-Windows-Internal-Shell-NearShareExperience.dll,23550C4D623D86EF6399A1DEEDF16A36AB4EF78669EDB474553E4591412D451C
microsoft-windows-kernel-pnp-events.dll,9DC8CBB606B91B1FBAA622F6B726D13CDD7AB859A39FC26AEFFE7E64CCB88771
microsoft-windows-kernel-power-events.dll,BAB219EA38BB720712BD582DC24BC1C6BAA8E43592B76A1E88A3F6E25F423EF7
microsoft-windows-kernel-processor-power-events.dll,B8D16CA40B073BA39C74F45E19B9B93F8FCB08EC77672187685C7E3E1839A489
Microsoft-Windows-MapControls.dll,352E35C14A0EC3AAC5762556F22FE6539154EAEEEDCD9614E735E5AA0EA595AE
Microsoft-Windows-MosHost.dll,321A9E388A0E437325411998BEAAECB9213823BE935F1B37FAB9D7CEF8984C99
microsoft-windows-pdc.dll,AD9D50BD0406FE7CF1E69302B8DEFA7397BE224C5EC94F28F1D74A5E7BDBADA2
microsoft-windows-power-cad-events.dll,99CDE84B78B0F57EA8AA8C76A08FF1B5CBE707AEBE3276DB1F52808E786D7B4F
microsoft-windows-processor-aggregator-events.dll,26C987340AEDEB79A2EBA6F334E55A0F3A759DAF8714A7063178E4DB62F44EF0
microsoft-windows-sleepstudy-events.dll,32F071EFA5D54C0DBBF8632CFA5EC35BBACBC1CE233932B3C21F2E8BFD8D2FDE
microsoft-windows-storage-tiering-events.dll,6E71D0BB7FA0F02071460C55433209794F95F81058186142155DE0330915B3C7
microsoft-windows-system-events.dll,6B5BAB5EECCF07B91A91533E17EB61249C5B15CF9F9F9B88AD84113714053ECE
Microsoft-WindowsPhone-SEManagementProvider.dll,CA68EFF48F1E5B6158CD0F45571805717A8364A3D34ED469F4C9E76CFE88FADA
Microsoft.AAD.BrokerPlugin.exe,E66B8DA1DA9A5B4725BA322351743E7CA92E88C3474766DE556BFFEE12BFD105
Microsoft.Activities.Build.dll,B7A8EA91D1F7D6E28383CB0362C8E823703BF133A1686E35436AC2DEA2ED55D1
Microsoft.ApplicationId.Framework.dll,AEFF39A3E74D4A448C3BF9858EB12E4584290C887AD612AD92A66627B1F97F99
Microsoft.ApplicationId.Framework.Resources.dll,28A1FB2F2E54FE0E75DDACD275BF1F62EDAF49934ECFCE3E2B1CBBB9A51158B1
Microsoft.ApplicationId.RuleWizard.dll,92B4453F68DF00864BB9D51485A4E3B756BA5008F2178AF17F45CF69EC083F59
Microsoft.ApplicationId.RuleWizard.Resources.dll,48BEBFEBA1CE7A0847A4D604FAF463CE903BF13F6F2B572FFF3F7F6489768A9F
Microsoft.AppV.AppvClientComConsumer.dll,F13122D91C462237C7CCFF91D9AD9722B3F329AD4A74389731BB25BF43A5EB37
Microsoft.AppV.AppvClientComConsumer.resources.dll,93B39C032EDBF4ED429829295189F9E49B5EC6DBED642FAFC71DC92FB2B6226E
Microsoft.AppV.AppVClientPowerShell.dll,E40355C4893518A838C942112B5E51908AB1FEE764FA999976EC47B1FD61C357
Microsoft.AppV.AppVClientPowerShell.resources.dll,72965CF70057BDC7F7A91C2AADA2A1A7AAF34EE1F235E18DDB140D40796DF87B
Microsoft.AppV.AppVClientWmi.dll,66D44A717574F2928D5567DB12509053A04F21D52A9FEDCA0F0AEF16330ECA36
Microsoft.AppV.AppVClientWmi.resources.dll,B61EA83EB885E70C824B3F4E7268A4F191741401652D6FE1A0E01B6FAA1DFB02
Microsoft.AppV.ClientProgrammability.Eventing.dll,3C9B8A63307B22117BD147A0712DD794586325F27AA5011B4CC7C5B934AAB004
Microsoft.AsyncTextService.exe,7CC3FA92121EB04C82C0D6793856088106E53573049601809A96701952574997
Microsoft.BackgroundIntelligentTransfer.Management.dll,41CC1973C9626A4BB00F0AABC6C97A84B2F8B5670673AC3B1E1E91D781851346
Microsoft.BackgroundIntelligentTransfer.Management.Interop.dll,C163272D82ADC8EF7B3D00C018DD11F01778192523950B29B563C500910A8936
Microsoft.BackgroundIntelligentTransfer.Management.resources.dll,3E68CD1EAE49A47D919238B02C2BF21FE29F559BFD604F123FF6AF0DB1371C4D
Microsoft.BitLocker.Structures.dll,FA61509670EE5DCDA197F6B52FD12A4ABE7D920EEC5103721BF05B2B19367CD5
Microsoft.Bluetooth.Profiles.HidOverGatt.dll,BD21283BAEAA3D01058BCE30323B4F930BBD061B68366773A29376684B27E62B
Microsoft.Bluetooth.Proxy.dll,6C4547A8C1C2F41D3FE9D505434D0D50A4F729EF137846612B8FCE434C41F201
Microsoft.Bluetooth.Service.dll,F59B6F69AC5AE056D10B9C48D5DF959944DA5C502D1FC3447774E33E86AA06F1
Microsoft.Bluetooth.UserService.dll,E8034B600E9E1A56A8DE14988476B8C5556128E35967F95EBAF8DF153FA9ECB6
Microsoft.Build.Conversion.v4.0.dll,947090FBDD96C7FC669961269B02317C3CB8F551A605B8CC3605FE88B16F9C78
Microsoft.Build.dll,D664D5A684F23A9B539AAC14D4144A9044B1A305A6B47520EB558B86BB957C86
Microsoft.Build.Engine.dll,12CD27E138CE7CC4E1F0A44B3C96EADD99FEE703FFA5D7AA257BE0F7B3D8A398
Microsoft.Build.Framework.dll,033087431FE60537E1AE9A910D52E5CF11619CDC4378A0F1BCEE866B97B88055
Microsoft.Build.Tasks.v4.0.dll,38491A986D0771A3B0E91BD33EB3283EB003351BBD3667835A27B0F7364E5666
Microsoft.Build.Utilities.v4.0.dll,2A974EFCE8313113641BD0692B40028A2FC12D9A2E0BBA893EE0D7C4CE9BCEF5
Microsoft.CertificateServices.Certenroll.Interop.dll,0E71E2D1387522D25447FE89D901E99D60E0389B71A15074385485D9FF692066
Microsoft.CertificateServices.PKIClient.Cmdlets.dll,BDFD8132DBC9E799D66A15E39DFE59ADAD3D78705AC23BBDADF54041152892EF
Microsoft.CertificateServices.PKIClient.Cmdlets.ni.dll,79945A86DE36E6B574150A1C78F3CD3BD2989CFA45FD42491D6B4322BF6421CB
Microsoft.CertificateServices.PKIClient.Cmdlets.Resources.dll,D517A74CE24DA1FD87E61271CBA17F8E623C2738934CDA522A7D00898CCAD517
Microsoft.CloudExperienceHost.dll,7A7FB83F4EDB45F4B481054FF56DFFB1E49854559F23AC2DE07874628E104DA2
Microsoft.ConfigCI.Commands.dll,793A6DEB93E2522028D94A18784D4D8CB72079EAE61379DF2BEBDF4693B320E3
Microsoft.ConfigCI.Commands.Resources.dll,CE8090B05D48B735ED0CC6ED6A029345587618AAF90E3ECECBBC47244BD2246C
Microsoft.CSharp.dll,B9F636B629F33FF5F41797CDE4B0F5CD3CF26979F98B9BEA87FB8B54A571F373
Microsoft.Data.Entity.Build.Tasks.dll,41DF52F61C8D4EA08A0F80974ADF7DA19041AD0D4EA67641475A06F54B9279B3
Microsoft.Diagnostics.Tracing.EventSource.dll,C93BF8FF0E515979213C98B9733B7D4A4A5E63AD70CA3BFFE6B6C066826FD9C2
Microsoft.Dism.PowerShell.dll,86C850D08CADFA7892346C113ACA6669F9C9ADD0BFF7BF6F35FCF670FE2CB0B1
Microsoft.Dism.Powershell.Resources.dll,39EE28A0490B9373D79A9A8E2B97A1658FDE07D1B3268409F59E4E8FA89B19A8
Microsoft.Dtc.PowerShell.dll,DEA7241317F034E2588A9976FD7560B69AB0DEB7BC5A6C68D525458B5BB82E04
Microsoft.Dtc.PowerShell.ni.dll,E7E96C64C91FF313AB28C378CB18B1A24370C51D54D13E37575761CE25AC8D2C
Microsoft.Dtc.PowerShell.Resources.dll,E39F07FDEFBDB31966ABD0631DFF66AE8AD6AA2BD0BA40F83B4C848620305DA3
Microsoft.ECApp.exe,720B6F33FFD198D70516D5FEE9847595538D3310DB018179E0BA6BC2135D7D48
Microsoft.Graphics.Display.DisplayEnhancementService.dll,43E01AEC265954E5E47EED1F9CA4872A1AEE9DCCE8536993AEA2CD5440BAF2CA
Microsoft.GroupPolicy.AdmTmplEditor.dll,E348F26484B647DCC952309B4C2F9C2E8E6335F270DB7D8D634A3EA1B27A05AE
Microsoft.GroupPolicy.AdmTmplEditor.Resources.dll,DE213B8D12408832288EA4049FB636C66D43D78007AE18460222E073FCCE57D7
Microsoft.GroupPolicy.Interop.dll,AA45673C2A7820F5D87B7D73FA08F7C82D6D678EB18771FDD88069D4CA6EA32E
Microsoft.GroupPolicy.Reporting.dll,AAC6558A9E51648C4E26806C0BFE6F978324D911AF7DB645FCEE1484345F87FA
Microsoft.GroupPolicy.Reporting.Resources.dll,33B215E1E9ED33B32AE3D73C9A79119720ACF7FCE7D55FE82ADF76136001556D
Microsoft.HostCompute.Interop.dll,4104C5C18CC8A8F5AC66E7420E328EC6DB3B20F46885E6351A30B2E34D1B36E1
Microsoft.HostCompute.PowerShell.Cmdlets.dll,37B87BD452FA19BF41CFEA8857565B171DE57FAEAE375AC6762582D61D53B36A
Microsoft.HostCompute.PowerShell.Cmdlets.resources.dll,A484B004E658A9DA650562851333E0AE3B08DA23809F24B4B4EA36D24E41198C
Microsoft.HostCompute.PowerShell.Views.dll,231E3E02E80767DC37163042592597140BDB7C54C5F00695F2324985822AB9F5
Microsoft.HostGuardianClient.Service.Interop.dll,31ABF375353548795BDAF268C1313F0CE03C27BE20305AEB9E66A82080A62DC5
Microsoft.HyperV.PowerShell.Cmdlets.dll,45C4741C5CB7C24B26D8259A503F69AB2713B4562AD611067696C3C9E526D5E0
Microsoft.HyperV.PowerShell.Cmdlets.resources.dll,8719D956DB284AEB2D52BEF352D97900A7C3C75A5998DEB80D5E8AB197DE52E6
Microsoft.HyperV.PowerShell.dll,03376FFDBE443F9FE6466ABBF6ACE9F7862C14789B7E2F167274C42A6B287462
Microsoft.HyperV.PowerShell.Objects.dll,E19F46F4B87318295BF9A3561EA0ED08EE57D5EDA2E5E4FA5CE07CFE64317ED0
Microsoft.HyperV.PowerShell.Objects.resources.dll,7AF7B67D477E132569100E2E385002ECBE91806A69B4BA87FD40C8729EB914E4
Microsoft.HyperV.PowerShell.resources.dll,F9109DB58F39259D5E2E78F1C9122F6A0F813EAF2BADED0E7C4E53F10EFB6523
Microsoft.HyperV.Schema.dll,2FC280BDDD9657E2DA0E4F94568EAF66775C46A375B0BC7D0DA910E5C436877F
Microsoft.HyperV.Schema.Marshal.dll,54167DC8F822BC85F23D6F01D6CDC51CED11EC953EBEE39CBD07AF43D6B44765
Microsoft.IdentityModel.dll,2FF5DE88310A97E88E9C7E4AD23B3453524F56A9B6180801F040C0DD529E4630
Microsoft.IdentityModel.resources.dll,1C7689DDAF09AA9AFC76608786A75046BCE004C3894ECCBE72A29940E1AA32BD
Microsoft.IdentityModel.WindowsTokenService.dll,6E70185BE125C4A6199AC8F9A7D82518EC339DD90324351D082ACE7A7D576455
Microsoft.IdentityModel.WindowsTokenService.resources.dll,7FF058E3DE144B013C845C7749EEB078330E009FA28C68D40966D384B8AA01F1
Microsoft.IIS.PowerShell.Commands.dll,EC2C2888445CEAF419AF96E33BFA7CA39CC07E56EAB3122D45412BAA1F504204
Microsoft.IIS.PowerShell.Commands.resources.dll,496A1A840245DEB9C5A49F25750E4C44ECA809BF99B5D47C1C9C27E2697AB1BF
Microsoft.IIS.PowerShell.Framework.dll,A24A498A8929072C17258CBE3CE719850BEA98B38F0CA9B3B6C7DD37FF13CC59
Microsoft.IIS.PowerShell.Framework.resources.dll,4963E2449E9427B7C6F3D0300FF16A338F9C96FC8A67D5269DADA3A4743ED6DC
Microsoft.IIS.PowerShell.Provider.dll,9E24481C0AE5BFA897C19D0EE1B55B218460CF2E5CA845EDD3820AA3066C4A92
Microsoft.IIS.PowerShell.Provider.resources.dll,D7DC12865AD659B44B7E1DB03BAAEACD670233D2A0410FAB0896592ECE8D0574
Microsoft.Ink.dll,C5FA968C9908E5D9364C0090254005D11A9966E7EBE7A44874FB6857E3082539
Microsoft.Ink.Resources.dll,4BD7D7F7A046A6C6FF217BC9D769B0771E278E9045B4546728E8AD237AC5A7B1
Microsoft.Internal.Tasks.Dataflow.dll,E558C83C39B05918CE19C347BAE1D7BD3C87C42F39E1035253DA37D2F1BE0D8E
Microsoft.InternationalSettings.Commands.dll,70665453332D8B385C63EFFFBC867136D0ACFE8BAC4908CAA877CA3BD6F3CF39
Microsoft.InternationalSettings.Commands.ni.dll,C6D473E2DB39B1BD656957F56864D5D5346801EBD957AA41D9A663F53CBF66CF
Microsoft.Interop.Security.AzRoles.dll,490B4CFD87E6EC2EEA416D93AD6BE3F3BBFAF52A73CC1B26E6552E6293831F40
Microsoft.Isam.Esent.Interop.dll,A25FF16EE8CA66818D988428E26F2F4A4B2E8C97A088D168290A038AE3BAF639
Microsoft.Isam.Esent.Interop.ni.dll,556A441BBA926B5E73F62D7170A286CC1B53D3A988E08B388DC55A7229CB5C48
Microsoft.Isam.Esent.Interop.Wsa.dll,29135A70E1AF4516BC5F2501160A31279EDE1F2A4BE566C966354035DA762AF9
Microsoft.Isam.Esent.Interop.Wsa.ni.dll,B1DEE403F5A0362D15708CF382F8EF979EB685ED398CE1BCE0911A9CF5BEA47A
Microsoft.JScript.dll,C02DB8885566AC7631166A17F2483AD624FBB0E1FCA57D59269C2E07ADD4B351
Microsoft.KeyDistributionService.Cmdlets.dll,2583F7EEB660DCF9DACE996517718AD7F6F6B32E6B02E3DA4B54B884C776D522
Microsoft.KeyDistributionService.Cmdlets.ni.dll,C07C4AE0F4E822B2A6225FE463F6CC2A7946A613908AA7402AB05BB42EECDF6F
Microsoft.KeyDistributionService.Cmdlets.Resources.dll,BF0904472CE21E5913A8505CC0DA9EEEBF8E787BC4B77DD0BC5689284BADEA74
Microsoft.LanguagePackManagement.Powershell.Commands.dll,A70B00825F9821ABA43CF9445513AEDD9ED0F2045735FB2CF0481212D3CE56DE
Microsoft.LanguagePackManagement.Powershell.Commands.Resources.dll,85DC03D40DE51529D5489EDC2474C8345945B66429AAAC2DC9DC5890B1C79661
Microsoft.LocalUserImageProvider.dll,D78615B0C3A85C92AC37D940F43CFD65796B31B2664C90B4B5BB4FD34BC81D56
Microsoft.Management.Infrastructure.CimCmdlets.dll,E588096C0F9D0AEEF2324C9D70187798BAEBE37ED669DFE7F5B210A9CD2B58A7
Microsoft.Management.Infrastructure.CimCmdlets.ni.dll,3559BF6D134967E843461DD124A976E763814F996E988F7FC4B2FFF44126AC54
Microsoft.Management.Infrastructure.CimCmdlets.Resources.dll,99FF5C9D25A47B0BFC1D42778883ACBF5F326836DB67CF4C1DD3521C0F2AE1BF
Microsoft.Management.Infrastructure.dll,A9214B7229FA9BA47CDD38A6B68F38F5803696BCB742F555A779EF0A4A18620A
Microsoft.Management.Infrastructure.Native.dll,FDB54DEFAF1832B704FCA4F1666FB1F637F4A2C4A993C208798E86809B41975B
Microsoft.Management.Infrastructure.Native.ni.dll,8E14CFC7EC08D2DE34CBACD5D997E8F46921FEC44EFAAB6EEBAEEB4A131ED465
Microsoft.Management.Infrastructure.Native.Unmanaged.dll,872687FA5E10C9EB5DACB0B0B98EC7C82FB19FB93882AF813152E9AD722ED8AE
Microsoft.Management.Infrastructure.ni.dll,79A03158DC5323E81AC7788CA6EA9EA2DAB4ED9340767E41E2808861D481D4C3
Microsoft.Management.Infrastructure.Resources.dll,5C3E7A62C1805AFBE412166B9D5429CA583620DBE149E7469DB06370C54965A8
Microsoft.ManagementConsole.dll,308FD555EB024C741BB93522CF804F77D281C47990134E604FDA6F86260CD3FA
Microsoft.ManagementConsole.ni.dll,D9F206EE72106595BC44200273F6F16F3C6C5BD9EA69FC2C551E779F8D25FB3E
Microsoft.ManagementConsole.Resources.dll,65306EB255F2BBEB2172B1073BD6519B608A72BBA6A5D5CBA95A58E8A58ACE88
Microsoft.Msmq.Activex.Interop.dll,EBD7186DDA9DBD16032EF8BEDE68BEB0F175F36C150D73F4A7B1684CB2A57140
Microsoft.Msmq.PowerShell.Commands.dll,7783761C4B1621B2F1B454A1E2DE3F297FF417D16BE8C7844A791B6FDB32848B
Microsoft.Msmq.Powershell.Commands.Resources.dll,4EA06872F76B576C27AF12EDE22CA044B6FFF15B9DB1932CA1BF883B7AC4E09D
Microsoft.Msmq.Runtime.Interop.dll,3C5509A304455D3C68DC6FBCD1B545360243D1886EBCEF5F8FC1C801AA5DCF73
Microsoft.PackageManagement.ArchiverProviders.dll,489B214F3B00E6B6DAB8B881CEA843702C7EDCB5CCDB9534E2A321278DBAA235
Microsoft.PackageManagement.ArchiverProviders.resources.dll,8AC7E9BAC4AC42581859118D6A2922A01EBD6327BE36844938AA1DCC68F45667
Microsoft.PackageManagement.CoreProviders.dll,BA6A3B2E700E5399425F843524C4C16D7CDBA57E508BA73B7A52448188CD1D5F
Microsoft.PackageManagement.CoreProviders.resources.dll,B60363E2AAEE54EA741D8D9418791EE28C0E96AED0A74E0207A4931B5FE6BFBC
Microsoft.PackageManagement.dll,BDC6534A7925883462F419B7D396566E97987FB5ED96C5409A24A8ACCA198A09
Microsoft.PackageManagement.MetaProvider.PowerShell.dll,9D747040D16D253265C98B8D053C044A6039CEE2A8F8F0EA208BBE1E8A52FA9F
Microsoft.PackageManagement.MetaProvider.PowerShell.resources.dll,BAAE38799F26C2A4755FF4BFFCDAE455E74A9E751D6618D326AD9A032F763A70
Microsoft.PackageManagement.MsiProvider.dll,B484ABE6F5F73CCAF693D13BB02C80C364EADD465B4AA431864394E1ACD6DD83
Microsoft.PackageManagement.MsiProvider.resources.dll,F93D276431F5EF72A46596B9A7103FC8BD173BE01A984C88082A9010CDF0F2F9
Microsoft.PackageManagement.MsuProvider.dll,37B7289AA23A1EA33011BFDE67F06BD1B76A382DA0A643B595272AF2073AC363
Microsoft.PackageManagement.MsuProvider.resources.dll,89DC8C2EF1B59E04A3FA9C0AE918EAD89CA9323F1F1E4157D0CBAAE49601D491
Microsoft.PackageManagement.resources.dll,9D6FA6DCEFE702CD6F5BD4A3C5574945026684947FAB3FA3C4D9FD87A380FC8B
Microsoft.PowerShell.Activities.dll,F80977FA0BD1F4E3654B85A56ED8D5074BEA0C25EA5A53E9EA1216E08BEEC145
Microsoft.PowerShell.Activities.ni.dll,8FA4E7FF258CCC1F551CADFBF14541A95A0FC03CC7ADE19943494CC05BECC0CD
Microsoft.PowerShell.Activities.Resources.dll,4B18C95B666CD8D16334A2873B76206B189782918E943C59ADD4CB5E030D2C19
Microsoft.PowerShell.Cmdletization.OData.dll,BE59F6AF32AE0D9C7C3E439D21462EFE12BD62A3F89D937C16098E02DBE44D50
Microsoft.PowerShell.Cmdletization.OData.ni.dll,31F8ABA434DC09389E95BAADB16EB0117A38C0786222A68147E810EE885F72D3
Microsoft.PowerShell.Cmdletization.OData.Resources.dll,1133349CB7072284410D8FDEF4B92DC9985BD7CC38C1480724B7D6BD57FEF8BC
Microsoft.PowerShell.Commands.Diagnostics.dll,93568087E32B0E0071CEE59862B478917A7ECC2A73E0855154E145D43D310938
Microsoft.PowerShell.Commands.Diagnostics.ni.dll,5B759D160BB12E97246CCAE3786A97587AD28D9E14A172D3D051DB60009EE8B0
Microsoft.PowerShell.Commands.Diagnostics.resources.dll,96D0907DAE318A5E286BD5836AADA8D7E6D7C6258A9917BFFD0B6B068343EF92
Microsoft.PowerShell.Commands.Management.dll,9884F1BD6EE49CAC80AD1720BB017A33D46CF80563B4FC7CBE24CF96E0A286A3
Microsoft.PowerShell.Commands.Management.ni.dll,29E0F61FB0A2CA56329DBF4488D49D18A3A4DF68CD69D1E0C3674E83F29E2F23
Microsoft.PowerShell.Commands.Management.Resources.dll,D5E6031C6929AFE2CA92F964269FFF7F3722BB38363A39656DC52023AE7328BD
Microsoft.PowerShell.Commands.Utility.dll,7A38DAFEC3F9610B97DD1AA7C8586519EDA8F859F949A49943E538CBEFFD4971
Microsoft.PowerShell.Commands.Utility.ni.dll,B94E166D84EFDBF3BFE4F7EB49A15E7221FB03698102E24D78FF97731FB3CC63
Microsoft.PowerShell.Commands.Utility.Resources.dll,35D2B1C7371BE343AF747B3FF45D4262EA69A5146FB557029314DE564754F55B
Microsoft.PowerShell.ConsoleHost.dll,59CD091F70911644D9A32F6A13A62E7ECF0464212635D71D1BEF8C2ED297227F
Microsoft.PowerShell.ConsoleHost.ni.dll,3FC520DE3181CD1049579855CD1426BA4FBD05B82795104BFDD73C2D2D021250
Microsoft.PowerShell.ConsoleHost.Resources.dll,F773C187B93973DE0254CF6385B90087654FEAEABF5E23C719DE95B1657F304B
Microsoft.PowerShell.Core.Activities.dll,E647C4BCEACCDCEFF444D26D1C3B4856B6F9D52FF20B457B3CF4843865E7127A
Microsoft.PowerShell.Core.Activities.ni.dll,CAB2BCB4523D8F8E3611A93409945FAEDB482B58BF5C627E77A199436C61DA6E
Microsoft.PowerShell.Diagnostics.Activities.dll,55C9B5019ABF00085EF052D00F3E6AA702E07DBC7320AFA7A5E814DF1805D9B4
Microsoft.PowerShell.Diagnostics.Activities.ni.dll,5CF877E6F1C3D4AFD72E411CF91AF283B832D74FD8EAE869B730D5FD37482E59
Microsoft.PowerShell.DSC.FileDownloadManager.dll,BACEA1949B53CD815536D05018BB4B270F4FB6ACFE6DD8FDF3526E5C0A7391EE
Microsoft.PowerShell.DSC.FileDownloadManager.Resources.dll,D8CB702F8CEC49CE798C8027056165161E68C67C797CC3EB90F035FD6514A592
Microsoft.PowerShell.Editor.dll,7BDB9A6A611DBAE9F00CC3D707A62FC5949484B8F0A9809F5B3CCF63244201DA
Microsoft.PowerShell.Editor.ni.dll,E92D5E838FBA5C385E6033EAAC98722EFC1C021D18E4B277DA637A97F1DF3184
Microsoft.PowerShell.Editor.Resources.dll,A7667FCFFC786E04474DE1B55D99032537CD24E75BF4B3827F05BC3D51E640D1
Microsoft.PowerShell.GPowerShell.dll,182626655F037356DA452EFE3FA42AC514B65BC5074BE9FC9AD4A8762967097E
Microsoft.PowerShell.GPowerShell.ni.dll,E10B7B3E851DF5EF36BBB7499ED2B3034B3138E1D5EAE23AE4BB8DFD01670C6B
Microsoft.PowerShell.Gpowershell.resources.dll,256AA56F30713EB84F183AB85663C6D51451867EC3D451EE741411D05631375C
Microsoft.PowerShell.GraphicalHost.dll,6C32D4DCF77F13F13C5566FA0EF8D4E83B357B5673C2C3CED95E2781AAE8FF72
Microsoft.PowerShell.GraphicalHost.ni.dll,4CB3336E71E7CA1300BAC75DB72A118C5FE8EF23BCB518E80D3BF0A1788201BD
Microsoft.PowerShell.GraphicalHost.Resources.dll,6CAD70EEAFF67BAC50B312F4D6F5D264827059F62F2D290D2695100CBBE74008
Microsoft.PowerShell.ISECommon.dll,4D7001EE41391EB8AAF0027200AA2C7DE868BEB5B5F9AAAC052FCAE34228E205
Microsoft.PowerShell.ISECommon.ni.dll,F646021C40448371E28E7CD2328EA4F00F1428C701EA01859177FB99B037777B
Microsoft.PowerShell.ISECommon.resources.dll,C92F21BD51AE19F3D715FE4E273038BBCE92EEE49AEB5E4738944872311B2020
Microsoft.PowerShell.LocalAccounts.dll,AEBD1261D6BBCB546B7CCD4E23B60378B3037C02D5574675BD18A5FC56530E82
Microsoft.PowerShell.LocalAccounts.Resources.dll,EA1187EDA0FB4B5675C525269917F9C43EACBFC5AB2D839A15D2B684C985B461
Microsoft.PowerShell.Management.Activities.dll,DDDCE6F1A6480E2957283CE8F5A12D1FD81FE06B6A3CC26ACDA4B6C96C25F3BA
Microsoft.PowerShell.Management.Activities.ni.dll,E03DC4B96E725BB623A2A7F9D5F640A2A9A64A54BAF0A2A27EE1CFBCACDA7CB2
Microsoft.PowerShell.PackageManagement.dll,975167612EBCD39DA26FE8CB9C4EA3225F590DB8292314CDD89619ABE96C0D4B
Microsoft.PowerShell.PackageManagement.resources.dll,A6188AAA42AA62C472B04EA3E83A1853D99895F66007217D64BFDA400F76637F
Microsoft.PowerShell.PSReadline.dll,210D02A7744E3C50C9C29FFD41CF932C926A790CEEF70E5CCE5C366E1924D0CD
Microsoft.PowerShell.PSReadline.Resources.dll,BF255AD4BBEC153A6C795AF33F8FC499A088B1E570D261651FC9D2B8D30D191E
Microsoft.PowerShell.ScheduledJob.dll,C272084F4997B4FD09E6B6680DC1297DD373F8F82694711BFBC2EF01A5D1E062
Microsoft.PowerShell.ScheduledJob.ni.dll,4C48EC4CFE76E49B95FB78021961294A1EE9B62566644CF27A41A82B263E23E2
Microsoft.PowerShell.ScheduledJob.Resources.dll,FD01A7E7993F806DAC4F450B8BB5A6B85396A1A2917B5EB609138A4D79F17C14
Microsoft.PowerShell.Security.Activities.dll,86259F238B499EE1D2C26C6A9976E070EB193C1605F704443C72F0CDCD6BC86C
Microsoft.PowerShell.Security.Activities.ni.dll,739F697DF26DEC06171C26FF70DC538A783E3C3AE811090C9F921802D2C3B671
Microsoft.PowerShell.Security.dll,AC88D9A04492B8238624CE7F27080FBE0896C2CA348969F7766B68643FDA6E2B
Microsoft.PowerShell.Security.ni.dll,B721A46BC79AA1AD8FA67208796871982C4C49736C264492678AA111CDD5EF6C
Microsoft.PowerShell.Security.Resources.dll,FD35027762881A02D2D9F81A0F9D13A909A757A8ACDF8D7A8BB8A97BBD850084
Microsoft.PowerShell.Utility.Activities.dll,DE2DA9238F42340D173513A2FEDDF6C302B0940D5DAC1B505B40F3E5145E0629
Microsoft.PowerShell.Utility.Activities.ni.dll,0EF81F1C1A95C0BE4A3CB95AEE7CBE4D50DEDE98213BD01899041EA6FB7F46A5
Microsoft.PowerShell.Utility.Activities.Resources.dll,D32D4645A37F33AA31FDF1F1BA4D758B4797B76B0133ADD2EF870F5B355F0776
Microsoft.PowerShell.Workflow.ServiceCore.dll,2AD8E07E9AE1ECCF7B95164840A37834D5C8B54BDBDC783BD30D586C78C499FA
Microsoft.PowerShell.Workflow.ServiceCore.ni.dll,4DE1054E48209522C49F3A058056E3F8F157BDFA4AB115F373A1CE9FFAFE582A
Microsoft.PowerShell.Workflow.ServiceCore.Resources.dll,ED968FA496102FB11A89E407818E3F21997222B624DB9D897CACECBF80A3B9D5
Microsoft.ProcessMitigations.Commands.dll,FF78227688792932E860DA5C2D9C200A4CFA3286BC688A97325A4D97E50356B3
Microsoft.ProcessMitigations.Commands.Resources.dll,926E132461664C525C225C746D80187F93491717A5EEC52D39C4E6159E0FD8D5
Microsoft.SecureBoot.Commands.dll,0BD25E742B20152BEE6A6562B8613ECCCF132A96E6498F76C19A05E5DD3825B1
Microsoft.SecureBoot.Commands.ni.dll,C6BBCA59F0774E66FB1C718A2E12156B7700F8BCEC94D33C37B57829C9AC718E
Microsoft.SecureBoot.Commands.Resources.dll,B277EB302DC72BDBE6EA6FE6621733BCD9C49A0990DC0C6A32B82BFDFC8254EE
Microsoft.Security.ApplicationId.PolicyManagement.Cmdlets.dll,AE9E306745EDB4DB38E3448C6E29BE213D778336639487358FD9816297C17D5E
Microsoft.Security.ApplicationId.PolicyManagement.Cmdlets.Resources.dll,EB0BBAC80B080730786082FC206D1C65A1B7A30548ECB15956E4599EF87647D7
Microsoft.Security.ApplicationId.PolicyManagement.PolicyEngineApi.Interop.dll,3C663A6644424AB56CB0979C59DC10A5E9083F88D6AF54147D013B84AC6A455F
Microsoft.Security.ApplicationId.PolicyManagement.PolicyManager.dll,1E8CAEB1D0C554AEDD73E1A7CF19D51DF761E03F5C8FB91FF0DAFD7653842FEC
Microsoft.Security.ApplicationId.PolicyManagement.PolicyManager.Resources.dll,8D8386518858784D8872B73728EC644AA21B9EB22A6458DE5C02061B99DA5595
Microsoft.Security.ApplicationId.PolicyManagement.PolicyModel.dll,1093A2CFD5176246EF5C2702E234AA331C992576C5DFD189ECFFB79565841EF6
Microsoft.Security.ApplicationId.PolicyManagement.PolicyModel.Resources.dll,74726DDDD1BAF2F71AE9A038A90DB27695B5FFD57EC68642CB5D9C5F4C3E9638
Microsoft.Security.ApplicationId.PolicyManagement.XmlHelper.dll,0554AFBD8978EBD1E6571C7566CC211A2B7F2D0B5D8C64A5DFFD61D25463B568
Microsoft.Security.ApplicationId.Wizards.AutomaticRuleGenerationWizard.dll,DE0730ED58C0507DF27D6F106A79E018729B74B4DE34F656ACA46605858CC92F
Microsoft.Security.ApplicationId.Wizards.AutomaticRuleGenerationWizard.resources.dll,753A3EF6FE7770A1D9479CBDC007B5580A4EB4B44BDB4AF7FC7A1DB784513073
Microsoft.Storage.PersistentMemory.Management.Commands.dll,F313BF3B5F3031E960A0844CA7A2AC5BB7AC5A93B179F0578D7217FBEADEE696
Microsoft.Storage.PersistentMemory.Management.Commands.Resources.dll,AA69F5435C32D07429DE6389A6F5DEF7F222A572A28E6DD46E22D9C7227BFE93
Microsoft.Tpm.Commands.dll,8E65A4B0C919F86869467B91B59746B1EB056D64F726E60B0B07633882491C81
Microsoft.Tpm.Commands.ni.dll,9C081176C232301E79A5545FC2DA55C50396698878E463E06EA7287A9A6BFB3D
Microsoft.Tpm.Commands.Resources.dll,7089EF0766B98B0997ED8EA5987C02E254EE3C38B010DA0B0B89E4796924DF44
Microsoft.Tpm.dll,B4F3358A6BEEAE874FDB473DA2A022E2F9A44E58DA56E913E4A0BA24500624DC
microsoft.tpm.resources.dll,9C6ED374826F199EEA3601BA5ECAB6E8A7EE71D855E39DF47969C16062070EF8
Microsoft.Transactions.Bridge.dll,64DF31523373DE40536F8DA14A9E9ACA460B184EF00C9F3C6E9BA65A35DC55BE
Microsoft.Transactions.Bridge.Dtc.dll,DA0C207970EC99D8DC83AAAA26CD4EF22787D20659BF3CF5DD97207A0C693B4A
Microsoft.Uev.AgentDriverEvents.dll,BC4C83A13FD896D8D711962DE627EC3FEFFFA4EA7C087DC519D4DE2B0A9557C5
Microsoft.Uev.AgentWmi.dll,7FA72008BEA8F9E93C18B3CC8592E25323D327FD675541CC8A79355BF7B5E36C
Microsoft.Uev.AppAgent.dll,82F2BA4830A00DA9D5104B55A3FDB19AD23DD1FAED41B02E40F2F26A29CF51FD
Microsoft.Uev.CabUtil.dll,20D430B64FD1B87352B9D144B105937B84809D8B85E3BAD156309DA1DF894C8F
Microsoft.Uev.CmUtil.dll,635148F4117751AE430A7EC441D125C0F692FDB6B3D2A14AEB3CEABC46CA0738
Microsoft.Uev.Commands.dll,48D96A8D4E2BBBBB34AEBC0351C1AC29CB0F340757EAE2D0DED4A7569A1D48CB
Microsoft.Uev.Common.dll,EBCC668A7163EF66EFF2D5B86413D404090F3AB09C566C543739152FFAA73EC9
Microsoft.Uev.Common.WinRT.dll,521FE3929775129373B83F52C1E7F7D7D78C07191AFE578CBED08BB0B1713345
Microsoft.Uev.CommonBridge.dll,E06EE39C4044BF556B479EAB5ED9655D7C31C17ED2E8FD51398C92B9212A23B3
Microsoft.Uev.ConfigWrapper.dll,F9CD46969C342C6B24AE57A1AF0DAD74BE82DC8AAD5ED66A51CD1CDB7E9C9161
Microsoft.Uev.CscUnpinTool.exe,6CAA800C1BF169CA328E4749D5AC62ED91DA7E6EF46A9FE9C19F67363E3230D3
Microsoft.Uev.EventLogMessages.dll,8435E69810DED99AF2F0CD0B1EEBA31E6F778CB79A61D76810CC2954E9AB1421
Microsoft.Uev.LocalSyncProvider.dll,BD79BD3816AB8549797F6E23628B37B9673A4771BFD72F904E0088B9F59BD08F
Microsoft.Uev.ManagedAgentWmi.dll,43B7DD1D762632C08D3510F690CB5BDE6DCF7F01F40708E2558CA7EDE83CF364
Microsoft.Uev.ManagedAgentWmi.WinRT.dll,278C356FE029AB5B6950506F21C2326BF64AF51C5D4A524980128A36138F30A4
Microsoft.Uev.ManagedEventLogging.dll,5B7F68F8B1EEE66DCE5B6F5BE6DB86FEC76F7B5FE5AFB2CE5E4F6617BBD1C544
Microsoft.Uev.Management.dll,B0F9F2B53E51C38B28414C20861C4638EAF67EEAB8188D4E3349F4D5AAABB574
Microsoft.Uev.Management.WmiAccess.dll,FF35B924101AF9D77565DBED092BD1D48258A6C98FE9545A98562153740F8859
Microsoft.Uev.ModernAppAgent.dll,3FBDD6E6DFD4B600DC0614679D887EB9CD88ADD005D3079871C0BE9147DAEA39
Microsoft.Uev.ModernAppCore.dll,37BEBCA83BCD756F7CA1C73E3C8F93AAADF2AFC3E31665D9F2681D544399E807
Microsoft.Uev.ModernAppData.WinRT.dll,79A5E085F73D17692ACD01881E81379AEB571E3192C8D135360ED8FA8139A981
Microsoft.Uev.ModernSync.dll,3493276AE75539DE0356D15C5ABAC04B05A149712A735E2718E525341875DBC2
Microsoft.Uev.MonitorSyncProvider.dll,13B78D40473F6D05ECAB409CB632B79AB766049430039FC265AE7B771B9BED86
Microsoft.Uev.Office2010CustomActions.dll,7349B649DFF651C08637C6DE7D747447DB31195DC07B672B656329939E756228
Microsoft.Uev.Office2013CustomActions.dll,A57C753559560ED43E78DBF25CDD0EAA3C732384B5D840B95440B9D1FF13C779
Microsoft.Uev.PrinterCustomActions.dll,877EE024B69401C27F0E73ACAD26D7B8FABBF59A7E251281560B5B69D1E78DA4
Microsoft.Uev.SmbSyncProvider.dll,97B7ED371384D5681CBDEFADAD44CA972F3597858E738BA98184346E08AA2732
Microsoft.Uev.SyncCommon.dll,82C042F01098DDA5A51960D9C7C5FD81DE2DDE830F5AF041CC90EA2A600BED3D
Microsoft.Uev.SyncConditions.dll,DD6F4EDC9DBD5A0CD6B7B03BA24A9AE79F8263A997F901B788A41ED1C739972A
Microsoft.Uev.SyncController.exe,3F6DF5B6DD2A11B77B73762856EFB0BED071A30D05C0340B562B76BBE82B474A
Microsoft.Uev.SyncController.resources.dll,6D858EFFBB9989F516215690E42D1CCBCB327F5FC77D3E931318339045C36DCD
Microsoft.Virtualization.Client.6.2.dll,F924574C8DD8135934C209ECC87B49AC9F425223EA0B4A81EA80DA7F8F47DB8A
Microsoft.Virtualization.Client.6.2.Management.dll,4C6A5EAAFA9FBD06415859862A21417F0B1DC1D3BE39515C5E77AF0BC92ED663
Microsoft.Virtualization.Client.6.2.Management.resources.dll,C855D26C5CAC7188781B981E12234D1E1902C07A3C734B1B02035CE19C4BF8E2
Microsoft.Virtualization.client.6.2.resources.dll,81CA7424CA780FE9B913D8BE58C0CD68E1AEAB96D589BE22270351D15A029D91
Microsoft.Virtualization.Client.6.2.Settings.dll,F242677E5AAE694BA6FFF897658EDB15D62B4180AA0D2856085F310416C54132
Microsoft.Virtualization.Client.6.2.Settings.resources.dll,692BBE28E1A3765F4CE9306539DA1BE8E29B29A692730E925686866B3E91FA90
Microsoft.Virtualization.Client.6.2.VMBrowser.dll,53183486D504F27A9C787DA0802D8AD31DD751F061806D25E60E56A910E2108A
Microsoft.Virtualization.Client.6.2.VMBrowser.resources.dll,0F1EF716ABFD26713C40861FC3199968E67D9C4958609A62B3E985F59F8E8DFD
Microsoft.Virtualization.Client.6.2.Wizards.dll,1817ACE2CD4B8AD6A8BB84D761BEF42D98ABDF6B5E13D4D144DF5EAA75662506
Microsoft.Virtualization.Client.6.2.Wizards.resources.dll,D9D501694E9161AE32507AB379C266D5CD9BF4A80DCCCA16DA45EA51AD413A94
Microsoft.Virtualization.Client.6.3.dll,193C544B8C190FC05132485FDC4630AFA00A51B0704DC1A47ECAC87C227C5205
Microsoft.Virtualization.Client.6.3.Management.dll,70C577F40D8E083B2BE9A6CE0CA15A10ABEAA38FD9430AB9D57428A6CCFBE5A5
Microsoft.Virtualization.Client.6.3.Management.resources.dll,1D9D91345CF9CBAB275955542F9FE81316A38D84596386B925DC79548BDAA4F6
Microsoft.Virtualization.client.6.3.resources.dll,1B14D9BF76476211E5343522C07C9A8C627F179BC945F5EA489330D2AE5BEA4F
Microsoft.Virtualization.Client.6.3.Settings.dll,CC9038A9F8346424460EF868BCE2DBE0D8F404E918FCF1107A10D98D6E0D245C
Microsoft.Virtualization.Client.6.3.Settings.resources.dll,EB904EA3EB293E726B378372F885F46AB37B297B2F4A85431BE54DB42A585D7D
Microsoft.Virtualization.Client.6.3.VMBrowser.dll,4726DB6D22B6F1D7E687333B5B65A8A2DB63B66C6655431B099B96ECB096CC84
Microsoft.Virtualization.Client.6.3.VMBrowser.resources.dll,974C8AF93ECB838FD04668B8CD063D67AF8E4EEDC7EA4C95FB64488139253846
Microsoft.Virtualization.Client.6.3.Wizards.dll,D5A2BF6CE139471099AF7F38FCD7A71B123EAEC7A529C279119A707ED368BAA0
Microsoft.Virtualization.Client.6.3.Wizards.resources.dll,B2BA20857D4747FA8A48055E8597BB4719084CFAE9AA7F8398A763974599A92F
Microsoft.Virtualization.Client.Common.dll,BB839F00A02E178271C03061529CB72C67A70A6F061699D219B74CF5701D3BEF
Microsoft.Virtualization.Client.Common.resources.dll,33A8C20DF10C5C6FD43C843AFA8706F3BBB7AFAE0DEBB59537D8CF1FB73DA8CD
Microsoft.Virtualization.Client.Common.Types.dll,A9EE1852DF8C8A6A81A87679ED5B4B4FE83ABD73EC4BA775F6E4CC6DCD75F97C
Microsoft.Virtualization.Client.Common.Types.resources.dll,8DAF4BC18378FCBCC84EBB2410B86E27FA4E3F21938787960B2E0005B2685ED5
Microsoft.Virtualization.Client.dll,85942E9060D27EB8244AA34F7463216E412ADDD1DA44141671C56D56C290A3A3
Microsoft.Virtualization.Client.Management.dll,61C3EF9FEEE3AE1FFEDD872FB6A65E67CC93A70943DAD324846AE986AD1AA3D6
Microsoft.Virtualization.client.Management.resources.dll,B4F4D694038855C28AA210CD4EE920F9EE3D720635B4E05CB4C8817719E68473
Microsoft.Virtualization.Client.RdpClientAxHost.dll,A4177F39456A576B9EA93EDEB9754347F4932DFE52D22123CB938524CDC491A1
Microsoft.Virtualization.Client.RdpClientInterop.dll,292E1E654C5642DBEF2D602A06747A1C29BE1446697E6510FE478A608C7BFB51
Microsoft.Virtualization.client.resources.dll,884EE2BC3AF7AFDF7C88332C4EBBFDD1BF849709D8DD685720D9D53364B48A65
Microsoft.Virtualization.Client.Settings.dll,E60D583A8239DE518547DA914627300C9C248E5AFAFAD9F691F952EE05BE62FA
Microsoft.Virtualization.Client.Settings.resources.dll,5ABF3FE31F736E1AE39F89987A822B80ACE884659ECC2A87003492927D035A5A
Microsoft.Virtualization.Client.VMBrowser.dll,A238DEBE04FD498018A62D57CDC58994832B30CB35888FF84D6C110742881607
Microsoft.Virtualization.Client.VMBrowser.resources.dll,05E36B575CEA54D57FEA4C68F386DC3FE6FFA466DE21709F3EE7D7B998D3F0B3
Microsoft.Virtualization.Client.Wizards.dll,DA152383B64369A8E8CCF9C83878A66C14C82520232A6EB6C1817B939E015F58
Microsoft.Virtualization.Client.Wizards.resources.dll,6924477A2836288BA118DA890F2D31319FCB55D49C1FB62B9CA08ABD39AE249E
Microsoft.VisualBasic.Activities.Compiler.dll,09D0929E19BEAA5495FEF4B93AEF466A2A56FA7F950075BB555B900C5ED92DC9
Microsoft.VisualBasic.Activities.CompilerUI.dll,69124435010A1949E24D0FC704D8C18A1172F7A86C0E6BA510AA34F21B7B3847
Microsoft.VisualBasic.Compatibility.Data.dll,008BAD4D531A9D300BCD27ACD2A0ED9BC621EE97731DACE6EA662F8BC45F8A03
Microsoft.VisualBasic.Compatibility.dll,2BF1DBCE1A051BB15F5A9F35A16F9659AB1A9208C39F62E8B250C0A7140FD88B
Microsoft.VisualBasic.dll,644A3EE9119EDE80B97DF2A7B723B941DD3AD32FF135B498F82F972629836AF6
Microsoft.VisualBasic.ni.dll,2FCD4225EBCF32442B4C0A5D0E2888D5B3C0B0D4B5499CA49B0DB10814C1729A
Microsoft.VisualC.Dll,0DD5A0FC100EAD1C6FB45F0D591F3C08B5FAECE743E3AA54176F84771986EB42
Microsoft.VisualC.STLCLR.dll,0C6E35EE2BCDEB1D6C51163066CA47697FE655F2A0F6CBD8353F7C0E8F018BFF
Microsoft.Web.Administration.dll,159A716FEFACFDD70CC7A49D4B9AE7C9AF938AFCA5E528DF5DF3D9045EA6CC05
Microsoft.Web.Administration.resources.dll,88C8278EB7806A2FBC23179630FD88CC8236DC4A1C92D3BDF64673A6E117AA59
Microsoft.Web.Configuration.AppHostFileProvider.dll,438EF2F328080679F82443C33AD5B8833B1927403E830DB2064DAC4744A4419E
Microsoft.Web.Configuration.AppHostFileProvider.resources.dll,898EFD3943EB94DF7ED2978B880EF9F6B8FD854678B8A83405708BE0518C0042
Microsoft.Web.FtpServer.dll,2B28605D6B22C422189F3AEC2E8F146C41223AD4AD6F0536490194CB749D919B
Microsoft.Web.Management.Aspnet.dll,105F7AF26F7F9EFF9E00E788A78DFC78A940E7D71025691EE856D25B6FC79DA1
Microsoft.Web.Management.Aspnet.resources.dll,B428ED9CCE9035D693084CFD1249DFDA6347634C0669DB395AA5712BA7A46A09
Microsoft.Web.Management.AspnetClient.dll,524973DEA8FF09C4D07D36016FE8AECA08A35A532C7FF5C7693DFCED1EB5048B
Microsoft.Web.Management.AspnetClient.resources.dll,41D1C58A33DDA29A83EE5481CA7834AFD12B3D9417288EC1A889DFF4C48072B6
Microsoft.Web.Management.dll,ECFBB7BC3F46FA09978082E68A56842D1CE12DE9AA701C41DBA68358AF71D52A
Microsoft.Web.Management.Extensions.dll,F9C120848F24842A5681D741A0FA29BDE5006337DF7915BE5CFF427BC4FEF715
Microsoft.Web.Management.Extensions.resources.dll,0F1E5F835DF438F8E7AD2235BCFD089668C606D719A6D97D51198071CFFD0DEE
Microsoft.Web.Management.Ftp.dll,1C5A40D76353732E85641B58E8B805ACD984094DADF35F7AC3CB824F37FAF8D4
Microsoft.Web.Management.Ftp.resources.dll,2777310FA22881EE1D8978CA636C9BFE134192945416BCC239F96606E826C5AC
Microsoft.Web.Management.FtpClient.dll,F00ABD5562D1DDA95312C829D7117EDF20841A8248CA70761C547DEAC3697351
Microsoft.Web.Management.FtpClient.resources.dll,655B39A62D0E32B695357763DBAD8DCD65905BCC0B9581EB0CCB84AE66DD24E7
Microsoft.Web.Management.Iis.dll,7A1FF269C0B3F13515966F01D0B4101CFC4C063DEF65AABF7CD7316DE013EE53
Microsoft.Web.Management.Iis.resources.dll,4CFC194155B444085BDDD005039BE0DBFD3DFCB9D4E9A964211CCCF8B9D8C563
Microsoft.Web.Management.IisClient.dll,32C1B71E6148DAFFDB3074E90F1C7C907FA74A48C0A7F2F0BEA460E0DA567D5E
Microsoft.Web.Management.IisClient.resources.dll,AF8848E34DFEE336E96F9263A540F22267400D8A949C59DB760F6B49628B74E7
Microsoft.Web.Management.resources.dll,469610083A4B8D5AD693860CC0F645F4E40BECA1EB5A178FC138B3BCF25DE56E
Microsoft.Web.Management.WebDAV.dll,5FE5A203C2EC4CCC73AF0EC2F00B5B3D1B66C1CAC8651346A3F1AA69AEE0E82C
Microsoft.Web.Management.WebDAV.resources.dll,945ED1CF6DCE0186CD18F66AF8EFCEC1893EB67F9D40CC5B80BBCECC041459ED
Microsoft.Web.Management.WebDAVClient.dll,EA64AA1E3F391A3DF0F5B8E0BFA11F69F83A594710FC8F107C102EA7B50EDFB8
Microsoft.Web.Management.WebDAVClient.resources.dll,C2E00DBE0A580EB042487022C2C130740E909870FB89E243ADEA84C9F03D1ACA
Microsoft.Web.WebView2.Core.dll,80F33D5EA98822D57577F18238C561E39417778F73FFFF3A089762FC232D5C8D
Microsoft.Win32.Primitives.dll,2AA9C8A15DC5B857C2C13EAE6629A0190F5F4B9ED9F1CA298F072D8DA9F9B031
Microsoft.Windows.AppBackgroundTask.Commands.dll,2C7B3B1ED900D18F3ACD3D397278F8171ADF19EC99D122B2B6D698B5DF0B1A8C
Microsoft.Windows.ApplicationServer.Applications.dll,5034F43F8A43FCCE6459FBC263DECD1B2DE6C8A41C6C9A3041AA48F3E85706FB
Microsoft.Windows.Appx.PackageManager.Commands.dll,6700E1DB820329D69F6F25B1E92FF2EE5B067F13FA6DB11792FC76F791FF31D8
Microsoft.Windows.Appx.PackageManager.Commands.Resources.dll,80F127425299D2266B03E7082A475ABBC465169C63F059B5068BE54A73E37F3C
Microsoft.Windows.DeliveryOptimization.AdminCommands.dll,8D6EFE3330BC4F9F8C569C405A9EAA6253CB1D6B3E9EC73749052D93B32676F5
Microsoft.Windows.DeveloperLicense.Commands.dll,94A2DE694CCCF96A8F4F56EA812DC729FEF7DB18BBFE9B20B51C12C968707B4F
Microsoft.Windows.DeveloperLicense.Commands.Resources.dll,80CBAF8994BB01B1B7DB949BF84F95E7C77109831DB13C4514F9E5F8D8382A80
Microsoft.Windows.Diagnosis.Commands.GetDiagInput.dll,279015AC2B9E1AFA7FF3F7C159E4997A9E4BB6D48749394F10315029F4F0B6B8
Microsoft.Windows.Diagnosis.Commands.GetDiagInput.ni.dll,D610E90E4E68F584CA8BD092B8248F2B60B7DBF62E02FA83E5356E41E4856843
Microsoft.Windows.Diagnosis.Commands.GetDiagInput.resources.dll,8FFFF6EEB3B5643DA1034BD60DD1FF1C68501F5E21A2D36CE0037C9EA9C00804
Microsoft.Windows.Diagnosis.Commands.UpdateDiagReport.dll,8AB195DAE9677AAC81D5BEA89A2994D9C0EA8350CFFCC1F72783FC42AB9C91CF
Microsoft.Windows.Diagnosis.Commands.UpdateDiagReport.ni.dll,48D7DFDEE8B5071A7626557867AE3010704CB2E72C5A487312ECB95AE209DAAE
Microsoft.Windows.Diagnosis.Commands.UpdateDiagReport.resources.dll,7B2DAF9537AEF6923E1266CCEAD06F4774665003F69F839C8B7B4C1630B195AC
Microsoft.Windows.Diagnosis.Commands.UpdateDiagRootcause.dll,C82908FE745DE2B45E48A95F43F1FE4D87C70C1E53A12AE68208564E8780A43F
Microsoft.Windows.Diagnosis.Commands.UpdateDiagRootcause.ni.dll,EF6E03536973F98C7588A8E0D792C6CB020607C005EBA2B4A3ED00E25563F845
Microsoft.Windows.Diagnosis.Commands.UpdateDiagRootcause.resources.dll,A03500669AC4038CCD14D1152898C1411DCE5B95878EE26CAFC32B98B479DE1F
Microsoft.Windows.Diagnosis.Commands.WriteDiagProgress.dll,E0095089FB6757351903B5DFB00A7568212FFDD0A1F8B06AB45FD02B154216B8
Microsoft.Windows.Diagnosis.Commands.WriteDiagProgress.ni.dll,EF96912F8A5143739F3247CAEA628964EEAC6B4CE4D7A7539E689A5789F054C0
Microsoft.Windows.Diagnosis.Commands.WriteDiagProgress.resources.dll,8CE8FB970A56B8E74AB4F21FC8A31C77B808B9C357CA7888E01D00A9B4C50F95
Microsoft.Windows.Diagnosis.Commands.WriteDiagTelemetry.dll,F31E5BDC5B717AFE7AC0655137FF44613B135710B1E2E9A1B541360D0F8D3191
Microsoft.Windows.Diagnosis.Commands.WriteDiagTelemetry.ni.dll,01C9F212AF959B71842A422737F90A974E5F7762BCCD7C03BA683668F3561E40
Microsoft.Windows.Diagnosis.Commands.WriteDiagTelemetry.resources.dll,BDD0D2E625CACD43317F431BB1FC678251045DA921D8A12A9D186EDC4CCE9038
Microsoft.Windows.Diagnosis.SDCommon.dll,FB43A930589B90F6C1913DF7C13005FFC2E5A3EB570EFECD5A386944C4E1BF96
Microsoft.Windows.Diagnosis.SDCommon.ni.dll,1643F0DA5A7B43B5B9F8C3B13388463A5461F017DC26B0106678772B806AE048
Microsoft.Windows.Diagnosis.SDEngine.dll,D9F58DD2253EA3D3321EE50C487D6BFB5C52450C177F1682BF440039EE25E1CE
Microsoft.Windows.Diagnosis.SDEngine.ni.dll,7EB6F959162A800504AC0A6871E80191F1674AAA69C73C415963301372509D4A
Microsoft.Windows.Diagnosis.SDHost.dll,E5421CD3D62CF0A1B8479BCC549873126FF42AB519A79F0CC58449AAFC6E1424
Microsoft.Windows.Diagnosis.SDHost.ni.dll,0EE26B15557DF2CFDFEBCAD0C9DC029DB7DA15B55E349D7D2E7E52E750F05634
Microsoft.Windows.Diagnosis.SDHost.resources.dll,F1EE56CEB4C26D04DF79E5C4601D15D587AFB28D0BBEEE6402290F6C9AD92084
Microsoft.Windows.Diagnosis.TroubleshootingPack.dll,5A168A392E4A14C11F54D2C4DF8ED1350E4E4E9BEEEFC8F8C8D2767594470A35
Microsoft.Windows.Diagnosis.TroubleshootingPack.ni.dll,BCDC79F7176ABAA20B53778BC332950252A5D288CCEC5EA1A070986584E142C2
Microsoft.Windows.Diagnosis.TroubleshootingPack.resources.dll,2651D51B2486617F490ECBB37892D741CA45AC456BA91A424637CD37159A4A80
Microsoft.Windows.DSC.CoreConfProviders.dll,EC14E392A5EA5031277FB7EE2E1A631A1BEB1AB9A175B3E95DF238068796CD99
Microsoft.Windows.DSC.CoreConfProviders.ni.dll,8FB23079519431CA02DD217C876E4C89106E4D45AD90F43888083763F0BD9FD9
Microsoft.Windows.DSC.CoreConfProviders.resources.dll,841A092B2AC03E62951F46C98B734334EEB0DF6E102728F9280CB8FFE4C2F16C
Microsoft.Windows.Firewall.Commands.dll,F940FDF1205102CC85347360D0EA7CC6742C6EF642CF5123E4E5D4B7DDADBA94
Microsoft.Windows.Firewall.Commands.Resources.dll,F888701ECE7F2AF8FED7500121BC13B5231435031127404A372BC4FAEFF0D2B4
Microsoft.Windows.HostGuardianService.Diagnostics.dll,A485FC5BF096ED2F9B7F55EE90DA6D8CDCA09526B13925A15F504353FCCB54D0
Microsoft.Windows.HostGuardianService.Diagnostics.Payload.dll,6F964CC036BFD530121FDC9BA4E287E11B839D5C19ADB2ECE11634EF30E42D9B
Microsoft.Windows.HostGuardianService.Diagnostics.Payload.Resources.dll,DF20E4C51F03C1D69BD6D1FAB938B704FDA27D6CF42E5985926DBCB7C7391519
Microsoft.Windows.HostGuardianService.Diagnostics.Resources.dll,595ABE4A135859F681387E70785952AB8586844F59E9F20F453766A3A3231190
Microsoft.Windows.KpsClient.dll,E47B8516A0010227C097356471B0EB2CE0EA203DB3FAB64448797E724B74B3E8
Microsoft.Windows.KpsClient.Resources.dll,12432A20E3F65FA57ED5FAC495A4C1F6CC6F0C9A8072595512E841EE471525B1
Microsoft.Windows.KpsCore.dll,6D0275D57D99B182EFFF15579F5B514E8761B74E07B7DDE636EDB30A1BA22340
Microsoft.Windows.KpsCore.resources.dll,1709A40611BBB226BAF8638283C21E709AC02E56009FC46FC31C87E7C6689AB7
Microsoft.Windows.RemoteAttestation.Client.dll,B6C65296734D9CA541580ECC58CC25939B0E13434B975B4D3460F3F464F8AF0F
Microsoft.Windows.RemoteAttestation.Client.PowerShell.dll,6CB6A745210FF2503929DD225DE3C6B3789A7E175550C706E2BB9059D70989CA
Microsoft.Windows.RemoteAttestation.Client.PowerShell.Resources.dll,7AA3CA343C90192A7A07A1A37769867A114F14EB83A8938A0FD2E8ADACFD95B6
Microsoft.Windows.RemoteAttestation.Core.dll,A4156AA85D874FF908C5A0969759C8D9E1DC80B9CCBD41E25B9A1D88EEAEC7C2
Microsoft.Windows.StartLayout.Commands.dll,A46D647102F6C9A1AD2E4B9B1EF6DADA1F473ACA7D1B02A0022B153F5425E034
Microsoft.Windows.StartLayout.Commands.Resources.dll,657942CAD540B76AE4B1E429E71ED7753F427FC21D11405CAE29392CEA7555A7
Microsoft.Windows.Whea.WheaMemoryPolicy.dll,A1E4A1170D7A58BE8B4B58B989DD0EBE499F03127F977AF9D994CE42B8297097
Microsoft.WindowsAuthenticationProtocols.Commands.dll,F19A5E3E65CFFB40E7A45A089C0CA5D6BD109CF503E29B2021D30E8A15FB6E88
Microsoft.WindowsAuthenticationProtocols.Commands.ni.dll,8575D61FB6B6E8C5D03A8207868898B3708D6F50BFDE0FDBFA9563EDBB6DD6BC
Microsoft.windowsauthenticationprotocols.commands.resources.dll,4A54C44482AF10CCB2FA87A5D5256673936EADDDA355EC7049D426C4383980B9
Microsoft.WindowsErrorReporting.PowerShell.dll,15C35E3CAB31BDCE2A3AC0DCBCBF1F596B14C0CEC533B9667005D876D1C8BEE3
Microsoft.WindowsSearch.Commands.dll,47B216BC34F96363F07948B77560923E2807992C123148B47E43F8F7EE86F80C
Microsoft.WindowsSearch.Commands.ni.dll,84DE639F69CA4C2001929FD9055BA244E33EF7E4D7570545F377B55CDB817B2B
Microsoft.WindowsSearch.Commands.Resources.dll,2E943BF695F885AA2CF0730D80E381B9FA5E585C1F48614F2D5BC8EAE3E2294D
Microsoft.WindowsServerSolutions.Administration.ObjectModel.dll,025C2D73DFD33262904DA1972ECEF8311AE1F438F5A94B6B950C55059F2DD805
Microsoft.Workflow.Compiler.exe,CF359AFBC9F98D710A22BB0CB584F010DBA30CC16A551235AA5EEF39E8C920A8
Microsoft.WSMan.Management.Activities.dll,C52D315211354B7EB010DC895B79AEA405F8DCF08A1805967CEC3797F6CDB548
Microsoft.WSMan.Management.Activities.ni.dll,3B0621A25D58D7631D187E88D62A364445A21CAF80AF5402CCF1C53E089CC918
Microsoft.WSMan.Management.dll,47000AC5DAA78ED2786DC8B82B7FE653352733030DFB70761479995B420CFE05
Microsoft.WSMan.Management.ni.dll,782C40C31DD9EC0455F1D52420F80F1F38E5195D5853AAFA5C2B7A512003127A
Microsoft.WSMan.Management.resources.dll,53E3ED825FE4937807478268555DE3EF613B9651CCCADFF7B7D8E0AB829BAE08
Microsoft.WSMan.Runtime.dll,E53BE9BCB2A37098C86DC74CF56CD251BBA7A8D22966C6A5C739272F59F081FD
Microsoft.WSMan.Runtime.ni.dll,64B9B3F854A4C5DA8F8DB682A599C617177D3D9C700DA1473854F4789E7FC125
MicrosoftAccount.TokenProvider.Core.dll,59B30B6D288F26F5FDA3B1831BD7212F81E0F680D8755008E6CB5C2407B943C1
MicrosoftAccountCloudAP.dll,B936F68A90D7A8E2A1E19826C6284ABE2AA5CC4131BF231D1F1F08D664425D44
MicrosoftAccountExtension.dll,0CC1F4634E454B2D734846801ECF0FD0B4A29AAA7DD9A79AE8A6171DBB1FB176
MicrosoftAccountTokenProvider.dll,A9A06B7D7BEAD6263FC108541FFEA1D56A341001FB120C285279526F8F1AB7DA
MicrosoftAccountWAMExtension.dll,216D72DCFDAB758B86FC82D59D25555B7287F9EC3714DE4AC0F4813F26F0CC58
MicrosoftEdgeBCHost.exe,91A954FECD74F20B4A25708D7323E64FB4DD4E03997BCF234E7B810F9EB03A95
MicrosoftEdgeComRegisterShellARM64.exe,07B832227D7D4E2CE9744B264F8C44363A2897B5DF586C51A23DC41D5C34BB27
MicrosoftEdgeCP.exe,91A954FECD74F20B4A25708D7323E64FB4DD4E03997BCF234E7B810F9EB03A95
MicrosoftEdgeDevTools.exe,91A954FECD74F20B4A25708D7323E64FB4DD4E03997BCF234E7B810F9EB03A95
MicrosoftEdgeSH.exe,E5D93718F0905B341D6FC68399257D88C56479B2A7FFB253FD88A405E6ED6E74
MicrosoftEdgeUpdate.exe,0162F600933992087C7C3DAF5611F921A63D44A2852CE60884DEBCBB3DBC994D
MicrosoftEdgeUpdateBroker.exe,8193296C9EE47EB78EDB4C2D239F2DFD86C07A3832CACD647E012A1BBCDC30C7
MicrosoftEdgeUpdateComRegisterShell64.exe,CBFF7AC5A38DCC92D57D584093798AD236C95F6D4643FF762D8CA04631D16A2B
MicrosoftEdgeUpdateCore.exe,D655834FEF29ED64DDFF1F01B89C1E9162147D3BD66EFCA1FDDF7B75B471B82A
MicrosoftEdgeUpdateOnDemand.exe,8AC97D69B86862C72D74258C1610F0DCB7B446A101DB12B07163037070B67F4E
MicrosoftEdgeUpdateSetup.exe,F73503777DF52A94A554CF63AEB9A5741E8481AD633EA27A4D724F808F76514D
MicrosoftEdgeUpdateSetup_X86_1.3.211.7.exe,F73503777DF52A94A554CF63AEB9A5741E8481AD633EA27A4D724F808F76514D
MicrosoftEdge_X64_142.0.3595.94.exe,507DBC033AA82EB7907BDBDB897B92FF66A4B28C97D2D26DFB756B3C871E7575
MicrosoftEdge_X64_143.0.3650.75.exe,2724762B7C091BA12BF59E4886E154E88DC0331984F2C672D5C2375D0D3B7B66
microsoft_shell_integration.dll,C7DFA827783CBFB65286C1FD437A7115F7E3FFC8C12CC6254DF775E959195B21
midimap.dll,9CD4539F7D14E81BFDAF72CD21FA4A2F86462B1528118D7823495DDE35CFE8FB
migcore.dll,0447DCBE3031453C9DA4ABA7E4BE0F37B1ED1CDC97D87269926A7802BAD559FC
mighost.exe,BE5BED6CA3FAB9427F54F93DDF82F3B6B9ECE6F59BAD9699316FB724D07509F0
migisol.dll,CD07CDB04766E47660E0C599512229080C419B6ADFF9F3A59891168CBFA89C7A
MigRegDB.exe,781E7F15682FFC1D7D523BAA7835084199568054AB5161D63BA6A338B270D202
migres.dll,55C5F15018A42A8DC58B23320C6D353F15E82023E5CFD43FB4C68411C0D71D33
migstore.dll,ACB06CF520FA85C3929645C88D99CEB454BAD6A9CB9642097B4B9B8A3504D4BF
MIGUIControls.dll,68BD72E8B4EF3D3146B4191416BCF6EC0F60AAE5F89CC18E730BC7B1A1429F5D
MIGUIControls.ni.dll,7578A5182BAEA5534E7D8C38DE58C5F8547D28CF75CB73437E0A1BA9BCD1770F
MIGUIControls.resources.dll,34FF5DC2EB760F9A012BEEE88112ABA3F67802F71D62EE33B456B78B5E87F1FF
miguiresource.dll,7949361A731D0AE0BC987EB24E1C4413EEC7BCF65097AD226ED74FFAB1316BE9
mimefilt.dll,AB9EB9334927EDC9531A6C9D5518308F2C8316F53C509A05FCAA844276EE78A3
mimofcodec.dll,A5A0EE6365699C97A09C138488CC8E9542297FB62D568920095ED53E18033CD6
MinstoreEvents.dll,2357B3AA99BC64CB96A692799E5CD68771193B13ADDA03F1C9F1587560E25073
mip.exe,81A1CD069BF44C939E10CE4A67A2FD1D17F7DDB17045428BAC02D299C13BBF05
mip_core.dll,3B960593538B8D06A4E6F951EDE03B03252BFD66B73482EBAE4BA89B0F99BD09
mip_core_gn.dll,EC6EAB0904F3292A548A9415054261198C69B169EA0C42D48FC60297F62CD05D
mip_protection_sdk.dll,D79538BE2ADAD7FD1000B17E4409AF322E7C73B8FF5C6BA0EBCE41D5ABF0C88A
MiracastInputMgr.dll,7DF343D24DA195AF31DEF19D466E5AD0D8D4914AE654BCF0C4908F5F79372DE2
MiracastReceiver.dll,4D97795AC1B005F3445256BC3DDA23AAA1CFC8617F333E96B8FB4B699ACE9555
MiracastReceiverExt.dll,DA090B1E870A1506C9E25E88ECFEEBA3583339DDB5B7646569D314CA8D025D3D
MiraDisp.dll,DD418CA4A8233C396E06E874FEBBBA97F4DFD61ECFAA6C559229DA490954BA20
MirrorDrvCompat.dll,EF1CDA2EF53D9C2FCB6E345A9250FF041584F682DAF55706994A1EBD0E6BA08A
mispace.dll,031EEB1975F8837EA3E11F474ECC333631C1FA1F61762F07E692122103EB52E9
Mitigation.dll,0C33C913C8945D71E013E7B3B1BE3BEECA04D76E050B3003C9105B47559D3823
MitigationClient.dll,45B9D258643986A514D709023591D67B1419423FC9958D36927B2AB1AA33EA68
MitigationConfiguration.dll,DA82756F58E0ECFA78DCC3AEF4DF94445E3B2B06480E04EA421F2ED4C50714F4
miutils.dll,2BFF1CAA9908A586DF6959D68741EAFA8096B5EDEB80E3923C876AACDD107063
MixedReality.Broker.dll,AC4F3E0A422E2A822A9AAF49E796B2665EE32E3D43D8848C4EF9F7E580277F5A
MixedRealityCapture.Pipeline.dll,5E92B34F30D0AE9ECAB12CF922E9D5D730CF89C362887F9FD9C45B56C4C288FD
MixedRealityRuntime.dll,B584233A5F0BA9973DCA905553F066ACA01FBF17DEAD4C83C5DA4D385D1142BB
mlang.dll,A9D985265E304F7D20CDA8E0ED5F74B127B32D9381308F1FA2D46891330CF8DB
mmc.exe,247A74FB5CA487D363BF2B4821F2E74EF82A8D87FA95FE08D0691692AED21BB8
MmcAspExt.dll,348495E06C801FDBBD904D11A3353C562B2C20E64CE4AAEB883DBF398A6FBF79
mmcbase.dll,772A6D196AB67927B1328D0BD0A16C67EC5CE3540498BF30E059405BCD0733DB
MMCEx.dll,3B25659C7F223433B8032743B5279D44CCFEBACD324430EA34F831C2B6D6D25A
MMCEx.ni.dll,23B95837C63E33FA571C09761F73990F9F772965B5F65C241FD75C54A03E77D4
MMCEx.Resources.dll,82BCBC3DE8ADB8F08E1DF439B21433437F75C9E7CA5314C0B5A4FBF96B83DF8B
MMCFxCommon.dll,92CA73D636C529A9B30AC89B5576DF6C5D65FEF6774E86C4BCE2C6EBF08330D3
MMCFxCommon.ni.dll,D3DDFF46786B1E3688C694165667D40E1A5B0CAE41D56052704CFCF5F59DDB14
MMCFxCommon.Resources.dll,995EDA331145019E6EBC08BDBA90F4E1156A48C4CE7E228DA62F2444BD39B36C
mmcndmgr.dll,971A943E780F8883B41533AA09ACE71565EA9870252525DD5358D81C00574F3C
mmcshext.dll,306F5A62D3461C42C3AB112BD01EB09FB681C17F5EDF50B28E298AF543A6F165
MMDevAPI.dll,0F6BA94D71B167390FDEC7CB4EADFC77C8C13B5906E295B605D9CAA82A277FF7
MMFUtil.dll,6D047A66366A6F0F74BAB3BCED0E88F80DE69691A8DECB656939078BEF602753
mmgaclient.dll,0B6593482953FE0F5F0F0D68A3318A932490DC894D7F87A7D6295B52FEC2850D
mmgaproxystub.dll,83B7275CEC505F83327C99578027D0B4EE841657AFD1247263530669B0552085
mmgaserver.exe,B8B344051418AB2AAD0A8DD7BBA11D3E2D8F3F046482B23F41840A316AD75BA5
mmres.dll,135AF8AF322897857E2C867EED92CC8683226E1FF3694AF23FC734C1CAA1764A
mobilenetworking.dll,51A3BF2826C5490016EEF9F0F5860CCE6F1C5F3F5441E8C361BB9E80B48DFF06
mobsync.exe,244B65DC083F033047F8BDCBFE128D6D118D72C113D1DC21E0D2FD16C09A735A
modemmigplugin.dll,C842F021B32D8B1493E79FB84EEDA90E9588DEA79B066A57D196288150989D58
modemui.dll,9E5E82246E4AA7C370E9B400B7F093D135DCB116E5E028D168734AD410CE76DA
modernexecserver.dll,E582B7645545E94EB59BD4AA748B42D86D17228474284D675506974534A9B154
modrqflt.dll,4E74CB1653426E10D8C082B2E0421EABF5DCC4CB8AFD1D48366FDB8817B05580
mofcomp.exe,130DC78122599E4593A464BE53BD2A9F6A6F2CC3D7D92A43B94CFDED69184381
mofd.dll,CC5F34B9D674BD5E834D3D9136D066196EDAAE45ED8D923D79F772F3736CCBC8
mofinstall.dll,C4EE4DBC52E331A88D4BD86CE3F279AEDECE0D3A46E50D48D41845A730091394
MoIME_ps.dll,B65E0F58194B18793066615206C83715C64F6FA4B8FB72F2E46DAEF0F93B1196
moricons.dll,EF13145B3715D7E1B1D7A9F503ED078F525C8132C088E0DF98445DB7792D6130
moshost.dll,F5172A1A3E24FC5271FCB0118861EA0EC33AA8ABB01AE9CAD50E2F032B92486C
MosHostClient.dll,682A1D4B955576380E4B2B8164EAEA61E738D2322716E8DE65DB2C7F2F56D258
moshostcore.dll,D3D603855B2B3410E68E21BDE9945CBD2EACEF41BE00AA07197DB8F54D951050
MosStorage.dll,4F94A83D356366AA8FEDFBA2AAAAACDFF23F6048711BE47C49C4718B4B0A0B5E
mount.exe,9624CE1967DF1F89E1D00B481230B248571A4AE0EA7B1A296BA1414762FC9F45
mountvol.exe,F247BE88F22B07A36F4B71707ED7A96BD989BAD37A7500DA03B81709749DED7E
MoUsoCoreWorker.exe,2DD2EAD701BE1F0A4539340D9F7116AE9726FFD2FE3C54EDA1316C91A7D97FC3
MP3DMOD.DLL,2144006CC307862B8A5C1863189B1395F209E2FE75FF6B99D797E326F185EEFC
MP43DECD.DLL,4F50E2E67FB4C3214F41351644431E59CC911F29BFA3067730E67E45ED2C65EA
MP4SDECD.DLL,1312B2D379FF788E28A6D82D0ABF44943FAAA33E3AC1FB9B802BBC716EB2AC22
MpAsDesc.dll,ED825851A6988B2B8AD046014B8B10B0106323A0C1257BC3FF2020BF499404CF
MpAzSubmit.dll,50037644F483DAC40689833E9F4931A31AB2672F2A7754D86FFEE37DDEFC92BE
MpClient.dll,AC1A2FC2506F04F4D67A55ADF6BD9B41E423F233972E0D82BD220468072D153D
MpCmdRun.exe,4B9ACE449FC8E4A666FD7E1B650D22EC85A0DC405DDF4BA58A2B938C00CB896C
MpCommu.dll,6309FB218CC13144C74587C8CE0F6FD108836F9F095CCCB077FBFF7D99593622
MpEngine.dll,28E5B2FC4866C3E9CD2187526797B872B6973EFE152AEA83213AE45E28228D3C
mpeval.dll,2A8993F81A3A8E23829FE6F13DFAF32840633B2D1AEC73A7C2AC7ACF15ACEE72
MpEvMsg.dll,84442DE72DD825D1FD7BFA84FE8BBEC684D7DEC225DAF1433CEFDBB093268165
MPG4DECD.DLL,C66228C51295F0415B50A6DA7486D063AEB8E233BDCAABDA007B187F9942600D
MpGear.dll,892391BB4986113B9615D098D032E6F0810940CF4B90ED65C45AB22DDD0628AE
mpnotify.exe,33F636F222A3AF0BBBE429CC87B25B21B6C56182936C81C9453C4BDFB61A3C5E
MpOAV.dll,98DE88CF9688BE36BAC221B8BDEA6E974C2CABBC3112E171FEF5B2F0989E54FC
MpProvider.dll,77D4FB14FE9AEA3BB23A847E5FD9673DA5EE80808750194EA256466D28102C41
mpr.dll,BEAB8CC9E8F60F89B183CCC5254BCF26E0515CCBF08FE11F32C14B7F99E329CF
mprapi.dll,A4B01E66F0F69562C5F3CF704610A404B37959EF564F8C9320E56C18F6443089
mprddm.dll,3A7566EB5B34761965077DBC63E8B420D90CC341B535A2F8077E5BFDEAFC6D46
mprdim.dll,B2E5CBA886C358B56029F42F3EA5A7DEE353CE785CAC85DB45F0A0D9CFF32D2B
mprext.dll,BA47D8217B8AA36A4BAA7DCCEB94EC6C9EDCCAFF5BAF47CB47B83492B078AF64
mprmsg.dll,3A667088F624754EABAA68C0710252FE1DB397FEA94BBC7E2279EA2726173B54
MpRtp.dll,4C9324E03FC5CE4BC363BDD331A0F294D280430A362FEC0891EEC8443B0887F5
MpSigStub.exe,071B0D3A08503A8B88AEEDA1D20F371A563377028F6E252DC66CCE60AB8F823E
MPSSVC.dll,660FDA2D5F5051F51599B7F51DD722697BF1165E4C08C00CA0899C16C1127660
MpSvc.dll,9F507CAFA4A9CB328AF4E7FFCBB3437B61401513F34562A1D030560A9C87E7CB
mpunits.dll,85207CA07EA16E9D033D1B040D2AF5686BA1804F0E09AA35A47487E4070FDC65
mpvis.DLL,72A5A377F5A481611E95A708AD1324EA12DB3475F69BE24C5ECE3CA6694AF666
mqad.dll,C5E21EA84F54987623107BC55EE76BA31A1A703893A22F6ECC41C17C2E404F42
mqbkup.exe,B7D2869C9684636F3C4FFFA8BCB92C4AD71F09E1E917E1EA933D3C4DA4BD3EDB
mqcertui.dll,02C43CD521A42E3C6ED4B67475F3D923FF6FA14AED6B9164E101E53E14DF905D
mqcmiplugin.dll,425AEA1D9D22C9633491FF17D3B1CAD5447720E0241565CAB640FF4C4783DAFC
mqise.dll,D87EB8A0026EF1142C09380D8500FEC604C15FED374EAD50E666E16B1FE58ABD
mqlogmgr.dll,94CAB7BB762D87F7F529E9047D4F2A550D13AFB3921FD05150364E86B61C14AA
mqmigplugin.dll,356B749D0305D8374D6F6467ADBB8FC2888C91A12ADF3B51F4E7FE2133317AF7
mqoa.dll,0BC8F680503F2DA2BBA7E934974B3EEEBCF9E98E30BF92801DF379E60A3D9C8A
mqqm.dll,B775CD4F00EC6F3586036E41526B103F593EF246D174975EF0188CCDDE2528EE
mqrt.dll,12043F7A66ACEB8F1A9B80D3DAB9D49C39374ED072D773CA5EF917907FC2A68F
mqsec.dll,B8F894C14B930872D090ED32D8A032D4778F8E9B0F09EF052342CF67D2F8DFA5
mqsnap.dll,B60B929A6C7DBDDC75938EE6E8254702C5EEFC576DDE2D847DE2ADAFB9CB1C09
mqsvc.exe,89C0A13EEC937A9203213E7A30B5F16B47A155832F1DB470911ED836D3AC2AC8
mqtgsvc.exe,39F798C6FE8DD3A0210120B7506780834E6FF5A0BC39D78D898D20CC899EE4AF
mqtrig.dll,430407D4A4F6CC1CA8EC9EA984A20752C8BA27D7AE3E5326C8970A09A52A5850
mqutil.dll,913E15CB10D8B6882EE3354412F15C5A066FFFC6DD0496F5228FA7E131061936
mraut.dll,5890E5D9C7365F49AF89000E5CA10E151A652B4131947DBC55270101AE593828
MRINFO.EXE,4E02CB071B535096151DEB19675B5544D4DA97584E782BF6993E9FD1E9B2007D
MrmCoreR.dll,8A7E7622023FDA7A8E8AAE6347201981E7E75FFBAE5B10BA50E3278C082B7CEA
MrmDeploy.dll,1C3303993BD50CD44D6C6CEED4BBE779F28BDCEAC962AD81CC25531FCA5F3184
MrmIndexer.dll,B091490BEDE265A8EF3DCF31D04A2EDDB0CF77FB88BAA184CCC3B371CD2760DD
MRT.exe,BE9D91AC1B812166CB8FF10458FD18D807EF6EF5A4E1731870CD135DAC777758
mrt100.dll,9A13FB320B1B27372856BFF00460A18FB608C531EFAAAE69CE0529A7C8C49DC1
mrt_map.dll,12BB0646678F2750077F1BFBD3FC73EDD3F0DC2D2454B86790FC9BF16FE87507
ms3dthumbnailprovider.dll,40287A825387E10DFDB6AAE84CB6065F296FC25A51AAB88BD44ADE26590EE27F
msaatext.dll,F41746B21F316F095750AAB65885255DDA9891562AEAFE295601A60DFEB72EB2
MSAC3ENC.DLL,497DF75F813672D03F7860F7B3D2D7C9D56EEFC4F1EA0F18C52993C4B5A8418D
msacm32.dll,2326A189FBF37F064541A74BA7C397EEA18A636A81C00CD66CB832178BAA838F
msadce.dll,2414FC8DBE2078C839B12A359DF40195D2D105C9D8B7A38014251F6168ADDDD7
msadcer.dll,0E19C560142FFAE7386CB9CCFB8BB051B981AEA97E7C57F7D728A143DD3A732C
msadco.dll,F34B9E7D3E54735592691132A60025C21DF2D674D5F2CA5847BB11CF6F3C56E6
msadcor.dll,EE51EB83D2D1D76647A391198AF99E91339C1153EED39AC62E78844299A4CA0A
msadds.dll,A7AEA022B7DA15FAF24B81259F86371DE5194101A7189BD62F87EA9A02DF0067
msaddsr.dll,43FB794DD480D4B2DB770E639F878D966263F2D8AC4E3526246AAD5B59F3BD5B
msader15.dll,2F6D590313C0C0849A94E0B454B2CFD6675D5E7159662396A1ECDE1A4D575081
msado15.dll,9DDE7E1D817D3B5F42D7E79AC49CECA80C8DABD9897EA582BCB153D8BE381CBB
msadomd.dll,43F63512802EDA19B8D0028B5B385C3C7E1F160E687D64C0AE1A4E18CE6C0A0E
msador15.dll,639BD7428F550CD481491B744A8D17AC1FCCAC173E686B0F30AD9575D4FE8BC6
msadox.dll,8D7C4C628B706528A8F9AC90FEC51562EB4B516AE8F570DACFC4DF299F99F48D
msadrh15.dll,D8BFC8C4A6E30447D60AAA916BCA9AA389270755884A7B0AE11F1FC6865573A7
msafd.dll,B96ADEF36FAFD1CF953D87777CFD4F63D23942E26A1441635D5F94E7B73A2850
MSAJApi.dll,C2A64B3E636E54023E7A3FD3CC1BBBCE76754422C95D9D1E5C11BA9FA10934B2
MSAlacDecoder.dll,CA6702304CC975EFE9CF913CC7F32E336127AFCB79E495BB9046FBA1E945C548
MSAlacEncoder.dll,ECE60185D5E2E0716C76193C91E45ADBA5802F5E80EF80716E8E4FEEFBB8409F
MSAMRNBDecoder.dll,0AE6993E9FCD399B791D3C2D76366FC432617679679CFF6281549A4B7A6DF868
MSAMRNBEncoder.dll,D3660E17A8DE748A799287EA2E4C69F0FC912777D35BABCE67C8ACED842C0B3A
MSAMRNBSink.dll,E86252C6FD9EF141FF8153697CBCA87E524869FB9285152A347FCD47C096260D
MSAMRNBSource.dll,178529E056949AF43CD008E276D693E099846E592C6F3D37ADC3835036B9B29E
MsApoFxProxy.dll,3CFD8D7A854016877F61833679380429AC5EA15CDFD40F2496E91211B6A29BDE
MSAProfileNotificationHandler.dll,93B4A43BFB789D252C2DFD93D30CFA7B1D7A65519CADC5FD9AEBE45CB21E76E1
msasn1.dll,EE2A8DC631B9C72D8D3AA0D9CDB1D38F87B62FE216BA6111EF0FC6046209A428
MSAudDecMFT.dll,3E8C0FD7D4F1C5317DDEFAFC524F20D1D732926E6B73DD5A7A24AAABEA2E6828
msaudite.dll,75C168279218BCA9082C22D93E256DD51CFE78A929795529305732A7B8667D2D
msauserext.dll,AD1712FD9634521ADF14DF34D49234B87731BA87D347F5D1A7E08F356531AD67
MSBuild.exe,5F9AF68DB10B029453264CFC9B8EEE4265549A2855BB79668CCFC571FB11F5FC
MSCAND20.DLL,FF6E81AD77C17E49FC8997F928BE80968894ECBBF90047A749C97612C6CAC42E
mscandui.dll,504080CBB969FBBF1F72E32EEE2057CCCAADB1AB9561C4188F748D1C66F37BB0
mscat32.dll,3044365184CFBFBA62EC55C013D66B1CD8A7F5BCBAAA1E68D58F998FE5A27B44
MSchedExe.exe,B48D5B58D9BBF92FBFFBA06D98E695218676D3BA1D4A060C08E3B9EF1650110C
msclmd.dll,E9F149E295584453ED564D26422BBF9D2856297D8A42597C2747675EBFD2EA52
mscms.dll,8B8337F25C7E75E7A42D57206BBEAEA2F2C0BF70EA0C1B829FE553945B31D461
msconfig.exe,93D2604F7FDF7F014AC5BEF63AB177B6107F3CFC26DA6CBD9A7AB50C96564A04
mscopilot.exe,6AA7E09FC7760FD7C7D66E32481CA82536D32591F8A8FF37A83F9E050FB6A1D4
mscordacwks.dll,F9934A18BE42CA12C9B324363EDB89A139017FF218B4D5F32945D0120028352B
mscordbi.dll,C696F14ADFF9D5EC45F09614FCC67767584121C16D049476B83437066810BA3D
mscoree.dll,57EFA31B9F0116E46AB5E46C2E1764A79C507F751995DB2E1C8727BDCEB0C576
mscoreei.dll,8D1C6B8BB7769F30BD524F4444310696955180EDCD6BB68C4F82C67BFDC5506B
mscoreeis.dll,C40301D885B540292CC34B772461F4DD54ED3FF30646A76CA6A7BF688D3441A3
mscorees.dll,4D25D12A44F38445FABF2D19076CA533A2FDFB62465488B5926DF8661D2A62F2
mscorier.dll,E9248592C9AD7E6F33DE961BAAFAD4DB77ED98B9A6BDE6CD8361F860459D8507
mscories.dll,7327EBA030104898782D5754F7250E3A22347BB79B61A2881D6CD331AD41A2EF
mscorlib.dll,A5F8A09E07227E3DAD52EC32C76867FED4D5577383CC9FCFC16B9654E4A2DDC0
mscorlib.ni.dll,70ECBC1541E0E4F3A102CCF78564AAB056E3C9D32E85C1A5B2C6839735C140A2
mscormmc.dll,CC8BC6700D3F44928B8C7022569BEDA57AB7971326BE21F131498E9456F4C8A4
mscorpe.dll,B4EBE43E3A743D179B5CEBDF98ED732FB2B5FAB415B915D159FD500C473BF5C8
mscorpehost.dll,2724C38B792F2B09866233E72C8520A97BA5C558310502A6093A0C2F7773FF45
mscorrc.dll,33AA25950766320C7EDBAE3B443AB538E08305709C1065BA9A1DCDD7C9451C52
mscorsecimpl.dll,19B7C41FA0A215587C62AC99678885487FCA9A53EE93A23F06BDA17650EEF2EC
mscorsecr.dll,4259F857A06FC4A9F42DE47CD2412D88EF6E0AE360B01AB95249B36D07599BCD
mscorsn.dll,14CAD786C7E1B8C41DF6A4864569C6D2D59EB4FB78F2EFB84E26655BD16A0782
mscorsvc.dll,6590FDEAB0E82EBCD8DE9E30EC7B2D34F24CE153DA5865A927F9AD16C6C6B6CC
mscorsvw.exe,0F5305796FA4135C338C80B8529EEE9C38FFB938BCF89984B0CDC77B9673DD75
mscorwks.dll,1B52B315D171AB3B3FA471E0F97D41142E7475A0CFB0A34579EBD9D2E063A741
mscpx32r.dLL,E5CA3F9B9833184C35AD89F615BF7A5108B7721D685A795CE4019C3D2609FDE6
mscpxl32.dLL,432B1BF04B68942BD54A8DFCE2799D733881351AC9B1FF2F0C4D2EF49F8C3613
msctf.dll,552DF1A94D06141C9FDC0B458BA35A4412F16DAAD6EED41F4539128C88C2FB13
msctfmig.dll,E9579BC59E35AF3BC0CD9622FF5FA5EB98B21529CA6F0FF3BF008925602F7036
MsCtfMonitor.dll,36AEABDB223AB1A32EDF09F28F914C3BB1CE78EADD84CAE4608BF4E76CD75B5C
msctfp.dll,B24AAB70EE20CA532797F617D59A750B0BC01AAD62F0EC291FD4C5B8DE4FB808
msctfui.dll,0D9E4079840E9A14C4351910ECF0307D9C6CA3835C91C00EDB86E7E088D6CF12
msctfuimanager.dll,2EFC9FDB9087ECB52274373D85751AE3A09A8AFDA0B78E999E0BC96715D231A6
msdadc.dll,BCC0A57E5A17D838BBAE7F8F92C11C41F0C6943D2889838B5B6A53853D7482D9
msdadiag.dll,0063FCB380C10D69AA7C87280F298292B6B6003E9FB6F854E9E4BCA4DFB31A0B
msdaenum.dll,C85F4ACEB5B7DECCD172BEC7C59670C9E14FDABF8334B92373ABB63B5F2F5AFB
msdaer.dll,8443D0B034572C3C44B85FAA216B492F9806BA39B275DEF16B0E41C2B03D2469
msdaora.dll,8356A891167C2CCDABC84E78C027131A23085AF2EAED814BA61B0BA2B87277ED
msdaorar.dll,7C88D66543E4B789D0CB0EF0AE4B2238C824AAB266128D58B4AD193D07D33D3D
msdaosp.dll,2A802B4CCE9C128E09F9F683A5B2001650B0272E1501F4E566AA7AB6909F16C2
msdaprsr.dll,1F44EE460BA8068C5503757DBD3E7FAEAA29F9B6D4D8296ECBCFED0D711AA6CA
msdaprst.dll,4E6C388C13F521F2FA1EBDD6612189F8BD5675A9B0003B8938EA2A5AA5D77FEF
msdaps.dll,F6916B2F5C9B35E521666F6DD158C980037B826D7FDBBD98E3B8F2064DBF1A2A
msdarem.dll,69872F22EBACE201D283F8354913655A65579457DD285126C96D89BB433C8BC7
msdaremr.dll,362D34968D6F5B5B5A509D892B3AC17097ADA26FDCA57C47F965F4EB0956BC46
msdart.dll,714BB5E36F0E8CD520D5505BB41010358F70A673C23D186A6CD532C342DF2E13
msdasc.dll,9A62E8AF92A73D9EC9DBC5403D43EA7140BB54C9495FE9CF7E239E1C2B0C1D63
msdasql.dll,B46CCD9657A2581DF8CDF9A0BFE53AF4140C338313A1E88AD4FA9641E56505B7
msdasqlr.dll,A8B7A8D6434C98B5C7DF0F699021C219A6870F85B32B88DD0C9D4D380CF35210
msdatl3.dll,A6733EDC78104B87B75C6985A3CC25006EB4E5815657B76D94BFCE05CA83BBF9
msdatt.dll,C4DC1626327070162E233B9F3A2A773C9B9AA990BFEF43A6BEB0AA9D85EFA3DF
msdaurl.dll,27D090F617020E915201A88C967D6A7090809F92E9F8C38ADE360AF74AFDACF8
msdbg2.dll,99EF55C714FAA0EC1FA2D22D7A0BD962FEBE8FC029FB167844D4BFFB4F17C248
msdelta.dll,D1757A96AE884295C9FBE33906351AE5D769DBC254A09564ECDE6CC89A168612
msdfmap.dll,D3B1FADAD1CD855065FA2F9BCFCA7E745FFF73CA9958C77021B2BB97C23BE0D8
msdmo.dll,EE1EFD4467BE4246A368C94EB74BB205C0050E846559BBD7DB8B98D5BA76F148
msdrm.dll,E74FDA07354F42EC94809315A31807F59A145A19599724DEA3C92314FDAF04A2
msdt.exe,FF0FF5289B9F11B7A0CBF45808A4237102E7BC4A84B06F2A17B24E5CDD35CEF7
msdtc.exe,EDFE71025C352D0DABEC7B9506C5945BB0EC11F8DB540DB8CB1116C2EA1648A8
msdtcadvancedinstaller.dll,4C427F49567E47156338457FB93690A85E8465E23B51E4018BFCBA6C48FAEDD0
msdtckrm.dll,672CA98525D6DD799A01A3BC3A62AB7B4544D62ECEB3615FAC05BFB97B389D23
msdtclog.dll,74FB26BF0E79E466ED3677FD1E0E0D4971F76A4F7E345165064B2724673E3947
msdtcprx.dll,FE31C8DFCCA6605528A3EC05454B0E9F0344671972CED6F5B030BDEFCDD122BB
msdtcspoffln.dll,82EE8DF30E92F9650A914ECDDB15AF3DF9B8074FEC4A22CC997313316DD1CEEC
msdtcstp.dll,5BB9ED2AC9D3321EC14FC71A77CCF766E2DB5222A097AA93CFE45E1781E7168B
msdtctm.dll,D3B6A77E3658EE11EC33C981349CFB06317EA5F619CD758E05C001455CFC8025
msdtcuiu.dll,651B77354DFDDE4C437DEECFD1295E3A2D1734B77A859DC8513C6DA5CBCB685A
msdtcVSp1res.dll,77B2F3DC76FCF55B91A925DAD710F77D2FA06F3EA7858805B792FA7C802F8E02
msdtcwmi.dll,7A0B375933A2DF2086B80DC1D09B7AEAE110DA4F6816F50B0777ED8EA94E573C
msedge.dll,8161C40373730BBFF958FE59D7D1FEA9C6FE6C5E2EBF6BC0412882D94470C989
msedge.exe,C089768E72071ACA205E6B77C0538F58A3896CE5B0F65BA9BD38CDAE263D8A03
msedgeupdate.dll,0493B7B631BABBFE2411DF5E71BFBC47B6281E2088BD4C6C2083B4B932E0BA04
msedgeupdateres_af.dll,AAE0C7335C47CD00D23F3473F7ACE91DA3E4E4E163132C8E2A6B1F9D5D6D8CF9
msedgeupdateres_am.dll,5D6B872EC475B19F68AF62DEF3C3CC67359659AA1F1F54E0E76F7CAEFA0B5666
msedgeupdateres_ar.dll,0E6181293F0CEB63DFDD1948C3C5D1FC29714D6A333600312750E3AA85D6D96F
msedgeupdateres_as.dll,83408D7299D5FAF1CF3691431E24D21AB16075E5B30B73598DD0F7D65ECF9CCB
msedgeupdateres_az.dll,62099506473FAC688922AB377D79D1BDBA435FE10EA930457607BE1BDD2F9611
msedgeupdateres_bg.dll,43C0B50610E96A0287C04028F9FD73C070EBF9FC3E7A7C0DE2C139ADF7AA391E
msedgeupdateres_bn-IN.dll,7DD8BEC526980AEDDC9DEA03EC05021714FB017D0A72E29D7E4358E3C69BA8F9
msedgeupdateres_bn.dll,B4FEFF4FF7A130E8DDACBE3C1265B187955E01C601FF88C65C49C0AED4D37E1D
msedgeupdateres_bs.dll,D4D8F3867525A238F05B41AA1EEC5DE990C036F1D6CB4521BE418EE132E95684
msedgeupdateres_ca-Es-VALENCIA.dll,47FC48CCC557D185592F4943A4463A9A940B29EDBC1E7B6CB7D84B929904E3EA
msedgeupdateres_ca.dll,2E435701F82738918D931243D51DC0DF29B97F995F12C672773325BC8C86C5B1
msedgeupdateres_cs.dll,18E7CD0941C97885F40A8AB4530A95C1AC7A90C8F26AEE84B9442D06D3B2D0B0
msedgeupdateres_cy.dll,357B2914E1421ADEB1A4B5C24D90CE76B47BC80798310143466C629BFDA566BF
msedgeupdateres_da.dll,62E905116C65D7E7502A257BAF401B0AC6F99CE969C6B2DAFDE56E8BC9D152D5
msedgeupdateres_de.dll,63996E144C64828BD70F4C8017ADEC208A19AA56D3B608A1571C2A266E800B21
msedgeupdateres_el.dll,A6F425A76A398F6FA7C2973FB112D4697516B809105AD3550E2A51C8A0BC3E59
msedgeupdateres_en-GB.dll,EEDD63889457F28DA50B3110DCF2919A253F2F70A271FF0221C8B0FDFCBB3CBD
msedgeupdateres_en.dll,F677D1DA2D4B14AC5CFA5959F026193AD5C22C9541BF1EB5708E4924F20B9164
msedgeupdateres_es-419.dll,72853CB34EE43ECC53ECC7EDA9880E44C5DAECBBEED3F7FD5A99B21C506127E4
msedgeupdateres_es.dll,B256A1D92A93405D48AF9E4A1510710E218B732C37EEDA4E53E82A73D73282B5
msedgeupdateres_et.dll,D38778B4BDFC4DDAACD6BF2EACC61E56C98C0A09564E7829AF6E2DFF84C2A550
msedgeupdateres_eu.dll,541D464FE231805D5B547C4D42A6DFC8A95C717382B456B390CC7690DE13D5D1
msedgeupdateres_fa.dll,D5020F52279543F5B71B4D3F3F14E2CC274DD758BFC9F2D8F14CDC2B73758A96
msedgeupdateres_fi.dll,33487B939E2EE71017951A32996A642ECCBC7802653A834404D57593D75F2D28
msedgeupdateres_fil.dll,D257D92DD2900B51A946573FAFCABF5CE7B4248FE1678424528CAD0FE665412F
msedgeupdateres_fr-CA.dll,A19F5FE5D8B85691F8B0F8A0AD2AF103CEB9B7234592DD67D7C22799EBF855E8
msedgeupdateres_fr.dll,C9699D23802F1FAEA57A558538D113614FF5F6FADE15B8E7155450D4292AE681
msedgeupdateres_ga.dll,FE6422250F550DFF6159FEDE2833669C9ED197494D40739EE6D5C44B3F96DBBA
msedgeupdateres_gd.dll,11C1194298F46CB49C61CBDAAB3421AE7392C4D23C8BDA316C6C0FE46C649E30
msedgeupdateres_gl.dll,54079950DD8EB5E4BB40420B9A9D4F1170FD7BC2CB645A33AE46E0DADDF81C07
msedgeupdateres_gu.dll,6E4243813D9A786DE601068F34DBAD8BBB064CB5CE8C34FD6508FE183405F834
msedgeupdateres_hi.dll,A345B9E5FAAEC379C87AC1B92CF526D6274C00137A0C6BDEAF49894B01A18E80
msedgeupdateres_hr.dll,FC5599AC25477F040130675B0C69F87343CFE15F453730247ACF3700135E28F4
msedgeupdateres_hu.dll,5B5D96EFADC15ACD61C65A0AFFA130AC96007DCDB8D4F5B5CA08C70EC20899F4
msedgeupdateres_id.dll,148EF064FAEC35C2172A33BA2E1771D868C1F042B3ECC530EFFE2267A269DD23
msedgeupdateres_is.dll,80F186F600D1A4CA7220559E0F070DD0DC100D47659543C3D306F9FECCAA14AA
msedgeupdateres_it.dll,87F3C0690F3560B550F5347B709D3D9EA4FFB2777D13A22396FBF5573004A32C
msedgeupdateres_iw.dll,D828DE067D7D1E0549FF45F0ACC7B7482371B37CD6E9120ECBEA930E73D2158A
msedgeupdateres_ja.dll,43933EC276CE2059A711F2005948B800BECD399EBC7DFC87A8B13C55B5F17DD6
msedgeupdateres_ka.dll,FD8F66BD94D81B2711F675F622EAF7BD7BB1CD0FF75B101AC1EC9DCD7FD30D5A
msedgeupdateres_kk.dll,6D0E741E8192DADE2440D8DC2CD860BBBBD69EC6B67BB40A7146A30695B23057
msedgeupdateres_km.dll,7EBE3485E5B41078BD1FDDB229BC9795332F4E075A18B1A2456FA98106E060E1
msedgeupdateres_kn.dll,4C2381259C114224713A5F492A6DE3BC9309D809B65948EB2635B2DEE7E4563D
msedgeupdateres_ko.dll,0CAD9F8174C2A3F6FD34DAE1518FF890A4B0AEC3EB035A4756104ABAD8F1BF21
msedgeupdateres_kok.dll,BC699BFC66B77F3F5337F220F7A29013E1E8492D3B6D2E50F19493C0340F2146
msedgeupdateres_lb.dll,222CD404CA30ED5F559001F14EDF9CFD9FE4E255893D9750569202D113710FB1
msedgeupdateres_lo.dll,1973C0B849EE8E57805855E91777450F3DCF50CD561791412CE933732EA8C4A6
msedgeupdateres_lt.dll,DFD032956E559A0D52C47DBED984145C0B4BDB086ED6C7BC1403B2C75E793A60
msedgeupdateres_lv.dll,5EAECB666089EB25140923AD70A4AB086B00631A78339B47A888B23FF6709C0F
msedgeupdateres_mi.dll,343A9D9A78D0FB51A09B4938A242FB68CCD63F8BDD93A461BC6E83DBB1D6FBFF
msedgeupdateres_mk.dll,A681879A0261A0915EDBB244F430CC5FFA3A8ABC83282CDEC8C7E6794FC153DF
msedgeupdateres_ml.dll,4298A84C19EF84DD8A7FE866BA7982042C1EF25908BD98AA2DC8939CF4FDD91D
msedgeupdateres_mr.dll,AA9A5DCCB39ABB0A65A41AC9BA79C705A2220D70504D5323695257BD04A33935
msedgeupdateres_ms.dll,FB794B9E48C4D833527F506CD12089B559473D8990A339825486D7DD3DCE09A9
msedgeupdateres_mt.dll,6E779EDD5E8039B58E5AE0494370F1B85872D7D4E95C38BEA201103586A00CB9
msedgeupdateres_nb.dll,BB8AEAEF7E96429FBB85CD463548A164B654D630F558946038373B38B0409DEC
msedgeupdateres_ne.dll,DD57B22B6BE96228FEDF9B577F27BED993A2A5F5AC0B5C8BA72D84CFB84B10C9
msedgeupdateres_nl.dll,32495AE78029E80CC7AC2FC37812A45C30F82168AD45152BC0E8D89E695372BF
msedgeupdateres_nn.dll,24E2594553CF982A7F3D958CAB542B8518CAD1F75BF6DB8C2AEABCB251BCEE59
msedgeupdateres_or.dll,F71AC20CCF3B11DFDC71B4242957B56B8D146DE47F36572B23D69E66A6B0BE72
msedgeupdateres_pa.dll,E0ADF6F2B93D6808A4DBE1539CD53A3BBA02EB85518D778EA463E7FBEA656CFC
msedgeupdateres_pl.dll,15533104458D5450A7BF351B1EF277B4E43DFBAA488FB51712F89BE46D2C9BAD
msedgeupdateres_pt-BR.dll,9E892A7896968D04F4F1F6DCC87540A9E4A5A8797B4C8145DD32F9DE94907713
msedgeupdateres_pt-PT.dll,3551590CAF98752D3EA6FC09910B4D67DD0230D28DF8CA8DD878E8D5FDA1E82B
msedgeupdateres_quz.dll,698BFD6D97F52DFD891CC74A019AA5F10D33D7D971DF950E9ECB8FD047F9F700
msedgeupdateres_ro.dll,FA0F1DCDAE3F6279775265C372B68AEDF829A4BD7DA03012077E2284B2813025
msedgeupdateres_ru.dll,9142B10AC17D11914622187B82DBB1908B481EB1A42930FA45ADCA1D05543651
msedgeupdateres_sk.dll,B80F979470CA2354A7A7000E38759474DA51EC7021F1FD33789CE27B63E799CF
msedgeupdateres_sl.dll,FC06F5024531BFAE58E9E2F6073EB8A9C31A6A97B0C93DB96EF646659EFDE00C
msedgeupdateres_sq.dll,1AA6C9A4F3E5103915CED691620E1387FDC558254D8822FB56D0C5FD2D0A0368
msedgeupdateres_sr-Cyrl-BA.dll,8FD306638A64781A227C0DAF029AE2B3F41274AFE6E77DE52F4994408BEFB14C
msedgeupdateres_sr-Cyrl-RS.dll,F98BC9E6E5C1391E10404DFC6BC4AE4CEFB57BFE422D2239223018B1D8132175
msedgeupdateres_sr-Latn-RS.dll,85C35929E8A3CEDAC5723305FD1B79B8F5148613060E7555D36ADCA8E58B3B0A
msedgeupdateres_sr.dll,CCD8D84242947F7EA65867B82A2785F86C34E145714F32BA929B205A1B1C0268
msedgeupdateres_sv.dll,5D6B03556A14A13C67D63478CD12B27C6BD3FDA7B99BE8448B55E61A9CFFB4B1
msedgeupdateres_ta.dll,2110843E39AC055F18D8E8E4C97F70F21145725E812A20CCFB4D18585AD4BE97
msedgeupdateres_te.dll,DFAEB1CAE7000A0916199E2B9A2AC166715AB6B1947B67D80A57E963ED1335B0
msedgeupdateres_th.dll,93CE9EA71EA43DC275F67A9FFDFDCDC00289D587982883418B5F7D7C0220A5FA
msedgeupdateres_tr.dll,64A9228C66E482A6CEAD6F1C6EA3AFE690AA619A14D24154E4942B081B4B61E9
msedgeupdateres_tt.dll,9EF87DBF837148200E8957049E99D3E1BDC54A4C466BC4403FCF9A4C40B20731
msedgeupdateres_ug.dll,693FDDE1A64254FA95184E4686E6FB942E8D5F609EBD5DE34ABB4E2A3AFC66D8
msedgeupdateres_uk.dll,A455F5D4775EF1A462A1C8ACDEBBE89AA5A8D3889FC1645B91CEEBDF7D6124F1
msedgeupdateres_ur.dll,7FAB0A6C6D555FC5D37B0B48E8C03D99C98724CAF5A51AF2F779FA0421873B35
msedgeupdateres_vi.dll,C4C39304DD929F96F23B7D6BE0B15D970541E0BCD4117E7D46EF60F59B9DE654
msedgeupdateres_zh-CN.dll,4BCFF20527D70EE0D01A1C33E5537F07507422C4065B21B1917560FDD167CA22
msedgeupdateres_zh-TW.dll,821C330970ABA3C7E326C9CCDFFE3799C224EB04B74B85A221921BA7B1B63F26
msedgewebview2.exe,A8DC2D7B26405E4B5173B3516C4E2758699212C2BF29D10F494767ACE06689A9
msedge_elf.dll,07AC4B8A66DBADDD1B08A36B5FC4FD4C4408BEAC9490FA9109DE565D1AD42105
msedge_proxy.exe,B63C1B0A14BDD090BF6B26DEC5041AFC8FF6B75F3AE1AA5CEA29E9474ECFFEC8
msedge_pwa_launcher.exe,12F81FEADEEBD2953E5AE773789C4E4DE30094AB5E6612587C23C69855AF4BA7
msedge_wer.dll,F0BBB2939DB4B2A4001DBAD319A35E94DEF9F057D934ED49C1DCF7F170BA09B0
msexch40.dll,0BBA47B84810E1ED292A967EB478652E01C6AD55388C660EC3D8951C22C1F0FF
msexcl40.dll,CCCA769F3542375CDF4BD326337B05A4CE274B029429EAD82D9DEBF3E66C2EA7
msfeeds.dll,245983190E918F020C146414540AA7A2BEB72A96ED29A958EF4AAC7B20756D66
msfeedsbs.dll,440CE846330C40FCD694E2BF9FEC4329145A12F1AF2ED56E06FF0CA77256021C
msfeedssync.exe,73CD7E458475E0A83CDE7FAA3982FCD341A6B6C4AFAB33E4950BCCD15635EADF
MSFlacDecoder.dll,8FA8F641B799CA6F85E89577243FEFA9B64F6F9BB2E3733E7013EC4689C39568
MSFlacEncoder.dll,149D3268F4125C247572F4298B85893BEAEAE0686572306D42D3879784F7390F
msftedit.dll,8B46872ED3813E335E06CC66CEDC813D41A70E9C0A23463BEBAB74FB724A3DCC
MsftOemDllIgneous.dll,0EFBDF4C919DB8395D9161DF108FFDA5C9405BC2067884EC762C6D79D11A25B9
msg.exe,A0348EE47C61A809B56AA8C66A916F7B27B2267459ADFE183969C88F5ECCBF70
MSHEIF.dll,B3CC027E2ADCF339DE59E6CAF9449A1A8F957501BF7CC4A0D731D44860E1C29D
mshta.exe,971815974F125196B5B506377AAE9DE37CE15C947DA579FC7B94F4A49F65F53A
mshtml.dll,D5F257456B342395CAE84447CA3727B2D444607640312DF7FD4F226BAAD25CF6
MshtmlDac.dll,D7303709585B09397DBE08FD91B6700ABD382023161FDBCBD15D9903BE84D727
mshtmled.dll,B1937C173563954BE921222BF5109EB7C1A5012F4480329F6DE85005BEEB9B40
mshtmler.dll,1C76A087385EDEA018427560CD199DD2032449D519EEC1A1C6A8E7A28E8E76AC
mshwchtrIME.dll,25F3237A5C72A87625FC90EEF7859EA1BFBD041150BEFAD7483C697AAC20D872
mshwgst.dll,9C19FB493A4C84BE97D3A59A5F7CB524DD48828FC3C04623B540FC628844446C
mshwjpnrIME.dll,F69DA5B7E4EF25AB0518B27EC7C257B71D6C0FD15D5C6CB2091F2AEA9AA55003
mshwkorrIME.dll,7B9E1A1D1A10B16465BCAF3374DFAFA8BCB3876C208FBF6B83549954B7449EB2
mshwLatin.dll,08E2C4995ED8C1CB91C43FDB2C2E3418BB2D9E11FA44B88315391AA76F2B355C
msi.dll,BEE9F11C8E97686ADC173A2D7A9E432A490EE961CD8952EF0DF32C8BFC46CFE0
MsiCofire.dll,BD8BA260679CFC37A21E5C277645D7DEC875785DE2F10FC9C801923061BE6FBA
msidcrl40.dll,1C8372A0E877AACA30B77B8D1DA623E85DA54D367DFA36E914D0595E63D10BCB
msident.dll,1D4C344C5233862DDB8FC5BC47CE87EBE98B0848244E0B50CF1A2A244AE4B120
msidle.dll,311A6DBFB7A8079B828958C1DCB668FFFE556BA4138C4E6B6C6F622030AEC7AA
msidntld.dll,B4B29AA705E31389AA9F61E32FCF4C747982D93EC7572A6AAC19EA16E6924715
msieftp.dll,B873A41C35C40472719A1D37BBB6497F7F7ED05666065642C90067F6BDDE589B
msiexec.exe,3247CF2A21F401513D3DB524433E8CBA7430FCFFE5BF81CE0FD90C429505F78C
msihnd.dll,1C055270E2545570F27D8EA88D640926EA20CFBA3D3D40CF1DE1E7111B643D4E
msiltcfg.dll,2BFBE77D7925D5503F95B352A3B2B84909F501F8359C4831BB8C83191D721C47
msimg32.dll,FF113A87BBB6E1316210B0C0274F2FD63CB580DD3A07B38AD8B0E2D48F215612
msimsg.dll,D72D816AEDF743BEA03FE535259B3F4C1ACF8C36DA47A24692EB7EE0A7BC54F2
msimtf.dll,6C32F9E034273EA96CBBC923A13E4A68A31F1BB126AEBD9D8233309F036D842F
msinfo32.exe,7C84C55EA7DF524E972BEF93CDDF8B8F62C23790FD8B2D3E239455635FA65948
msiprov.dll,C3D52CC735F19CBFFB5213C44639D3F0D2A7568E7766F6751AEF536713358762
MsiProvider.dll,FACF906D32469CFEDD55F7C1101B380E0B6F826E67E0708744E47A704FF52CC1
msisip.dll,19BA8644DB1BFD5FDCA93741EAB7E966FE3DBF4A0CA309106BECDD8C3DA97908
msIso.dll,75B343661B2C8E2F2FE7213BACE0F8FFDB0B15C93CD1CD38B13ECF9CA7F16F94
msiwer.dll,A538F7088237AF33A943E902518E1DB7AD0F0DF6099F43952ACF078E0737FD41
msjet40.dll,41786092F70A2DCBF75C238639A5BF135FC8F2983E636CF73AD77B7CFD85143B
msjetoledb40.dll,423A3220714492C8265EACB4ACF83D553E7F2EF969D67D7F25C6EC8DBB4FDD3A
msjint40.dll,FC80ED29997A29282DBC30A2A58D640B9EADDC5EE60FC25E0446289DB9B77E62
msjro.dll,859DD46CAA83432AE0CEC82C64C72E196BDEBF1900954867A5BC080A83090223
msjter40.dll,23664303AE77700925FB55303E4167B2D3D71C269BEB01FA3A5ED0255C40BD3E
msjtes40.dll,7F54879A55DF9794685CCB3667CBCE482EF637B8C7BA0ED96F1EE1108C4D553E
mskeyprotcli.dll,BBB1A646A0328642184839A1B92ACD8CEE8A0E2ABEF74297FBFBFBD005428AAC
mskeyprotect.dll,3BE3D29D02D604771A6B791E94D2D03A803426EB77523646AC926AFC1B3FBD06
msls31.dll,3ED04E60EC1859086A633C98448306DEB95FE5DFB8DA511C91E3D2C1B1F38DFB
msltus40.dll,80DC3B171B0F672038218EAA124D89D91190DB56C71F93939248D21FB56B3367
MsMpCom.dll,E27686E975A2125D777593A2C1CF9F90906CE7702183C3C14AD786C89A84FD59
msmpeg2adec.dll,29698A35749FF08A4BBB83DE740B6F63E4795FDA6184D7124C18E051215FBAEE
MSMPEG2ENC.DLL,14C6FF8D1D497C1E4EB41FD54D71D0FAD9C4E96E34FBF0E2F82BC865D5156EF3
msmpeg2vdec.dll,5CA509EF52B0E44BEE6E1B83079637DE43AB857957B37BC8406C7CEB82E44412
MsMpEng.exe,2CCB6063389F3512BE2EF169E236C7474380C542ABD82B4B6BCAA8DEE2E3DCBE
MsMpLics.dll,AEA16D34C312EB8706705CB3751FE7A56FA1E97B2974FCABE89555DF9AD0A250
MsMpRes.dll,C5CFCEB18896BA6E2D5121B336214A6DDEF7B7658CE54AB230524FD41B51ED36
msobjs.dll,B6E2844F48F2002DFE5AE4D9AFE18FB58D7E909AD5D3515A911E043EF57F0851
msoert2.dll,85920B0D18867C0B57F401C1D7E4D0D3FCDC4C812C433821A7F7BBC4262CFA0D
msoobe.exe,51630F385163C19E25AAE89AFE3DA84CE9427ED865227B2041F298EAD15AF37F
msoobedui.dll,C22CEF3469245606342D6324FA8ACF9EAC0AB9C56780240714E5C663A7BCF005
msoobeFirstLogonAnim.dll,8EF678620FAB41E1E4E5A6075FBE547AAF12675C4436AFDC4ABB49AD854758B1
msoobeplugins.dll,A6CA16DC23E9307D11E6B40E59E92B15DD405A59A19D464E4D79CD665E43005A
msoobewirelessplugin.dll,5AA82D1AC61FE29A56B435646690B3B6E4BDD6437AF20AA8E2A465FC11F9B421
MSOpusDecoder.dll,BDE5346F927F82AB41AABC006E5D73C7E6503025789B5B8D154866C3783788A3
msorc32r.dll,305D85DE92F082EB50C4BA722FC5C01CE4AE3B5A04FB4529A223F8507954AED5
msorcl32.dll,C7D7AD1CAA00059633391630C049DBB43F2DB87A85D733CE92855BE3CF3DFABD
mspaint.exe,8BD3C3D2A3E6285D004AFD50262D80939FA588B39C5ECB404D12D364216E73B2
mspatcha.dll,67F64807B9B82C6228FF7FD58226C6672092A2083143ECBAD8E9A0C387A78323
mspatchc.dll,CA94401D7739DF4A4E7E8759AA66CB640334BA248B4F8655805410A575DCBCB3
mspbde40.dll,1D63AA6EFBA2C2FDC06B43580657D62C2F2F3481B8EB060CAC724F6534E30DC3
mspdf.dll,6A0FF6702D2BCAE22D1C2740A5D7CBF6092BB2688227D532C2E9E55A80B4DB29
MSPhotography.dll,5D0B7E5842F5B9675FFFB39CCD93D9692E98AF5E4D86768986CF735F3A44B78B
msports.dll,DBBC37E32D66A27F1F4A174B3F237859EF1D770260C836D9856035D988350B11
msprivs.dll,BCF51507B50E6D367137FDAAA471F5A08DE3B398302B42FDEA02FD7D00A487C7
mspsprov.dll,F51C7518D904108AE9D964B1E1BE380E5326A05479A2BCF4AA05C48B43AC717B
mspsservice.dll,D0DA4B4887E763DBD49FF07B41D3139E0828B9DC45C7D5A1095FC727C4B830D5
msra.exe,D15D547A3496907C8B5128F7D9219BC2E043B5C476D6C34B84C9280159280F93
msrahc.dll,BDCC94E497803F7C6AF00D60F81F63434D7A47269BCF14794CAEECB49D56510B
msrating.dll,9DBBD6D2FDA114E2E2827F566B83EFE90DABFE599D95361C515EEDEA325472C4
MSRAWImage.dll,8FE983BBA3F3EA06B8DFC9FAA9CDD7501C65EC3ED4CB507CF1DFBD24B8D65717
msrd2x40.dll,23A5B792B53D0A86A719278C0641E0E0BC557D5939A7B112800147095EF6A31A
msrd3x40.dll,500BF6E56316ACEEB91CCFD9B42711824453E554C61F7BD12867327BB3FB0386
msrdc.dll,D5D7A9A3677694696CA544A5A3ABDCD2F2AE5668FE7FF264D024BAA5C757D711
MsRdpWebAccess.dll,F748CDF9DD04D2977C246FA5FE3F5EC7A6F5359A499AFDDA997B0A9C7E6529A4
msrepl40.dll,5BB359222E257FA55781DF218B5F2069060033BCB917D7F08B1896FFF074EC48
msrle32.dll,2240F9E49173CAEBC83A7488E1D232EFE6BF3E59E562A97C5E06EEE373B9CED9
msscntrs.dll,5B5B46D5D5FEEF680F6035372230785EEDD29AD599B2F3C479BC00038F82DE5A
mssecuser.dll,82ECA41D41AEE5904DD75C716B1E894B7F7E123F9B3967E92675A286A3647D84
mssecwfpu.dll,F1BDD234B787D8A8B5922D8643D50BAA44020C7529CB3D0AB838136BEC36948D
MsSense.dll,F2AA7FB2C222349DACA77F6B323B855CC8159834DCD7F49A58E18B4E0A4B6132
MsSense.exe,8A69595F603261ECE9846D2130907894E23A4F5DF4D46BC8B443A3C75CFCAD4B
mssign32.dll,3689D9C9BD5CD8C68A4FCFDA3544DF478E86E13BC5666D511D00BC4DA424F607
mssip32.dll,AB867915D6E5892CB174FAD0CE087B6DE1BBFD436253FBB89FB32DD5A6583F57
mssitlb.dll,24BC6E73225DF6C54E6D864F2F3AFD36CA1C957D6EEDAE40524CE4346BF9D1B9
MsSpellCheckingFacility.dll,4741F9570123943CBE02F63C2293ED26A07F83315E7D3B87E7C3CA2FA8E7338B
MsSpellCheckingHost.exe,FBD55B94C083844AB2C93AE623255B6A5A5C109FCAE9FCB99CA1B9CF627D2DEF
mssph.dll,8E9F97A5A8A38DCEDD4E66865140324EA1E2942CB960AAB32071A72A404F5BE2
mssprxy.dll,AB9737AD8621C4E196CC8AEF3889D6E5C400C7DD74E966260B1E358B291A9D8D
mssrch.dll,35D20A93E2BEF078BF60C33FC8AA6E85E934249E7830B91314430A77B42D0058
mssvp.dll,99D1F00394A194093E59FBD7A7437944B097EF93B0F3C8DBA04C7649A36B1F0C
mstask.dll,06BB8EF1C20CBEDF22E9262F73B778A8194AD167D93CE22296F0639AA2A6F9AA
mstext40.dll,D792FA805FDEAFEF1CFD76B4118DE73362EAC7B4F12FB3CC6685499D932C97B2
msTextPrediction.dll,D82C6C324D68973F808E16E68DE04C55B6A951AD8EEB01E9C4BE4F4F0928ED8F
mstlsapi.dll,03EB255D53BFFE3A86D9589FE8592B05ABE3FF387A53FA9ECF0AE2B9594F4B29
mstsc.exe,2054C253DF77DD6D83DEBC819D9D7BDC78D3C50DFD1FC1DBA40EEDBCCE7F5219
mstscax.dll,1946968EE7AA8599FE4B97B6ABDD2AAB5F3F72A214C5B985D15DDE4DAFD84A83
MSTTSEngine.dll,FC8651DCFAAE74003F411D152E22952528EC96B5CAB1836B138BE92F14FF950C
MSTTSEngine_OneCore.dll,5BAEBA0CC995505F3199687ECFDB336F7E1FF7619679E1D8BB269A2F0B5ECACE
MSTTSLoc.dll,A5D616904D0A78522D70354EB12AA4253F2E676F25C3CDF5F6306DBB717A3625
MSTTSLoc_OneCore.dll,2AF96F73E21969892AABDF9CAA0F241109A7E6B2DB70017B2B5AF06D579A001F
msutb.dll,B2AEEEA21286DE5F8F2AB329D0CED4E60E0791FC8027B86DF5E738874F8B3FD5
msv1_0.dll,D93540814CDA9E14803EB91FD260A32D056BC0759A839D42F29B1AB0F458DF5E
msvbvm60.dll,898288BD3B21D0E7D5F406DF2E0B69A5BBFA4F241BAF29A2CDF8A3CF4D4619F2
msvcirt.dll,6DA6CCEBF7E1D9656E43E74FFAE8D44BA8EDEBF043DD61B35B36079527305C36
msvcm80.dll,A54001ED280C703A791598BD391E3FEEE4CE7778F2BE4BB450332634063CCB48
msvcm90.dll,597629CD63109F6301D36DB52524B534E9A14C6610663CD2379E2E154E540C1F
msvcp110_win.dll,87853397C7D6E33C0E4429F52E4884D5E7581E87E192CE58E646A7AFA1658CA3
msvcp120_clr0400.dll,6411B98C6500D2E6BA5546A0F141AB7A4D185DBD6CE626C76DB4BE59514340A3
msvcp140.dll,01645120BF8C29B7898154BDBF048F5F6208C2D2830F76AABDD19C9B172AB68D
msvcp140_1.dll,581876DDA93A6C91D231149A4C1AE59946A44EA03F61D864FCD2ECDA1B0B7FD8
msvcp140_1_app.dll,1FE904134B547C4A181454009B6575A7944678E05D72CD231FEA9C766F7936A4
msvcp140_2.dll,1C95F7DB69E732B995122B12502387867C8C13DD9574F8B0E5A12D10C2DA4930
msvcp140_2_app.dll,9BBF8E3C167526E3A39E7CB7E7D0B84683E9FFE9A9D870986453895FD38CC0A5
msvcp140_app.dll,1DF072286BCE08ADE6933AC1F22C1175CA4D63BD36A9D0C0A978C2B414A856CD
msvcp140_atomic_wait.dll,DDA047D1E749911F6CAA5AB90FAA362400D2395121725C44C1B3E4B3B9AF14B4
msvcp140_atomic_wait_app.dll,9C51044806AA99A14AF0FD049266404A1F79BC3802F1C28268B06C2963FA4BC0
msvcp140_clr0400.dll,6931DFE927A539ACA9C80944A58ECCA75613E31A77C2EAB8A63948A88E5D881B
msvcp140_codecvt_ids.dll,436810B78A5AC06790282C9CAE324D1C6DA5C6985A65B133AA45719CD9D71D22
msvcp140_codecvt_ids_app.dll,0BD3462EBCA72CD12ED5EA04CB833D4835730270D649182B1CE47CEA23548B0E
msvcp60.dll,8D024F35EEAD1E0942AAD24ECBF86CF72E3237F7C94EEBB5A6A3A41F498DD139
msvcp80.dll,5063C17F2B01A17119FBBDD64338368BD9169F832ABE719BFBD2B4E65FB599D4
msvcp90.dll,91D867788D5CD9BFF4A58FB55BD5B4C32ABAE4D61F0896CC4BA1C8803CCFE78C
msvcp_win.dll,F7AC4CEB149EAE5184B957D90EBEDD9BC916CD1BA3053548B637B4E32A7F8A07
msvcr100_clr0400.dll,B97F322C8325F3373CFE497297C44AC8DF1C2A0102ACD4D941BD4CB17662D7AF
msvcr120_clr0400.dll,DC18CC80C68D13EF9030730688AE15FE7D9AA8D9273AE299EAD5C49766E4FCE1
msvcr80.dll,81B425428D0D77672D1BB316CF6D80689FF9BFC43EAFAD56163F623CEECC94E4
msvcr90.dll,D7566FB962532F1250EEB1149FD65A9F5ABCE97995CFA5B89D5CB8F502F08DEE
msvcrt.dll,279A03ACC810C1FE613BE283EB24762F0451DA9A6142ED3DC996A1D10FE2F692
msvcrt20.dll,811223265146532827DC999BD196F3C2B1B388833E390FCF93340693600EBDED
msvcrt40.dll,478F2A71D32B99130777DACE68446C6A41946BFFBC7BA4E9F78971795F5E0ACA
msvfw32.dll,A521D6B2A6684B4C50BEF0335E61546D998F30680378FF11A8FFBBF782A7AF9D
msvidc32.dll,EA26C79D3F1237A9CCDA5008B64E27E98817B698ABC1E78BCE0C58E8E55B385F
MSVidCtl.dll,2FFF0D77FA3B62D432DB1C6043E3911E2511AC8654C0D9D062F650BDF618DD27
MSVideoDSP.dll,3FA7084F0009084A7CD4850D66050A3D7609C57EE6721068AB07BF534F523EED
MSVP9DEC.dll,6A35441CF151B7F74577CC4BF413C9DB1952157C36012DCD14A7436727CA6E5F
msvproc.dll,4716FAB14955C74F8DCD96925C5CE017C71709CFF10528C2B7BE861F9222638B
MSVPXENC.dll,DC4F59A0EE58457133C2F7666FAC3F6842BF485170D3BC340824C5F77080AF81
MSWB7.dll,EF77AA4D16D1BD63E567DE1644F0E7256E68EAE46989849017CEBE5569360074
mswb70011.dll,4F640A44E040DF28F6F4715242EC31AEB1FA0E2DF866FF40B42D64E69FB34EF6
mswb70404.dll,06AF81EACDAAA9BDF6B48D5C2BA49F22B94E2D2BC12675D03A0FA1F678A18259
mswb70804.dll,B4DB4813B81B5F6040390F7F9D22B4A543C01FFA145D5EBDD32E66A59BEDDD6D
mswdat10.dll,B8068CDFF2D2D88BEE4FCB8A8D56FEA49F993971312838B97DFE7BC705D7153E
MSWebp.dll,A08B55DC03CDB988B52AF299348B9FF75CF156146294BAD30815FC1D87A7BE69
mswmdm.dll,DBBCD160FFFCB4CC025F3655274152A343E0395F2704E4EA7C9CCB047A4F8F21
mswsock.dll,D0A0FA22428119878FBB3D451FFFDD21602C9196FFE5EFB989F44816D3280C6E
mswstr10.dll,A132F3640C912A81DA054EDF987D7615C467D72F225EAB1B1C973E03C00D9444
msxactps.dll,4392DEC8CC9227FD60BB3CD83FAE51EBAC7C762F16F14D77C95646ED8649DD35
msxbde40.dll,5FC0CDEF591AE6AF64EC84E910543658C57EC435CA95E86447366C2502D396F7
msxml3.dll,0023AF9A93672007B9C81881C4ABFA161BC2219D32F52B4A3A80FA516D11AFFC
msxml3r.dll,75C52780DD3948CC22063F50E948B60C8AF2599CED469817CC5280120E3C5378
msxml6.dll,5FCB4828ACF6A45222B4EFCCE019D4A13C220C55E61F7963967623456F4FE861
msxml6r.dll,031AB6F609764C88C3CE94979F5F1B949251478EFC2708A68804496146B6F5A4
MSxpsPCL6.dll,C974C9C773395A0862004FC2A38719930F4344B17FF24736D5F76A09F13B878D
MSxpsPS.dll,962020AE94986FA582AA4A221D858BD90E0240BF2B222CA9111509AC2D9ACDC4
msyuv.dll,91B19B8B3C9B89F6F8085DD36EDA6918C0E6DE67350C8044719456005F05E951
MtcModel.dll,5BABE57E365B053EA9649B2DF7EE65078A914873A1C6B4719FC0A9D16FE05395
MtcUvc.dll,1D2E6365410C102FBE75E08A570D0B05848D637346CA52EE1C3A35D64C3A4EFD
MTF.dll,55598FCCD57665CCC2167301AB8E9C64FA911D44EF744DBF67BEB04B35A090F4
MTFAppServiceDS.dll,4D17B122934DDF5582290259062E01B2197E50DEE75F9CB79BB9A50DC51A60F4
MtfDecoder.dll,55B1369B78B78B797478A5C93DF38FD2D7712587FBF8627100567BB64429860B
MTFFuzzyDS.dll,58359480E0099640DA29B61EC5D66D8CA29204D5B40CC1AFDB5E8A36480C96E7
MTFServer.dll,3AD51E17F1C6A59A0E4287C568A4D7F3C23109F8BDC4DF6D891BA1DE1F3ED0B8
MTFSpellcheckDS.dll,83DC21D65CD502B32752F5FE188C99D02A17442FA17706FF752A2201F596F893
mtstocom.exe,9DB938CB9989A1882DBC0F344E510E76BAFC4358B2AADB5DBB66A11D763A7AE6
mtxclu.dll,D2EB1EB4DC14C5F42450D6D59A2EF1066D825B030F8F02E86F0D35A9095D7DD5
mtxdm.dll,D453924833A72516EE691412CF384C5B21673F892E9063641B1FE4CEDB4865D2
mtxex.dll,EF9F9F227BE2C1608393BC2A738243E4CF1AFAB2552650D589404D23C6847802
mtxlegih.dll,BD719C017E45DE9DB6537BC6E699BD1D4E01286A5FD0DAA886E144D702E734A1
mtxoci.dll,EE95842B058756160756AD1374927AD71EF4A72F36ABC4356BB89FBECEC42436
muifontsetup.dll,049AA34D7707A97C0D0B9E3117741F6F1B4AD4E6CD317126FCA39E7EC0036E62
MUILanguageCleanup.dll,509E1245F1D8F772C2B177BF126921082D21D88607E3887F87B66A560BC3A06B
MuiUnattend.exe,FB289939BF28259C630E0B9FF3FE3166607AA9458C76B22F8C87718C266BCEAE
MultiDigiMon.exe,AC37148D091BC02D24E40A1215AEB9A750EC10C48F7D709E4E1483E665677AB5
MultiPoint.dll,ABF8A304D6CBFE9F79F2548CF22421FD4FE34B2EEB41E4BE2E8F2546CCAFE06D
MultiPointVdi.dll,61FE13604F4E2DE0E7569100FF0598F16B13DACF741949BB7582DD79189B8066
MupMigPlugin.dll,8776FB69E1C79C22F9F322CE22E69A3979F24B9EE6AAF1014E67C5EE104E3E00
musdialoghandlers.dll,05666CDA9D0B0087984D55965F5321BB0BFBEB7E56B2A083C770D6C3F83AB83F
MusNotification.exe,65CA6C0D16328357177BD0AD7F2C82F4F579F9D0DE34CAF8DCC118AA1A4E1D66
MusNotificationUx.exe,268601F6B226DD77B7C457D1C9065B735B6CBD3B1FEBF3988A5D805789FFBBE7
MusNotifyIcon.exe,DE00ACA948A34A5C562361BE2BF4265ED5AA8CB7E5AF466722C7E49CD705080A
MusUpdateHandlers.dll,42AC8C1C727DD263E625D0A27B6719C7C4581E0A5DEDAAFD5153FB1C3FB6AD32
MXDWDRV.DLL,DFC07748EB2AA7CD0C4BAA0F1B66AEE4374A3A5242671EB0F9D5FDAB509565E2
mxdwdui.dll,C987659CD1DE1F43582132C55C3C7A7C46E118E2D81E5CF8ACF752467C37B04F
MXEAgent.dll,545F4E6D4F76B67257B6C6FE6D174335B598112B76BF7B14424F5B12E09F4CB2
mycomput.dll,D6B0219F4A2873818180BCFAC20C8B567147779E9286823E064BA8FDB848850F
mydocs.dll,DFA2CFDD31A76468E45D68CCC0DB0C2FE4A8286ECFED47C5B6E5F5C9D2751E54
NAPCRYPT.DLL,7A8145E9EE03566C8761244CD3066834F05F569613D51BB1F5EA44C09664ADA2
napcrypt.ni.dll,0DB002F389AE9A7984897621FF23201A6E46332255A3F49DE2AE3AF6E502E862
NAPINIT.DLL,C0E6295C7A122B23E754F07B9751B106CBC00E21E9FBF90F31E5D69F8DF514E2
napinit.ni.dll,6F8BBC6AF13FA1F99CDD3B0826CBFA1800A87938DDD32368170AC6F2682ACB03
napinit.Resources.dll,8548E0A3C8D6C018E0256E6FF2D5BBAAC69B5A7E8F649FAC8F1E89C33445AB8A
NapiNSP.dll,BD79D40AEFCDDE1F962590EAD0DEB71620442FD47FC65DBAE21625E603D47ABA
Narrator.exe,69B8C93D9B262B36E2BDC223CC0D6E312CC471B49D7CC36BEFBBA1F863A05D83
NarratorQuickStart.exe,E0CB7C907E4FE45EAEA60DDCC1200FC3DC1743CA188E578DC801E52A72711A05
nativerd.dll,7DC46B7C15F82ABAE611E21BA97C4C43BB100A025FC5308F22B5E0F1895B6341
NaturalAuth.dll,9C7EC8118B3550829215665F2C7D537E691BA6035432CC36834039D8D64D8A60
NaturalAuthClient.dll,B621F0DD06013E55A308F75271E73A287676DA8E6C10ED5E534E19815A256319
NaturalLanguage6.dll,B97F322C8325F3373CFE497297C44AC8DF1C2A0102ACD4D941BD4CB17662D7AF
navshutdown.dll,063FB595BFFEB371F59195F3C005753FB417C823C612C0A54623DA5554C476BE
nbtstat.exe,6210FA6ADE115DD07409CFAE21683B1772D6D3FDB6B438814CACBD3588DAD9E3
NcaApi.dll,FAA4B5CDDE34E343BACE5FB6B560D10E2F2DBA0FBBC9F97D7E8E01F8E3512E40
NcaSvc.dll,7B0187BE9705ED2F925616C13B3744BAC0A9C96B21BE503D96BC9EE7EE125B33
ncbservice.dll,3022760F2DB65A4ECBEDAF0E60BF2733391ADF2F323014693BC6735789578E06
NcdAutoSetup.dll,F853F526C811893BD40B1124BAEC543099381E7BF091729B6A6665DF3CE10B94
NcdProp.dll,8251FCB4AE7D2EA3A52F67204CCFC7B0A2BECB9C2EB1BDF3D363AB81F2470BE3
nci.dll,ADB2B2CCAE3FE994C82F993F4F127DB04BDFC10EA88F1ECB637E44C512696597
ncobjapi.dll,56BB8CCDE32C7232A585819CEF11D9E5612B4C58D4EDC2613551AE2BFBBE1A41
NCProv.dll,F4FC3DE6FEE1A50CCCF39402CC385FA304F18FF1235753A6E37792A69ACE8BE0
ncrypt.dll,B3CDC7B20F3D98DB19B18FFBFA8BBDF8DE28DE529B61E8840458D9AC952178CD
ncryptprov.dll,ED9D0CD89F36BC3C75C0B53B7600BBC6AB80F281C8041D812F5A90FF1CA907EE
ncryptsslp.dll,1D913FAB8B3EC98073964502FA931657BA779EED9CA8FC96519C12171D5A6C7B
ncsi.dll,9B221EB0322F301A1229BE4BD8A455AC7B4EBCCE8EAB212330EF716CA6EDB63A
NcsiUwpApp.exe,5A0B29398D7AF20BBA323C0441CAA6C0136D8B6FBAC963AD5BC1C3C22D3F20CD
NcsiUwpBackgroundTasks.dll,BDCAA35370FC0692440277964081BA78DE48BDE9B5B4DA880BE5C2801232032B
ncuprov.dll,F1C24DD350273BA1745369695F10957F5AB6D303E72E8C80D955B5A26F1295B5
ndadmin.exe,B58000D458791E2C9F0D539267416E73825828DCE1C3A851C245C7BF636DB890
nddeapi.dll,CD842273A78BA121BE108A4FFA8D7BCF25823BB1872A859E8AF49D9D6CCFB880
ndfapi.dll,4FD8F107C097C96645D10A3067D9EADDE7B5CF4ACD9A87946183AA1E8D36629A
ndfetw.dll,CC794C46F2C813C151C5BA87C8107B17B379673E340B9AE763FE0D53E5282535
ndfhcdiscovery.dll,EA4BBEABE469B3415E81866933BF070A83E86A6F46A7A288E8F84D9FD818F23C
ndishc.dll,3CB8E4A61F86E659FD099C52F0E94D8139CFD9AF259E80777CD94134CEF19108
ndisimplatcim.dll,5C01795D370345F1E40C913F1708EA7D2D3A16768FA256813511061E2F18100D
NDKPing.exe,E2E6EA04DB42F5ABD29C767681798B070A25B0768106689E36613B2E3A810170
ndproxystub.dll,2E48FF636E2771DC2BD6DE2D0321B719F47E192730FA52B8F5C2517289877C83
nduprov.dll,903F04D5183F40822AFD57B551799C972501074F28057699C95D6F6A9F8C8072
negoexts.dll,F4FD8A098C641E774E211C0E8EC76D9BF872BBCDFC14E7D352AD5296BE07EC84
net.exe,7C4C7725E266F12ABA8C50FD1598D4001201BCA0E7ACA901508307E365AFFF42
net1.exe,AF471EB89C25CF2DA61FF962D3D8F6DCA3F7A804CF5EB0C473DB1A16888B4CC3
NetAdapterCim.dll,635A323B2D0E035A32F9F4330BBEC1F51D244CB386B44A096554B23E78249115
netapi32.dll,DB22F0EBFDCEF292FF805457B607E16719562CFAA6DF4CE268E12A960837F9C1
netbios.dll,B22EC08C746AB17A2E95D72E74F478BC875A049A46576458F4DFDDE4FCB1B03D
netbtugc.exe,36D98BF2278BB62ED2340545CB0D5C5DB25597445532F0B1F884A44E124F3D49
NetCellcoreCellManagerProviderResources.dll,5688E147D8C5E570DEED96A8971DFE7DAB6C93B3B3FFC240507DBDB129725BB3
netcenter.dll,57A8D51F506368A40E8A47A33A4B5DE673D91C8C30F683BCB240C284DF719F48
netcfg.exe,EAD06F5F5EB67FDF1CCB25511D6D7CA38DDD307B4499274886E04BEC53F1C76D
NetCfgNotifyObjectHost.exe,4AA3B4382067841FD02D4778BAD973DD89E43F22B08A0A3A27FF463F01540E85
netcfgx.dll,0D23E13EEABFF7C6AA9B2FD645ED30692ABDC6FADCE0EFC5FAED3122CE8CDD3A
netcorehc.dll,A57F621F979DEB15ACAC781B36DB52AF24233E12D83C9F858FD8EE8FBCFCAB3C
netdacim.dll,970EF32B5D788F41A7770533FAB79C70C4EDDFE66DC3BFC173687B3D0D3D80F5
netdiagfx.dll,9CE01EC273F6842D4CF34F2D68FE96E031031AE07BFCE67E95E0483D2682F7B3
NetDriverInstall.dll,EE07F816BED17F28F6F423DADD55678035D48F7857B46000D4C98535785E3231
netevent.dll,BD21573B6554300E6DDC77269FBE7BEB1D32A6AACAA3CC872703AA0F73E68D66
NetEventPacketCapture.dll,CB1C76A105ACDDDAABF5514C6EFBF5616BEA657E52E65F54AB0684579E35FB99
NetEvtFwdr.exe,D0A85D5D71C08149325E4A2D34C5C42DE5505B2790A96880BF839B39F3CAC717
netfxconfig.dll,90E7F0D6494D8FD9F7381E451F8D4AE2F0B8B4E5CBE3F377BE88B351D8A886C2
netfxperf.dll,73C96BA9922BDB1244E0CEB4650DE0EE961564523E6247B30EF64D9D3FB11AF7
neth.dll,2E225340E39ABAA2458585573E63E5A54D75228D13B8AF6FBE608CC0D0C15378
NetHost.exe,BA3426F2B9C5B657F38721BDF7AC3229804597544FF5F4096D9F858AD00C8A3D
netid.dll,CCE22B77A258A6E3127389B7EFAABD1179CD7301B3411E940B7A33E7E8523F2B
netiohlp.dll,8E46757220CEDF1AF1898496BFB2A93E50C5FA9A225B2A770991AC9B14ADBCCC
netiomig.dll,631EEF5643F37BE6D0D98452546BC837A5EE7FBF4F96850CEB87D15ECEE63FE4
netiougc.exe,E5E48338D83F248B77C44E041EF590B4CC1FBB05CB3C72BD65C85B9687D9AE4A
netjoin.dll,5BAA5F3383AB68EC1225E4FFC45088E7FAA2ED04926796412AB4A8493AB5537A
NetLldpAgentWmiProvider.dll,ECD287A457A33E288C168031D22D45005C12747E67C442A30B1841DF5912AF94
netlogon.dll,E5B0BB7F439147FBF8C29F7D0E0B6B2F220A11E169E0031F6C4D711231C96505
netman.dll,4AB8B86B076320DE116F42DACC83DC95C635CB32392F3EBBE0FC64F22E7BF70A
NetMgmtIF.dll,2BCAB5FBB9DB9B8FA23312AB87BA1AC330476E5C6179CD5D9C37D480B11C67EE
netmsg.dll,02B02B7C2383551192918163D8DCA29F17C0AE86F4CA82E3F93485A0EFD51802
NetNat.dll,7536EE785EB521C196A2F2FE781FD9320F2B7B1EE03E41D5F0D7DFD45CEE0D59
netnccim.dll,BE903EF499A337ABA36899E2A224C5356098D9F877F3A35FD5E2F74C4D61A564
NetPeerDistCim.dll,4637FCD7FB4416D2D98133B66CC51C936BDCF3904EFA7CCFA2D085AAAD9B8535
netplwiz.dll,95E223C29620FC983158478C2387FD64DC0032A1C6A067EDA1F84B7E0AF31668
Netplwiz.exe,223ADF0652426B95C10C2081F185AE82FD96BA1DE0AB1569913809922E5765F9
netprofm.dll,1546440B5A2ED8965CEFD16FA56FFC7217364AD6AC6E02B6C2CC6ED62DBA9F13
netprofmsvc.dll,CBDA9396131D9D0DBD5FDDED2D42C0CE79835DB0A73607DF517BD088E22D5E89
netprovfw.dll,0E3217AE386D4C354F760CD6FBAE83F63B5E787A6FCA539FA654A973CE240403
netprovisionsp.dll,760DE58D256586CDA235FA676E40BEECDCEAA7CE7E664ABB686AAD328DC4DF03
NetSetupAI.dll,732065E6923D3255749B385F029751FBA5A4CED35C123387713223325A9BC009
NetSetupApi.dll,5FB831A59D2E37B748FB19D4F852F30E93C79E8F46CD1842E500DDA6ADED9FF9
NetSetupEngine.dll,302A0AD05852D8586BB221DC4146CE4C44EB2CD069F507EF82A2775A6C3E4A23
NetSetupShim.dll,4F04DF442B5BC4BD307FE6CF893260F8495DAA9CFF8E9537084A5732066907FE
NetSetupSvc.dll,335857359BEB61536819C9BC489C666C3CC103CE048C0DD9B80D16112D39AC79
netsh.exe,9EFA9DAFA09AE9BA6390A8F0F6751006C18A98B6692667CA08367CDDB47AC634
netshell.dll,8D4CB00C20217A4D1909409457A3EB1DF34E71AE4E5CEAA185E83ED5953CAB36
netstandard.dll,A6C285224CCB2CD3D70BB5F25A4011BA5C26F29249F58A7BF8EC2759B13B6DC9
NETSTAT.EXE,5B0C639E4B9916D7EE58A75587CF5BB8D6136BDF2DEC95537C1765720C7B7CCC
netswitchteamcim.dll,44D13395FE3DD6B5ADACBF76F0987F9A5DED30F9FE5CBA0FEFB5AFA9052AD3BA
NetTCPIP.dll,7E8711C515BC85C582B8E10CCB3A4EC853300EE99831F6D351817F1EA5A0344A
nettrace.dll,C9F4007A593FB9693F8E31E7F77CD2B47750B771D7DA506BC8CAA08DEBB071CA
nettraceex.dll,B6585545F8F14E384EF6F5B6EE1B69441719E4BE05A1EEC3227391F7A4E93A4E
netttcim.dll,7BC03583FCA30A2EC600DD074DE4D83D7BCC63759095ADD6150F6F6C6382E3A2
netutils.dll,C3B0ABFF9294EBB0545A1295F6DBC483CB0F29BEE1647917A2897B1F088E2B6B
NetworkBindingEngineMigPlugin.dll,4C208B6E0293056D5FD4EE21F3E3DA3F347D0FED94770FE95309167AE8AA33A9
NetworkCollectionAgent.dll,EA472691F315BD46F8B9A0620A873012D1FFFF80B5DCB2B4ED25B69F2C6EF9AA
NetworkDesktopSettings.dll,834F343CFDC3EABE9A4F9920C45C0D52589CC24CE862F66E81683A0E1123A6D8
NetworkDiagnosticSnapIn.dll,818DD25A449FEB9D30A108550940D3729FF1C83A8957049AA5E5EE56C89573DB
networkexplorer.dll,EECCE2D4C07D513D7D69176135C3DEFEBB32EF3217DF816349B41B8AC47AE255
networkhelper.dll,2BC71DB8F3682611BC03BE9C113531CEDDA46D1BBE61CAE00F9AD891641CDC2D
NetworkIcon.dll,5EB58D52D969D941DAE213111B45BC22E4EC27B978C9727C520D33A8DA0BC77E
networkitemfactory.dll,8128E0FF94BC7EA75ADA12859E200938045D39286725AD4F7D3765326E572A70
NetworkMobileSettings.dll,07101DF4F865D715AC9EB9A661CA00CC367FCBDE3A1020921BC7CDB65142C711
NetworkProxyCsp.dll,524F316C8FEDE4A49AE23BBE6BF9710C9076B2B6FBEB6B32B4385620F4D035A5
NetworkQoSPolicyCSP.dll,CEC58BFF0F421F15FE8A249F730F7EBBAF5E8C1872C3CEB1256B4D103AC6A8DE
NetworkStatus.dll,750B8F23FC540031E979B298EBD26E204FAE1B92C26FF97AB27FF819DED813C0
NetworkUX.dll,4DF86D0DEC7EC4BDED8D72E683082D48EEBC2C76CC88EED580C3378B2EBF3025
NetworkUXBroker.dll,0DF82C697AC01603A35BF2D9998C26EE6F06E673DE162EFBF9F073DEECF87CC1
newdev.dll,4D1F02121BC977D36DB3FB89C7828ABE7BAC66CA59D2B1A5C23A99C84F0F932A
newdev.exe,7282CDBEB71F9ACEEE4E8843054B1AEBDF47893439CDD2EDC61E6349B89FD423
Newtonsoft.Json.dll,9971A73ED6FEF8ECB71BFAD8C6516AE7FFCA18EB95F18E5A36D57A75D227C693
NfcCx.dll,28DE3BEA210167DC0EB137305B012DED4E9BA5FDCAACCC61A053B7CA5C2C6AAA
NFCProvisioningPlugin.dll,B06A58047358326ECD0AB2033A748532F6458BFB896951A88FA4011D0FAB4B89
NfcRadioMedia.dll,325F36538E2B1EC94442CC62C0A0E9971A2D9DF9239AAC50460E65A67D01D155
nfsadmin.exe,461C71A1DCDB8279077C21C770FCC3AE60483C02B6105073D9A6328AB3DDA834
nfscimprov.dll,1BA5319B2AE44BB9944C5946EA54597FB98E30AAA10E5322F2D8BB8655B52FFF
nfsclnt.exe,05F0B2A38B9C920AE7CEE4AAC5211C64FD8A418FCA2CD6AD71A54F7FEDBDA32A
nfscommgmt.dll,047D03A61A702E1A605FABC8D3A90D8A505AEBDEA1A11491B67326E8776B3EA7
nfscprop.dll,17650BC99E306B7205610A5D7CE085990DF66C9070F45D6F322414A22C531AD4
nfsnp.dll,4F60B070641A498BB754B1CD5964DFEFB6954914E13E63909D9ACE987C01AC43
nfsrc.dll,77F746F28FEBF58B381FBECFDFC52F274D1FCACA8A92DB108437C1D5E8688AA3
ngccredprov.dll,CFF3A11ED4C35A518420A1EC42FA7F3AA378AA6CD332D8DB60EF441DD3B5CC74
NgcCtnr.dll,FF9A03E54A3043AF7A5ADAE897067F6B19540379BD04A935C03009DBA5D052F3
NgcCtnrGidsHandler.dll,14F8ED13CF658D4ED72272830CC2FB50404D49060447B7851D6404B8655E2475
NgcCtnrSvc.dll,DBB52A8E41C67B6D2D3F9522F426C47244B0A6E90C99522278DAC1F8E8E2491C
NgcIso.exe,BEBC95D47863245293261DDD67D273665CD485AEE4DF8562FE35E421925EBC4E
NgcIsoCtnr.dll,94A41BCD43F599489525DE8EDC3CD8BE76558B86EBB6A5ACC5F4A3E6D89C335F
ngckeyenum.dll,A205D8490074835362F980972599BC3F6D6C9B6DB9DF57919728140585F5D821
ngcksp.dll,0068B8B080012591160B48A76267E0E5BD6559990D1DFAAF249A8855F3C64CB1
ngclocal.dll,4E8ADBD158B6970F4EAB5E5BCD9CBAD3A84CFB4E9A72FE8F4A34DC4B83CE45DB
NgcLocalAccountMigPlugin.dll,4445DAA4B50A685717C29789BC741C04B569F3C91F235FC1A186F508D2B3801C
ngcpopkeysrv.dll,B8921FB97D55A6624B1B2EB939A0CD872125DCA2EA81FDC7344A193486BBDF7D
NgcProCsp.dll,5DD005AC023387B35A9E098DF3989667AB9FA44F19A6A17A7C2ED80F20F95314
ngcrecovery.dll,1FA5C46140A18D21F9F1097A362A9FDDF66D2C4CFAA28E5385A305018A38803C
ngcsvc.dll,8B249860C8E10367012C1C554DD413895BA402C473997EAE3E9F1CBD2B02E15A
ngctasks.dll,4BDD5799551B95EAE1BD1462F9087EA921671921F0C4DDC4CCF8C33D91B58F0B
ngen.exe,764B4BD62D6F2DAAC1D2FA28B5CDE02B0F33E0C3929C799BD009169BFCCC952C
ngentask.exe,6B63BD59BF04B307AF820F2C828B532A6FA0FEAB6328851F16AAFCAD91994B93
ngentasklauncher.dll,A87562CCD6806AEB07A5474E4ADE55D259948E2924871C1DBB6BAF9AF67EB689
ninput.dll,7E59572C1C0F1424D3DEB0A08C31C812CAD98FBAA781FADFE40552FD1EDAA55C
NisSrv.exe,E0A5B312DC2A130E2CA129FEB36F4A7FFD189D1B079A5A96E56A4B81D07109E3
nl7data0011.dll,C80B66A9027F8CF875BE4F026B1DDD406C7D14AAA00575C84D7A041ACE69D2D2
nl7data0404.dll,2BB8311507CB257FF2597C48473947DD2C1B130D347DB66DD6113C99B40E83AD
nl7data0804.dll,358D9843DC675EBDB56B3E911A6284D172699D0EE8B3E49603E5DBAC286E5F79
nlaapi.dll,B325CCE02C70CD7A4D296F0BA88C9F0AF4942276BCB1F215B1AF625FB0536AB4
nlahc.dll,CCC2C94E81837FB8F2A10C240050F0C6EC5C2ACA2728E07C4B9A72353B7D9270
nlasvc.dll,4066BD564F7CA2CC51A736AC593BD6240786D1C72DD15BBEB668DA94AC630738
nlhtml.dll,8536695EC7FF1BEA4093905DD1A009877E80DE2FE111AA759504739CFADACD68
nlmcim.dll,4D773BDEC13FB18A25C81330A8B04D8D0EE3D97F0A6D84449072C65D920E9100
nlmgp.dll,559BE5F34F74FC1A186024AE2C0CB48B7F2FB536E16D9C6DEFC247108F44FEAC
nlmproxy.dll,4F6078ACBBEA63BEB4190F191578BDA0879CD2C648952244804F5363C953D29E
nlmsprep.dll,A8E99B4A5AEA5F5864FE4AB493FE24EE69A10672037C798F5C5BD16A3184E2A1
nlsbres.dll,EDF4DF7AA58E0CF53344247DEF1D532BA3E1FA45A9509A6F9B2B21026B800CB4
NlsData0000.dll,A66C4F346D0B8EC07D6A861DBFDEF315E7FDE01D5CA43EDE1A6F5E643F74A21B
NlsData0009.dll,B97F322C8325F3373CFE497297C44AC8DF1C2A0102ACD4D941BD4CB17662D7AF
Nlsdl.dll,297B8FD911703C1DB8B4E23DD400D8ABB14DF4DD729B651E6688134C2A33051E
NlsLexicons0009.dll,B97F322C8325F3373CFE497297C44AC8DF1C2A0102ACD4D941BD4CB17662D7AF
nltest.exe,008811F6ABEAA1E1D8E21F24F496F0C7FB9D3B5CEB3B9E9C556FC8FCE6F4ED64
NmaDirect.dll,A624771D86AE7507FECA68D39986FCB9B9F0197715B4355A1DF87E51A0FD4955
nmbind.exe,8D4815162E5E11FFE1FD028CBCB36912E363DA179038D67905F2EC170C3E15CA
nmscrub.exe,3CB8D050B4A7D5465A7B39FD1C39185FF28572B596E2A84653DB3DC1CA3E6E7B
normaliz.dll,C9F0F92E99FBBA0D0337E69E1DB2AF3274E9985B1D7163E21F12BBB42A4D5EAB
notepad.exe,F9D9B9DED9A67AA3CFDBD5002F3B524B265C4086C188E1BE7C936AB25627BF01
NotificationController.dll,E85DEC01A44A51A68FEEEE5EC072C40734A0CF2B404F56C09644E242FC6C6FC6
NotificationControllerPS.dll,EF616BA9B58A2DC28926F4401606B7249A41AA55F018D2E22B09884B7091A81F
notificationplatformcomponent.dll,A0856D4D29DD92369D9C97E4E6FDEC29FAE811E058CB39F0FEA4869AC9D38C50
notification_click_helper.exe,F00A3A645B40D1E647E7924B30D8FE00B26410A26F9A9A058633A447BEEEB037
notification_helper.exe,5FA12F62874C8BB697A6F0FA39770CAF8A163262460068BBEFD2D629DF364CEE
npmproxy.dll,2AC6D41BA7AE30F79ED92FC7850FAC3C50C4F8EDCC0A94F2CD7BCEB13BEC44D5
NPSM.dll,E1198B7D5F186149AD3270445788D927BA23DC7869EE157C1D9537C6C6BED06F
NPSMDesktopProvider.dll,683FDB2DA8EB35DBAED8CF5B68DE05B47C089E010EB2A117663C3CAB46EF91A0
nrpsrv.dll,271C96F154FDB8667DF2231988C9E66B8E7D5A04DC3B3ACAB1AF48C54631B010
nshhttp.dll,8B23A9546C415CD1F85BD76636EC3BCE1D3CF14591428EAE07AFD27ADAF42D0C
nshipsec.dll,67D2B0FEB4B30E688F259FB35D474F41C0377A7D538C97DC6D80AAADD3177C43
nshwfp.dll,27D777084F73723CE2C8BA121952BFBF559C606222B25487BD211CA10AF5F9D3
nsi.dll,3AE97808524D29A6C8714A3A633CB338DEB82C063B99C91A263238D79077E495
nsisvc.dll,85449DBDBD24D72E0BAD82C81306F5AEC18F7CF23631BCFC09E8AEE4C7C646BE
nslookup.exe,531A1B65E4E3869D65D2EAF6B07C92A34DD6FE18ED9A647BD1A257AB3D0C1AEB
ntasn1.dll,8E449AA0D4CB0C3A04AAA19CF9D2E8D35E27CA7BCFFB656747F2B991A5265F27
ntdll.dll,352D9F7ED7F0D463AEB21597D6CF1492DF34F622027A853A6E861C54434E6CAA
ntdsa.dll,2BADBBC8E2C42B02A45AC8C45DA3A7B70CBBE27A7442A10E92B97DB162A7CECF
ntdsai.dll,70E7A6E7270A724814A2EB1A94AC2B75F32CA4C94DF6F02DC193DC152D30CCDC
ntdsapi.dll,112AA5196FDA273730722999B44756968A148F73D7BE4EC7CA8CD7EE6A56CD24
ntdsatq.dll,5BD04C9DF3AF788C69369B747DE389CA08578D033BF4191BCFEC5131B9E6F3EE
ntdsbmsg.dll,BAF1E5953CC4E35088B3A564331FFFC077A46F40D6BA4983E7AD37971D66C7FF
ntdsbsrv.dll,38EA042FEE0BCCA2B0D7217FC96D806931C5CECBB8D18141D4FBC286954E48F9
ntdsetup.dll,AE514CCD881AFEDA3EA6EAA6EC314FC54743AE776CF2E649EBE84FF6F79A098F
ntdskcc.dll,95E054FA56F6E510B6C040D42031C729C4918E9E9B68CEBB1FB0D6F3BC0BF27B
ntdsmsg.dll,D163D1BAA89B36CF29579F35BF505A7EE0968F7F19B344339BD7233D4EC29C90
ntevt.dll,5372EFB5014FE0DFDCEE46766560EC571A817F1F3F715EC9BEC204C939CF0264
ntlanman.dll,2F20E738A6269DBE13F31FAD3A24EA4EEF64002D5A6AB70F7708A89F648CA67F
ntlanui2.dll,328809B346F221238645C9DDB91716BF9DD95B0967A89F186682934E9625CA6F
NtlmShared.dll,5F59B5F50D9F724AB5A1D81976C851342F36C4C466C4CA6D37467885F44971C9
ntmarta.dll,9E6B8D53EA68A6199E30F85BE720BAB7C31C9B1DFB451E2D280D8033B50D0085
ntoskrnl.exe,EACE65A06BAB6B67461ED29783CDE9367C3DDD2A31B2594C59D22D77460D4F4B
ntprint.dll,C56AF8FD55D0A9621A014233C70BDD735E93F58E5A412767EAF961BA2797532A
ntprint.exe,959275D9F5F68EDA2004F35C69DCBA3BB28709876247654543BCDEC1512B2B52
ntshrui.dll,88B2C1704F543D23566C91374710935791F33E46BD44B939F08CE038FEDF70E1
ntvdm64.dll,E71A683863DAFF45A394CADABF5EEF1C47D26A22DF02E4AA2A917F321B409CE8
NUIVoiceWBSAdapters.dll,85EC5E4B50704DC9480CF3ADE30D8931B0400E1002C1D3488D77529BC1F0D2D8
NvAgent.dll,74E30186A75C1BC6FE7277940E7EA3C91728DECCD3C3C4306618C348AAB44110
nvspinfo.exe,2CE6BC135A1226F48BA3617B46C0FBDF03F15C7DA246274CDB5AA93D71D6D3CC
objsel.dll,B721897F747DFC275B7CAF31FC3E0D4FB363791C980AC5AF07B0FC1272C25A81
occache.dll,91E1AAC57AC6609E95A7042639D0BB75B8652A28A3A351B9ADB63287E401494D
OcpUpdateAgent.dll,0BBE7EFCED960ACC06AF9B52736DDC81D9A593028662562B0EB333C69F9E1B23
ocsetapi.dll,6BE880F3E926B4E9F117619D161CE9FBC1B3D6A7F3012AAA04FCDDE75A3DBE1E
odbc32.dll,DCB7F89C3001A790ED3ABB0D6A48446D56541B9B5AEAAEED021A95E4F004AB03
odbcad32.exe,4D08777448E389EF4355918153FC40BBE8861B66D1F4E48CFDB68B9E9838875B
odbcbcp.dll,72DC9959AFBC3E1475C1AAF787770646A0109157585995B0F9DDCF0BBBCC50E5
odbcconf.dll,9DD42117834404D129318CCEAEFEB3162A0999260CC9747A1F0D1B297D35B2E9
odbcconf.exe,5213C43C38D85BA69B406F27FA1A2505173DEA529010BF6DD34049E9CC9DC01A
odbccp32.dll,C909542F1985D250ABAE10352BB523C8D5B235AB6EC0BC30C636B3D1C3D15251
odbccr32.dll,541661688790833EB2C5FBDA3C1E9C8EE2D9E22F6E360944FA8EF63E833D729E
odbccu32.dll,09BF15E077FE6CC2AEA1C1D694BD4B72E80F7C409F399AB09E666191307F1486
odbcint.dll,1CBD3E4F3687023E0113FA44F7BE4F14076E468F8AE32CCE7991DB644C5A9059
odbcji32.dll,6C91925960380F6B7EC465DE50BE959B56DE40C3D46B963BB0EEAEC171DA8878
odbcjt32.dll,39B28B067E790A8B487B9C0F5851101E8797F42810BA1109B809C1FFF27AC430
odbctrac.dll,1668D844C1965B7E3DF283F54BE538688F5E40F740509D92B5CE29FC1DE8C8AC
oddbse32.dll,C465FEBAEDA212DD0745AED6FC37ADA5D95EA96A41378D5A36B70805BFE865BB
odexl32.dll,7F5DD1B5305560BA2FCF0A6542F0CCD6C8B87FD645C63CB297B1D0A4492E53CC
odfox32.dll,572490DB96796606CEFC3BA05117103BE8F18B2F7864DF4CA39EB9A15D01F7DA
odpdx32.dll,0CD3EFEDD3732A376E261D47CA3FFC47235F6BFCB5BC26D41F4068815EDF2BC2
odtext32.dll,EDB7A712A89529D85EEFB45227F198C1441F14365682103C04983690D8F7CF45
OEMDefaultAssociations.dll,5B6C63F98D209DF00488C041B4252B6067AD8C334FA4EF69F41D85C8BD64FD1F
oemlicense.dll,F7323B3D3FB7644C08DBC8BD1057575E6D581043ED0E7D26235727E9B9FE095B
ofdeploy.exe,B2E95F66AB6D646A77B5D2C48B65C01E2C385EC7D40FFAD247954973BE18CBCB
offfilt.dll,3EEE6080804DB30E46A8D94CB606DF208DE5027C979AEA737445D0D43573569B
officecsp.dll,70869ED509C7BF2DC286937AD4ABDD041A04E29D3B40E80966809F44B3DBA01F
offlinelsa.dll,0AE695ED41B48D7FA7ABE9293DCE0703AAF3DA5FB111F85E56EF72E32047E08B
offlinesam.dll,4174ED73C77534A6C2108B2449011B7ABBE99AED12B284371728D632BBE39686
OfflineScannerShell.exe,CB18A4DE52E9ADD531494838FFE80FB86BE2E1F97210243FF39DCE4CFA1C5E90
OfflineSetupProvider.dll,26A549DAA3601C5F8D6A68D8B6E848A61397115CB3EFB3C3580BDEFE0833F4AD
offreg.dll,D6A9A0A13BB5D7A3A2520E830D3DE99B47D71E126113B68CDE6AE1CC32E72A3C
OK9IBRES.DLL,E066FA2980090388BF1EB0BE2827286DE84B96278F30AFE25B1514A910492AD1
ole2.dll,126A00E34A6516C0D382A221071AB4084031C2A89CCB6144CAB960CE1F86EE2C
ole2disp.dll,126A00E34A6516C0D382A221071AB4084031C2A89CCB6144CAB960CE1F86EE2C
ole2nls.dll,126A00E34A6516C0D382A221071AB4084031C2A89CCB6144CAB960CE1F86EE2C
ole32.dll,97E4541155602C572567C174ECE578B256D6D75519313651FA2B8DAB87AC3B63
oleacc.dll,D834C62B7F9E4E7404D369986F4903DC73D1D6D3BE2F6766FA7CDFA856244BD0
oleacchooks.dll,49CEF1752CFD3AB565004B3ABA10053C8DC4DE3AB4655DC289A2D5990784124D
oleaccrc.dll,3957707DD8FA57E3F60AED1181118F540194DFE3D0A0ACF34356AC410D976607
oleaut32.dll,955F57E114F0D82CA227554DE2AAFB025A73229DE49C2D74B0688799C3D1C3EF
olecli32.dll,71AE0EF82670B761DED8111FC2174BD471F327D76C522EAF90EA99EFF64852F1
oledb32.dll,B10B2FEEED5A70D75ABEE5D7A42F958295B9497A69645815B36F2C6344C0354F
oledb32r.dll,D9CEF99BDBDF54CCC11C0A4615C1B848ED312E755D06F1E35C95427FE7BAC5D4
oledlg.dll,6E39795A487EC33EE620B54E8C6088FA4E4AE9105F38A1D2BDE63E4F2260BBD3
oleprn.dll,FA9014EB34EC3ADA1BF9876579B14DC899714EE0450F63C150CE75B886BE1F09
olepro32.dll,36EBB5C7C10FB1D140C72DDBA5A11778D33DF771A81F87BD5B649B92A496D363
olesvr32.dll,764E65E4D575F90DA476203F5AB373BF93F79B9574E568A815CCBC571565B7BF
olethk32.dll,8DE5B720745B705709254327DA3626CA280C57F02CDDAECCDB98C51AE44E2FD2
OmaDmAgent.dll,A1E3D4EC373AFDD1DD4406FEBFC35FBFF1E11D2C3099763C73A151B6B1665BED
omadmapi.dll,3FFD131850EE850A8FE4F66BCF93502B17708B6507469DD8B656BA9E6C2F7C12
omadmclient.exe,E1D64C164F46BC7E005E6AD6CA6259625E695FBBAD8BCF02043E90E42D72EB93
omadmprc.exe,CB3455ECCB13E0C751CBE3CE4A2357627023D32A6C85EDA3B1911B283567A404
OnDemandBrokerClient.dll,0903B907E3FB77DC874E8DAEFBC5A26F58E38CC4F5800204C18CC1281B5C160C
OnDemandConnRouteHelper.dll,F354FABE2D7133E29DA2026DFF60B3879624B4D9ED7FC54F8EC08911D86E243F
oneauth.dll,467CA379549E1CC5D3989E5AA5DC0660320F8F8F33AF1174BC9BA0E4538C554A
OneBackupHandler.dll,1CA9B5694AD2B1C715DAEE32261CA3AFC302FA3FC28EB5AB501470EEBC266356
OneCoreCommonProxyStub.dll,DC547288A4122079F78F4D9E8C2DF9EA5680F7336B382EDBFBA977878C2F53EA
OneCoreUAPCommonProxyStub.dll,68543BF757DFE0E916B34F2905600D7599E7B095BB6D54313590B6DFFD90BEDC
OneDriveSettingSyncProvider.dll,9C3B5E855A1C64755D7B889092D1AA4E53F46A51BD09907D7AD99F9D8764C937
OneDriveSetup.exe,94273EC2DAED031ADB6A954E5E49B29E61042D26BFBE074AF534EA743F54460C
oneds.dll,6AF2AFC227A0382CB9929427A0E2443EFB5E1AA11C6BFBCC9CB367A0976135AE
OneSettingsClient.dll,66790588B9331197688625A15CDDE5D9548914D095BC6E2F69042DED109C1E46
onex.dll,9C9E23C1EB86A5796A5D3D1C068C39E8EDB3DC409D6A4E86FFEB1ABE030C7B01
onexui.dll,679CF6ABB8AEE4CF5018486D3DB6AE60914EB91FE220412A93C056F1DC8682C7
onnxruntime.dll,D8CEBEE1BC7C86F8384AA2E9119C25DF7744D6DA3720CF6E45585EF08B9E9370
onramp.dll,DDFD94ECB0057E6E28CE20BAA5A96DA14EB79A237BF81AEA6AD304D5D786ABBB
OOBE-Maintenance.exe,5B9BBD5753FFA4CD5AC45A8CB5FA93ABA9F6D0455371088D7ACC8D41D5074079
oobecoreadapters.dll,CDBD259AF0C9E71F425E6DE93C7B8A3CB34A11D6F376B83ED42971821F3C7FA7
oobeldr.exe,4DA4B3E7B67962FA434507486C78184350E1AB3EC7FD6B6EFA7A0240818EF96C
OOBENetworkCaptivePortal.exe,D450E23F4813E5E059377CD7CBB4BD459930266980480BC161F8720E1330742C
OOBENetworkConnectionFlow.exe,E96EE7FA4C6EFD9558B8BEF071A93026B0A8D07D943E349AD85DBCB2BDB66A67
OpcServices.dll,7F71083DBEC9994110FC05FB40BFC196F1B50D5C5FCF90B7A2AE8E1A5A90E57A
OPCTextExtractorWin.dll,AA27EC584342363EDFEF0EFFDC3A8899D8AF30324DE99635AFD78B6312A74CA9
opencl.dll,40697B1F9A38DA76CBA15578CAE9C6C3760CD5A979D154726F6124D9F00AFA75
openfiles.exe,8C8EAD6B2FFF2BECE455B6B43BE47DDD177B5803F1CE9D0AB7CF5F23AEFC3221
opengl32.dll,CD79A2AC6264E17D2F61BFCEDAC31BE9CF1E5AFBCA5948A5316CDB7C24817506
OpenWith.exe,CF70792BFC6FC236091237BAD043F0BE6BD398CAE72AC97346E471DF3D118031
oposdrv.dll,FA473E4AA51BF69A4023A9C0D33A0E3EA3AECEA6C487FA45DB5E40B7CAB8A434
OposHost.exe,ED1854856CBA22769623F6242683D493B179802BF9E7F0E931090EE9200C9E19
OptionalFeatures.exe,FA2E741416994F2C1BF9EF7A16B9C4DBF20C84267E3DA91AE6F1AD75EE9F49B8
ortcengine.dll,442B5A0F536CAE880C12BD4BB23712B5CC80EFF635B429EC6948D4EB1A9A7B93
osbaseln.dll,368E12F9C2C3E7EE6AC31E3442F0D49D07832242D4F1B255A8AED7601E6FD105
osk.exe,F3801A05648F28A89856DECB334089C3D4286B7FD74421C10FE6959258520550
OskSupport.dll,60A7D1EC0EAF1FA3368351942F6BFCD773101B569BA0F3FD986127500514F4E5
OSProvider.dll,967DEEC655E5B5D3C19B07C77AA101F37D1E46FE8790A93556B606B5809B5E90
osuninst.dll,CB0A77B72D6B2B32719CD9FB38C55650259437BC8271ECD4EA382352B096E6C4
P2P.dll,29C36C4CD7D6B25ED8D968FABC5A1BA8E23433981A2D076DE533F9BAF06BB7D4
P2PGraph.dll,FD1B8D2A84432646BFDE4B833F01C86DA398DA06ABE1CF4E9A7D70A06E43A0A3
p2pnetsh.dll,B6C535DF3BFE4C3C571569328994B17CDF575B14B16AF98C4DC3B7471A85B8FE
p2psvc.dll,0F461FABCDD9C23E78F5100E090F3A3088F16EE01480F8F0FEEE04EA78AB0320
p9np.dll,3610240CBC44178353A6045D85DA0F354539052ED8F809E53C262CF68F0FD65F
pacjsworker.exe,9E692972DAEDFE27DA7B6EDC795698B42F5E526557A5E7230B2FE70249AC8498
PackagedCWALauncher.exe,22401DE528F379922A04D7B8ABEB5F4E895AA2064ADB700B28BFB4496C15002D
PackageInspector.exe,FCCA28D6E6FDD7C81B0935E96077E27A96762B08FBFC9692093540594BCFE52A
packager.dll,D114AE851EF8E618C7C5D5792037ADB9C9EB297084C8EA0A6F643EFB6E446ECB
PackageStateChangeHandler.dll,E806705F98659CDCBB6B03059BA9F08D048F4DAC5DA37351E54B5BB1BC9FE107
PackageStateRoaming.dll,0B41B1D68291D6CFB4F5C36B8326022E4873147CFDFE6CC2A4601F08E15A62F9
padrs404.dll,00D4CD8BC4D4EBF6ACA94223FB28E85DBD946C3495740D624B41E6151A895825
padrs411.dll,C4DB3DE069B57F448AFF7947CF6CD83E22B789CB354BCD33E95945BA9ABAF9E6
padrs412.dll,9F49F94DD7769725615181656442C4FB35FFB33884EC4F5F3B262899226CA439
padrs804.dll,08789BB203E8F7FEC7CD65437BC8558B143CB73322122A009407E7663BC9D791
panmap.dll,D9E43C79FFFD6B50B41D46BEF88A88764C767EC3C22FB971C22C71F5A87D4AF7
passkey_authenticator_plugin.exe,F00A3A645B40D1E647E7924B30D8FE00B26410A26F9A9A058633A447BEEEB037
PasswordEnrollmentManager.dll,0BEB69BC306507244FECD8E4C3F30C783C2E6AC30F66C0270F0D2BDB6F6FA2AA
PasswordOnWakeSettingFlyout.exe,36F5EEE6132629D9DF4AEF052FF5AD3D44BDCDCCC006F78EA35C46E3856622FD
PATHPING.EXE,BB6753327AECDCC1E9C44E75BE44AE94FEDDDABEF038411D510D861A1527E79E
pautoenr.dll,290E454CDB99DB808E3340AA1B8A156C7F0B4E7BE87C0EC26401371C71ABCB56
PayloadRestrictions.dll,402CE27EE20E552E9A64488B64E139834626B4FCF09269256B01CFAE37854C42
PaymentMediatorServiceProxy.dll,D2384E7DE710F53920A689727A9DBDBF2DC1FC6382B22E9834C39FC9992D7491
pbkmigr.dll,C7BFC2171F036B455C734F67FDF4276A1F5518EF2E3A3DF1063F065899D8EF9E
pcacli.dll,85BA925D30E483314A6CD32F9AF973944BCA99161AC5FCAA2F69E69D1681E69D
pcadm.dll,BD2D6FB763A80C3DC44D1593A94432362B402399E59F20D509CC677FF682527A
pcaevts.dll,E9E21043FA81E2E86B75779429F5F39CCCDFE4C1507289F7D98169292206C169
pcalua.exe,BC5AC65CD67F1B934B1CD2FB2735A5BDDEB54CAD5745EF33884EA808D37E9643
pcasvc.dll,0C0AF250106EC1E71C18EEB588E99344D2522767EF52D7035D038FD0EDB84541
pcaui.dll,228036D9AA0F7293882039476D0D8EF35D1D9327F42FDEE716A25D6A3FA762FC
pcaui.exe,ACF53D8F3C8EDDA9A68D8915EDF64FC9F289382FD43A3281F7B88A794E70FBFB
PCL4RES.DLL,C14121AB4AA72D5E7752B4A0CCFEC5956DC973C427178C548B3EF75FF692D505
PCL5ERES.DLL,EA519D5540882E5225FB60F35EF0C5598EE778E16FEA94F8B9D3DC9522744DCA
PCL5URES.DLL,858937123DFC85642E9B44479D2D18EE3323BEF051581B4C352B379B59AB27C2
PCLmRenderFilter.dll,63D1ADB6F18F8B939FE1481A65C2E5A67E08E6419E73DECBF68967E43B14FC1C
PCLXL.DLL,9FED0031A4FB07C5961A368767BF28E93F6D9B5C621E8EA2858EB81E707C285D
PCPKsp.dll,E2036AC1C8A939C55C385DD7C14D52E76F076616ED9A6841DEF57BF1C577FE35
pcre2-8.dll,A168D4F11DADF16EAA8F01E064A4AA6E8DF9EFCB6BA4E2A8E158FBFA25CC5261
pcre2-posix.dll,F9639F22797373AA330F36A1FE05CF7817B2D8943D7C1E8D661DEE37B9747638
PCShellCommonProxyStub.dll,EAD90378AAEE5C0660E817FA92CB90035D14D5E26513011D2A14C4435DE15CFB
pcsvDevice.dll,790BC9D3931000DC44E9644D410EB2F7FEF20116E10D04236CB84C7A0F153D9E
pcwrun.exe,8F278E0E5B2E49CE14DE28017BF68550439914332922DA67D0311791C657ABB6
pcwum.dll,AFACFB9F54C043B9E878EFC61B243F31EA02162F89CB38C40BC30E13EB3A9C06
pcwutl.dll,26ED9ADB6487E1E44D7D94C8B62CF1A4C256F7FD0A9C5C6136358117C55142FA
PdfPreviewHandler.dll,9FD45C329EFD3234E55E33E64AE714F280480812FE222F22AA0B562C11619CC0
PDFRenderFilter.dll,5F54E49636F92D01FCDFBB95BBA0E1DA57A43770527FB2F140B45F24D2CC1E48
pdh.dll,571707C0BE57540F60CF14D16C439AA27D218D15F54A52BD013C0182B0A73F67
pdhui.dll,9ED8B381F4893665688B013AA797AEC996CE5E5EE069AA1971308585764CC56B
pdm.dll,35543B1D2B626BBD54CBFBE003C52AB55D839B6AF153DA539F8E785BB9499CC7
pdmproxy100.dll,3D63B81BC11D61F2F6C55232E61DEB831B489A85298B93685A150AB90D2E9DAC
PeerDist.dll,E6A2338B05E149FAAC06D5B2B6EF5E95400914B57A88AF76CC82E57A8283160F
PeerDistAD.dll,4E2E942E4ACF4F540413697F7EACAD6D6763BB3BA290BDD326624CA4345932A1
peerdistai.dll,6FD805683BE7CFACE66B281CBAEF8D97903B067DB52721D9504AC8825A0F535D
PeerDistCacheProvider.dll,551DC1F1E0F0A6B38A070940299E7082C63279A441CAD2EF2FEA3A419944C0FC
PeerDistCleaner.dll,A26A321ADF117CB330D0577CCB5647B88E74E447CEF69B72277AA728ED690DEE
PeerDistHttpTrans.dll,32B03DA61358830735203D5D4C736A9D3500C26EA97034FC2E4EEF8451D566CA
PeerDistSh.dll,01A6E8AA72EB29070E4FB356F9894586D2A0A1630DFCD7536407FB70F984BC83
PeerDistSvc.dll,DBEB403C2DD8BFEE323183F2789EA5A76E47B18B2342A966EFED6A64FD877DAD
PeerDistWSDDiscoProv.dll,FDFCB74EC3BB4D59E7E9D7372B0DD485DD9265CAA81FE86FE4FAD8E54AD67E65
penchs.dll,C78E773DF9D28373A60281DC3A5D5D8C89C5C2674E5DE1007F6443A498C3E3FE
pencht.dll,C78E773DF9D28373A60281DC3A5D5D8C89C5C2674E5DE1007F6443A498C3E3FE
PenIMC.dll,39B85FEC25CD47D2FFF76D925344EB1F9B6F39445E17CB9A7CEA149A77D4B181
PenIMC2_v0400.dll,41274E28E2979B4A5E8E20720ED8E4040002644B214D9F9AD0AF29114B019D47
PenIMC_v0400.dll,8BB5AE506E3444C45D2F84428DB88BAFBC14CC7573E559A3E0E82EFA5B832758
penjpn.dll,C78E773DF9D28373A60281DC3A5D5D8C89C5C2674E5DE1007F6443A498C3E3FE
penkor.dll,C78E773DF9D28373A60281DC3A5D5D8C89C5C2674E5DE1007F6443A498C3E3FE
penusa.dll,C78E773DF9D28373A60281DC3A5D5D8C89C5C2674E5DE1007F6443A498C3E3FE
PenWorkspace.dll,95E28617D6462831C221017632A7C72F182D038FE5671B3B4799C1D1AF02FD9D
PeopleAPIs.dll,E050064DB8846E7D9909E3DEC93AC7CC5CFFB090074C39B7B3E08D982C9003F7
PeopleBand.dll,CE7BF3DC9293C6CEA3BAAA64CFDA9A011545CD49AAE72EC333E2E1D0A16D1203
PeopleBarContainer.dll,D15D7BF64845FC00571778340FC8E501C4A0A5966FB94C6F3EE4B89186A2CBCD
PeopleBarFlyout.dll,8686DBBA8490694C4063D4BA68F7B84CDF02AF0A57DBE7215577D82B4FEFFAB5
PeopleBarJumpView.dll,203651F081C3CB5DF95093180C3D83C958D4525E151CB6A96BA92C6D7971E7AA
PeopleCommonControls.dll,C6E4FB438FDECAC7B9EB83CF03EFFBBD413F946278B3C23B34C102060BCB1853
PeopleExperienceHost.exe,C581A056B647CE62177D0D05376B9016D585DE4310F5A89FEAC069181A5B7941
PeoplePane.dll,129D5765E991347C879A201D7780BE8882F874E76534071D2D2D7BAFD37914AC
PerceptionDevice.dll,B513998D60D63EF5F422D889F7BD930EB8C1C8B6552D6E1AFC83B2FFF98C6F9A
PerceptionSimulation.ProxyStubs.dll,0CE8E00BE453D70AEAEFE7F0DA6844AFBA4779FB098DF351475C02F73AF873CA
PerceptionSimulationExtensions.dll,2E5A35E645EAE93CA6468098AD593610E744618EC2140C44882B4CB30D8F529E
PerceptionSimulationHeadset.dll,739B289182CD15D2984EE251AFF392DD286F32AF5C044C9298B18E502A9B2855
PerceptionSimulationInput.dll,1EF2CBB82AED7A58CBA970101402DFF50F83388A757BF5C79B14CF3DBC3B4D44
PerceptionSimulationInput.exe,025C933DE7187D4F4B19FD6B88C721C6C34F39F9180496BD92FBDBF377FEBA65
PerceptionSimulationManager.dll,960051664A5F43DF11969787813524D34E582E165ED68E0797A400E26EF1D44F
PerceptionSimulationService.exe,F4A1550BFEFBDC09DA82F53CE94EF3261C75DB1CC7C1EDD1074D31F828A47316
PerceptionSimulationSixDof.dll,48CF4723F03847E7C04B3644A4F2ED1197110F89FEA3D98F99C192612DA80489
perfcore.dll,FAE01F86CAB2C7CBE28FA99DF8D474B25742815ADA6217068D60BF58DAB6379C
PerfCounter.dll,7D3C7E6C51EB519E8C1C9B64C48BE174574D998A733A36147601F75E613DF524
PerfCounterInstaller.dll,A370EBD0EA08CBFB40C068C4467D44D13429804FB48EA03310FFAFE4433AE70A
PerfCounters.dll,6C2515318A91F2028B8313A0BD87A31EEAB436FD494DAEF78CB935B47D387332
perfctrs.dll,1772EFCE68DBE4A682790DBD90779608376BE92FCA3B39C26E0CADDA06149B57
perfdisk.dll,0F170652E125718606BF3B5CE74F18961952508894768BBE09BC27B6B87E2A5E
perfhost.exe,41D7DA706F0CF613DF768B6795CD09C5C1035F9F101051FB58F5042EB4352DB6
perfmon.exe,3FA716B87491BDC9A01EC636F0010A028552D224EEC64334F7669206C69CFFF2
perfnet.dll,2EAE1D4837483EF5853FE0DDA7BF044403ED4FBD3CB8491AAE10AF2E107BD948
perfos.dll,B1813D657DD9A28E7E1EA4F76700F7C99C81FB0DA120F89E4670BA86104BA751
perfproc.dll,53990F669F8A7209302D84D5351FB510534080B2E5EABD6B90A19AD587E43675
perftrack.dll,04AFB1E6E877CEA2CFD7973BF4EB680AA4751D73DB25D711304C3AC380CE8226
perfts.dll,D5853ACB3719B3B35781FCA881649506D3DD5C87565BE3643CC812B86915CB16
perf_nt.dll,815B31A7A1F8245BFF96954F0527840E0E782F0E19B7FA391A90C2D151E2FC19
PersonalizationCSP.dll,B079E02136F5392773F62638540418CA44AE268E38F4BE8F3DB97EE575A9205D
peverify.dll,B227F5CDF783307C084213706DE99E0AF0E22FD75595E3F42990DDF9D8ECC148
phoneactivate.exe,CEA83EB34233FED5EBEEF8745C7C581A8ADBEFBCFC0E30E2D30A81000C821017
PhoneCallHistoryApis.dll,BC8B382B220DBC4BF30C1BE9AEF945EC2D1DB7DDC6839FBC2C2CF2B857BDE8A7
PhoneOm.dll,71793468CA4CA8CEDD81DB518AAE9D8E179CFFFE6B1371C0158572128887F74F
PhonePlatformAbstraction.dll,34A2B2C5E033A89642B649E344ECC7DCB57AC2DE840204CAFCE8CCF219D4C9DD
PhoneProviders.dll,722AF93CD330E5B54273911762043567246AF963227C6C6C2959A4D65008F3C1
PhoneService.dll,0605A8D48809CF7CA315975012C5353584ECBF1F127F52C99EC5AADEEF77556C
PhoneServiceRes.dll,9A750F38624F26279EAD82505DE61BF135D415F5C2B848C285BE795B637006ED
Phoneutil.dll,0D3C2B31C5A53F3B2F40CE4FF6182BD4182821FD83DC7C2B4C73D82520A4D696
PhoneutilRes.dll,7557252644AC4692834EF0A035548A5F53C88A93637C80A9A190894DBE5C3186
PhotoAcq.dll,A9372DBFA11B3B0A8D600FEDE871FF384C4A32C21C09B0C22A03E61FDD303F52
PhotoBase.dll,6C385E16F5AFF3F9B30F2B0E96C39A85BB084FCD2E9046210E83111EE2E0EF66
PhotoMetadataHandler.dll,1B7F482658FABFE76E4BAC9BF34DFA605E677D2C6B24BD4889DE0223F173563D
PhotoViewer.dll,49C67C0885FC23235CE98FCA6AB386CB12DCB55AA27B7D8116B9885CFA506C00
photowiz.dll,F5C8D3AAF59B8EF0C9C650F3EC931E82A71AFC2174DDF017CF84144AF92A9BD2
PickerHost.exe,0EADC5A9F142BA6D6908C4609E5EBEEC80E29B148EC904A7E2BA48934D9AF8DD
PickerPlatform.dll,5A382AE0D689C0E94D3BD1DBE288A5373ED227CBC729DB53CA2859550FBBDC4C
pid.dll,88807FDCC2F39BDC79CB6DE7148AF11865B7A07C2A9DD95BE7E144AAC3A05BEE
pidgenx.dll,8D750F85322B3D16A5B0A50ABAAA405B440FC7C27023B09D00CC97D288383341
pifmgr.dll,E20106D8A1927EF2256E13412159A88A1B9C97DB32174B6DD23FA1B02D9D44A2
PimIndexMaintenance.dll,1F7C4D5AD502D3BCFD3DFB56BD0373465FDAD297549F23543CE48A0E7B4EEC6A
PimIndexMaintenanceClient.dll,B2052C117AE7029F2F264BCB53CD5BBF5D6303F9A38B43F2864C347275EDAB7A
Pimstore.dll,BB9BFC0C908EC6B56E1F08B4AECEBCB4F246EC9F8661EFF59346BE176FB88CD4
PinEnrollmentBroker.exe,1953C9E88E24FD6594170A1F62DA21B27847595E067EF9DBA7E07543D0E3A510
PinEnrollmentHelper.dll,C1F3FFBA745B3E97799CDCB681A4911AC02FED7F7BED0015E42D762F110DFEF0
PING.EXE,4AAA74F294C15AEB37ADA8185D0DEAD58BD87276A01A814ABC0C4B40545BF2EF
PinningConfirmationDialog.exe,6F4B8B74CD58406DB8A505D7C776607CFA77EE4337D9AEDC4F009D99BE52E0BD
pipanel.dll,59C11133F9468849704A7F2BFD0DC486912E80331C814E19A551CFCCB9A7CC7C
pipanel.exe,5B86F9C50EA65D80BEB33BA795D990CAE58D4C0FEB9A731BA27793516C441D7B
pipres.dll,C78E773DF9D28373A60281DC3A5D5D8C89C5C2674E5DE1007F6443A498C3E3FE
PJLMON.DLL,270B1171E62277F3122E8738FB7B192C7F607A2D32B0D6010BD5143F073AD602
pkeyhelper.dll,7AB1F96B95B7DDB9039B65FB84C5615EB930BFB431E3F4C42C334A4DA47E6DC7
PkgMgr.exe,9CB1515C94B1B1546491240A0E7E32714F2D377D56614C53027942E87D555B6D
PktMon.exe,0A1C566EC07841542E9A03E8CCD8EFF734AFF50964F1D565E434C24D1E02FB79
PktMonApi.dll,7A943FD71B033ABCB0351277C1020707D7132A6D3BB93114919339C44D2EBE87
pku2u.dll,A919E108352B51ABB00B299BBE5AE8578EBC20655AC1C07AFBA3B484DE0CF754
pla.dll,C2A583893795478556573DB3A020EE607FABE7E37473D094D825F96C4912C43D
plasrv.exe,2D1C235DDC76D427C48C39C22E6DC50141F09734270EAF01778713F987E99CC4
platid.dll,AF583AAA906083F0A406CA05CC3CFA58C78F09DE95D5D105DD2967A5D2D83C36
playlistfolder.dll,EE1CE3FE3D571959E7096636813E36590BFC6E0CA6842E6A6318C58D6126814A
PlaySndSrv.dll,0758C2A8B8EE8A30D35528C220856941740F53959447C094404890694DB3FE0E
PlayToDevice.dll,0113366FDA5D46AD1129C08BDFDDD5E1A64C4608AAA9DB3CDA8C8DD9F7407751
PlayToManager.dll,E7A6D51C89316B99E065372CD9973635FF9E131B79B5F0452FD51E3BEAC22B0A
playtomenu.dll,47A6CB61DBC614574169BEEB3F76E2FB4B5A8D3212DE862E9AD8B05771D1EE77
PlayToReceiver.dll,BE49A9E7EBF988B34A7D9124BB99FA9AA86B7578A6438872F31182F037B5EA18
PlayToStatusProvider.dll,41E6398BC37101E8A0475C0C5319635884A86475A563E5099DB2C919CEEAEA6E
ploptin.dll,18874D01D23AC7689A8526E49FE32EE50E520BF1C53170BC347D375EB3EC250E
PLUGScheduler.exe,EFFBA0E62C1D7669BEC25853BF0B8E3DD7C7EA0A35DDEAE5622426EE139048F2
pngfilt.dll,342A789D57F1006395315A1452525AB07A2108EDF8D27531D21F322424534854
pnidui.dll,E4E3BF565DAC60B3848FC1E34330FD2B73496AD6DD3CAEAC5968C7938B98A523
pnpclean.dll,957F6EE5B7993814A5BA1C29DCF0492F6071BAEADCB10ADA3075EDAD6A2FEB5C
pnpibs.dll,AC61181B8005666F780773F00EDAEE3F5BB2F6AECF44217B88E4B29A58CC6519
pnpmig.dll,EF911A908CD4B715FE9CF6B15F2583C5D13DAE49231BA6599F0F6F2E2FA56D45
pnppolicy.dll,FB9D5382715BB7A6EE8228C8B43C9D51A5EEC61F1BF787D2BE45845209062A64
pnpts.dll,987344093B78B5D4B64EB6AA818F1DEB26E1B6923F8DAE00899D47AAC1F0F2EE
pnpui.dll,526BFF2E970EF09E4F01053598105F92150D439CEECB04E1EA8F254B253DECB5
PnPUnattend.exe,DAAA6F8DFAFFDA95DCD17C30BEBD41A9C6F1B913EC37B34E0F137E35D5BA33A6
pnputil.exe,E3C30B0CCEBDF4A24A1C7C6D87DF024DEEEB47E5DD979CB070C9B2F285EA01E8
PNPXAssoc.dll,345F95550A5F5247227852D8D1D612F8114D8A1FCE97475CD6D14DCD4F169674
PNPXAssocPrx.dll,41695F841D6CD96CF06BD4ED318D3B71C60D98AF7FA4CBDCED19EBD8A320E4B3
pnrpauto.dll,83427082298E2FC021D5D39A43DB4A5783D95213F2CA8D3A997DB6C815BD9CB2
Pnrphc.dll,7540536AD33BBBC68B35F740F07C7E1BB74C013279CD3C41CE133DF08DB00CEC
pnrpnsp.dll,A3BB65262B6A2643AB538FF1A953764AB0FF7870387CFD3CF32F0B3FA92A9E5B
pnrpsvc.dll,E7DC2FBA4CDBB0A35CC58E0FDF37D68891F18A80E449C0AA2C66C43A596EC4A9
PolicMan.dll,2B646B191C21F9AB672BB57BCA5AC5D0DE7643E716F1D8D9C282B92BC2C0DC3F
Policy.1.0.Microsoft.Interop.Security.AzRoles.dll,62B245C307482F9AAC2C63F1AC3AFA4911437BE58E6189BD820E8B95E0451B72
Policy.1.0.Microsoft.Powershell.Commands.Management.dll,AB12B2EB67AC41403E325DA42FD849AB49D7E9D2B023E80527B362060B244BA8
Policy.1.0.Microsoft.Powershell.Commands.Utility.dll,4C5D63289A7F604DBD35C217C0174083D804E1835AE8BA7FE0C1CC94789F4A95
Policy.1.0.Microsoft.Powershell.ConsoleHost.dll,0347F8855F5AE13F45CFE749E45B04A538E40A5AB7C9B4FE60E9727F912665BB
Policy.1.0.Microsoft.Powershell.Security.dll,83F26C0D523AF1CA5CC2E4A378779510D99F2AB24416D5A234E69943AD78C112
Policy.1.0.System.Management.Automation.dll,539C40506EC488CC0F5E5989897B6FCE505302C67B4B9741EF727578EF343DB7
Policy.1.2.Microsoft.Interop.Security.AzRoles.dll,D3D1F3A5650730938AE9C467970F1312E62F548363A2E2D1CFE6C7B808698757
Policy.3.0.Microsoft.BackgroundIntelligentTransfer.Management.dll,B8AD57141B6AF121C738CFFDA13FB185E34143FE41DC2C78C318E6D942ED8130
policymanager.dll,4A2E7E1F07802C18211E2F3095881FF48E5E27D429B404072EE5B4C18D2F45D7
policymanagerprecheck.dll,51B108733EE2176C0D4735C77538C052BBFE9A9500593DBAB543B7B508C28310
polstore.dll,536E10694F427CECB4BE3FBF108052B1A854919EC886A54FE94A0F0D5814C38E
poqexec.exe,165887EDA6A2C64E090871BFA64FEF9A0FDE7C280A288510A8A8A287A79332B4
PortableDeviceApi.dll,577A45D0EEEB4C15572580A4C9E541BF1B34703BE9A6E65E047FC4D9F682204B
PortableDeviceClassExtension.dll,F2D5D85294FF7BE5F3C4348F48BF9CE0C386227C216EB7C1CA3DDF4A18AE9F27
PortableDeviceConnectApi.dll,40050280A2CD9B13083E0ACF65819ECB588F11EBBA926A540D259F44B02E90F0
PortableDeviceStatus.dll,B6F6DFE38A3009036DCD29CDF6D30290905CA40D1D0EDB3FD2019898B28709EA
PortableDeviceSyncProvider.dll,625F813597E3ED8745D966876545B5649343D47682144D8314F1BB3F78A98E0D
PortableDeviceTypes.dll,234E4ABA61DB29327E54685A8C17A203B4EC407DFD3F727D914443C702298C91
PortableDeviceWiaCompat.dll,B0014981B27BB41E6D8905A8A4C2AFC48774F2DE390E543305DD9B44FD98F50D
PosCx.dll,FD4B5641BC2BE9236205238EA8625B0FB613B3D505F58205CF0A8A24EB360957
posetup.dll,F94F1E811D780C734BBE308D030178036C255F757699FAFC292D4742FC1BF425
pospaymentsworker.exe,43E3FCB7A777C62D02CB359452C488E114D8DA9F9FFA7854ECFB5CD236B9377F
POSyncServices.dll,C73CB348B311B82151C828C62B95C916E8C844269A79BC66B1C8C3138713AA3C
pots.dll,62756A75E4F6F9063C46D93A4AB74F6883F614DA00E4349B2404503C61BD4E94
powercfg.exe,7B48D1D9EB8ECC4E59F76CABAC1A9E009E5A39F0524FA8EEA29A3ACBC8CD32C1
powercpl.dll,7529CBBE29687801362716E11D7F2B556194795745A20A398C9C186346D06C39
powerOps.dll,43EC9298CA7A83AC3A3702A5EA68BD332B779F99C669CEA52ABE47DF95571690
powershell.exe,AE10FFF5F43D712A0C00F8C6B182502CF854B149F0E59C010A7F34A2F85EDF20
powershell_ise.exe,92A89AE883ED67889C50FA7AF84B1A94768C7A257DAA263211616D745D8DBDC3
powershell_ise.resources.dll,8BD757AA7E1CC499BF7BA942A525E3FCDF1475152E45A0F1CCDD523B6A358BFD
powrprof.dll,E6DAE173568EC83D1DD18853824AFD1F29C761F3F1C9EF1EE482AA6F8F07E674
prauthproviders.dll,55CB472D8768D81D160EA47ACB3E7B6FB3FE0C71EE2BFB1627429F6E5242281E
prefs_enclave_x64.dll,2123875318424655D63D01BDBCD364221744B6A059D44D4208F25F9AF6255B90
PresentationBuildTasks.dll,855B27B8165F828D1758A4B1904D0983085631F2F9157F7E35B1103F19E656F0
PresentationCore.dll,CFB933A0F3D33BCE3A6BFCAB7922F369C50F06D09CEFCAAC703EC2902414FD6A
PresentationCore.ni.dll,D4FB440A71E945F864EF7277A372C068B8E91BD7BE2BBE0A5E30181FC8DFD1C4
PresentationFramework-SystemCore.dll,12DF6B99AD6E3AEDD0E16B6DEAB1ED9AB56BF322984D007221694AAF88CCDB3A
PresentationFramework-SystemData.dll,F8606B5428FCE3B2C3C295CB44091468CAB9E53CDEA9C9BDD93BA4424ED030F2
PresentationFramework-SystemDrawing.dll,2C6F372E8F8CB0D12BA4751AD877015C1524137C31D8D1C83D388345334BC035
PresentationFramework-SystemXml.dll,622D850F04C73CB3F1F5FF363CD50453E6EC299B650EFF10569CB19920A40601
PresentationFramework-SystemXmlLinq.dll,41CABC7255B27F40A9C078C06C330D7715BF0F9BF9F188CB17454464AB023CB3
PresentationFramework.Aero.dll,B31C7180C727533B896FB3A9F5878B61B2122B3A9D06A2EEDCB8EE0E3C0AE3E8
PresentationFramework.Aero2.dll,039164727DCD0377EA58CCBD678751154DBC5BDA47D4C5F7A8C357259A19EBDA
PresentationFramework.Aero2.ni.dll,2E4C07E53B40AC63F63021211E29DA4737A8760D9397211CC50735D719CE161E
PresentationFramework.AeroLite.dll,5703A3156F1E996CDB0FCD38122D0AE2AA490E9EA07FEDCEB677157119891C9D
PresentationFramework.Classic.dll,E9B85233580EB88518466455201D1C778BDBB9A5281775D2D926B87F2D0172AE
PresentationFramework.dll,5806428D8D65EADE8A5BCAE2F414387CC94414343F8ED84B265817FDF3C1A9E8
PresentationFramework.Luna.dll,3EE30FC178DF3C8E38AF47C456A560AAC78CA3F57E52BC9FC1591D66CE3E0D7B
PresentationFramework.ni.dll,8121C7844F5F5F524D0CF0A63B40211CF3D6885509EC33C8FDD366B5450FC4FD
PresentationFramework.Royale.dll,CEB6907E1BB76FD303894A3529DD30B387A4E4EEAC5EF4C46AA24E3490D2F4CA
PresentationHost.exe,D9C533B6109160ABBF139D83C438806563E212D5C877192B64E4304806626C0A
PresentationHostDLL.dll,51BEFA8406F6A736721C39B98B98F9033CB7749D1A9D7068B110351BE8385FFB
PresentationHostProxy.dll,58BCC9C66EC5EFD833F1878FCDE52CB396B58F3012E4CB398B5E46B3E82310F3
PresentationHost_v0400.dll,CF1B3F61540AD72C47E9E7832C9ACCE3DD4A6FAD02B6271B9175C3C68F6C9D9F
PresentationNative_v0400.dll,6E4C169DED78EDA225C3C48B0E67BDE17542240364F3701053FBD5688DC43119
PresentationSettings.exe,6A87695529F80CF227140820C60B4C593096A345DC3206938C53E80B0CFE5BC7
PresentationUI.dll,FE1AEF5D9503432A11588E79C2A803086F65065A1733D47263A8ED6ED560B447
prevhost.exe,32863169DA356243FD74440AB2CE0DE7EACF2A5760027602DAB5159C464621D4
prflbmsg.dll,0FF49FEBA3129AF42019C259771BD921EBD73B4185F4CE89AB532CCC08C8D447
PrimitiveTransformers.dll,C4293C32C8718DFABAA15A74218C00B73C2FF581EB3CA584847966F790A25C7C
print.exe,B380DEF5476060307E718B5C565DC0336AF18135E10F090BFCB5821E68A4EDC4
Print.PrintSupport.Source.dll,58CA09768D82E6301FFCBF9C3464585AD05494D9A6AF23C7C809F0D27945ADA7
Print.Workflow.Source.dll,AD88B3383B351376DDFF9F339F35BE374FF2B8BA45DD51B5B43854175FD0475E
PrintAdvancedInstaller.dll,00E5D9EFE4B3371A13D5825B43DD00812C088D830A8D5A6C7FB859709C3A1E34
PrintBrm.exe,97AA08A0C2C13F6924BE313BF7B58B125BC49C411A43A534590B4540289E1A87
PrintBrmEngine.exe,F7FAF786D7273758F0EC877C045A6D269F081D39C597500D6B3DC65638F41D32
PrintBrmPs.dll,BC16D5DD1FA34D8A82A9C113F7C01E7087CA475F2BFFB0DA74432FC1FFC59E8D
PrintBrmUi.exe,1CB06E04CC8BDA08C84EC23275E2E563936A7BB6286E0D55EA092300A68B86F2
PrintConfig.dll,AD0F010EFB6B128E0142ADF58FF1934D61B2047A9A0FABECC93B414EFB886EF5
PrintDialog.dll,27D0C1D5C0F5A0EFF878A9D8F24FBD70B790B0326B4B3E15D9869F2A4A078CA7
PrintDialog.exe,6541790F1A8F8F6A5A17547E4B061823641CBCA241A082880F6BAF312BAE08B2
PrinterCleanupTask.dll,24560BAB0675B1FC04FE8345E8A644F39174125922C98EDC8DF619B0FE28D816
PrinterProtocolProvider.dll,3686C035B8F07D30A15C9B75D01E674739BA5AB470D6A3E2F31E0C760834C0CF
printfilterpipelineprxy.dll,021B8D55544630A38B5528AB9D01252E4DE04F3A8BC05955B7B85E17BA11216E
printfilterpipelinesvc.exe,B646249195F9C2410389D8FEBC9D3F0C2005F306A2393B386235665D831A1D84
PrintIsolationHost.exe,D0572BD3697AEADC5CEE7CD1F6F979668EA997B7C53D3F88C9B1CC1D81C92A20
PrintIsolationProxy.dll,CCC12625B27EDFEFC9E32E8517F5A7943D014A214D4980EF1EE41A22B0E11788
PrintManagementProvider.dll,D158A7627007863CA87102CF1D3B3187A05B43E17ABE7529AD760AF328783F8F
PrintPlatformConfig.dll,D33D6EE235CDF86985CF5F15296CCE7F2D5B996A52EAB7A89959F815E11A73DC
PrintRenderAPIHost.DLL,54D15281D19FBDEF620DBC3409928435A19DC7A11C12E5A937F0DE2D3FC4F138
printticketvalidation.dll,C65E1D5E127AFA20B75E913BD51718D2C245F8CB74BC164BB843E6B10AB0E667
printui.dll,393B9E9FE3E7F8EFE3A18C9A4B0A1B445A434BA4BB2DAFDD4E892DBD03F03608
printui.exe,F4C708ECF476BB77EDA9576F738E4BEF50D93609A715000E9904CC8BADFB138A
PrintWorkflowService.dll,6F052BD9F3BD5AF094EAC88C3B3644D237A3FF54165E3D8C7034928C29984368
PrintWSDAHost.dll,3D9EDBBE768ADB6F7A9DC5733B41DAAD91C67D1F4CC4AC7932B7240A8B98F808
prm0009.dll,8661B4E72DE38DF01673DCA81EA1DAA3988FA9D4D5C5FEC33B162673C8AC44A2
prncache.dll,757E24300B6A32897E0DF6CBFCC185CF0A6C22195D1921509AD6F80E2CADCE48
prnfldr.dll,9141F5ED58019768C9AAB85350A233150BF85AD5C64206C7B8B6CA857B8803F0
prnntfy.dll,B31DB5885E24D2A9F91C76603BEAE11ABDD9CA9EA39627A18C90046AFD758828
prntvpt.dll,5ACEFBA8282F3743C80FEB30C373A35454BCCDA7DC69C36F17F0638A25856B1B
ProductEnumerator.dll,C69AA4B8528667AEE7C18CED8DE2981A1A2B5E481802B1FC339858E8330A2BA4
profapi.dll,7B86FA00478776A4FADCAD44592AF88BD7F0B63E0B39C76FD3E6D8DDCC32C76D
profext.dll,AE389FDBA48ED686B42D9BD50E0605DF989A91E6F454F1FC778FF10447DC99C6
profprov.dll,FB2A778ED69DAE26EC17B74D2F7736536A6816216DC0754150E10CA46CD2D7A8
profsvc.dll,54367B1F805E5A7825BD2B496C2506BBFE289DC7A50B75C327996776C28F5610
profsvcext.dll,D4B1DAD91EBB4F491D5ADAC437A8B34F7C679A5A033E22D18B7EE77980C986A1
ProjectedFSLib.dll,4DB60826D4F7CCAA0332042896036ACF8C9BD8F64782C647A91005CFB1FF2917
propsys.dll,E6C98E01CFAA30E063691A5A5ED1726B26E885DDB6DCE3ABED909C6DE893D20E
proquota.exe,A5C199413A4800A0D5260AED37F0B923A52C9F1E69A584D153CBE04D58CE5600
ProtectionManagement.dll,049F84D124F419F11F47A2E24DBA15F289EED4587E426779C747329009A90222
protsup.dll,F707D2FF377269F4F90984E291E143DB2F3DB62A24292F88C5EB48841398DA06
provcmdlets.dll,3928134DB67BCFBB75743274C701980DFDD57FCFDC6A61C01A7D86D31717A953
provcommon.dll,D4573D140AD94A20390D7D8A7340E42B53F8EEFB507572C96D9507C34C9CA4FD
provcore.dll,CE2BFB662BDFE4372D8D09616C996C7D5A0CA7B8457FE160A9F19F394383B0EA
provdatastore.dll,B81ACD1855BD1649CE1BBC05633892EB9713655C27910EB36FF0EBD11B5FDF87
provdiagnostics.dll,B7EB4C207979E5C4311E8C7553CF478129C5EDE51BF93F4F53A99AB63C6029A2
provengine.dll,EB44146EF1216377CDAA00794EF2A7A992BF287D7981196B03D5A3177F6FFF1C
provhandlers.dll,E7FF3F67E4564D2075210928190B829D5B863AD4DBC26DD51B7D38416B2C5E68
provisioningcommandscsp.dll,003BDE648ED3F40E1571C2A8A461A0F7A7E9C8A6392F4B3BD16B0551562455B4
provisioningcsp.dll,D63596274A56EB773B94ED64E98EB5B0019569D978535AF6A449B0A17C226E80
ProvisioningHandlers.dll,ED9712662BE58DF2131F00ECF3151981424C17B4C0CF35A2C94DFFCCE4D428D2
provlaunch.exe,7B532C12F1433A622D0948CCBAE4B9B08182E2E5DFA5AC152ADCC799EEDE7D35
provmigrate.dll,C3D6D9A576AFB23461E52D6212FC62BD4C54A7CE79D9719F2A07B93FA663C1F0
provops.dll,23966FE825780710316EFADDA57FFB470EB8A8174022B2028CF54753DA807188
provpackageapi.dll,76E7B36F674A92B9FAA5DC045FCB380A0694A1CEDD82938832620345DE3DC780
provpackageapidll.dll,2DC9B9961850831F3342D594A6CBE64C405A4238560F47318007CF7E66832EBE
provplatformdesktop.dll,3B77E1BF5A931FC1D3E7F870135D9AB21ED876D2816BB7583BDF36CCB80F15CC
ProvPluginEng.dll,206A0F2A463DEF0F57C5EA36059DAE8663C1E3C49D7ADB1736AAC81298540D58
ProvProvider.dll,54D0B6C894480631558C0B1610D2D14E4879DB07C0FBAAEA77D82BB2DF0E7925
provsvc.dll,5BD1FEE3EBDDED9714152658A91902D67DC59F6293B3FAAADB56042837964AFF
ProvSysprep.dll,13F69CD0D94490F0F3A7EA834004CE8A2058307B891A4CABC7109C09453B4B1B
provthrd.dll,DDA77140A10DC7F5C8CE543943ADB77FE9E65D3C02FBD345E6E9CB221CA7EDC5
provtool.exe,70FCD14C481819DC41B1D3A078394956B7422B071297BC6FC93E0F1BEE594AE1
ProximityCommon.dll,BB3AECCCC6161E261C4B155435CEF8A7D7D7B620B756246BD2E941D13F86146B
ProximityCommonPal.dll,09C7B59663DB800600E1832FC585F2AC75178D5E0D058FA94AC00F61B5D030B1
ProximityRtapiPal.dll,DF6C5F87548A4A0AA6CDD688F86F6A7886ED6001E01E28F380DF1DC236206494
ProximityService.dll,F6C7ACFD398CFEEE9F01A2AB79170487BFD92B3F5C6E0DB4F8DE5230B09D6CC8
ProximityServicePal.dll,8C6D1AB27A4CF4E3F5F1AB1CE5B680CC2128A65812A82F292E3F9F9079949C3F
ProximityUxHost.exe,192BFDE77BF280E48F92D1ECEACDC7EC4BF31CDA46F7D577C7D7C3EC3AC89D8F
prproc.exe,A174DE17639A2C544D8124895F878ABAAA634FDC63BF49979B407FD7A20C28BF
prvdmofcomp.dll,CFF69017AB9ADAE29EA9CFDFE21B102A27A441571C4453F3C503C9FA77B57983
PS5UI.DLL,91D996F196E0A0C14E54391129E64C16A99703023564712E6FBCC4E3FE67057A
psapi.dll,927183EE69F11D9B979C1DA51A3A973274EC684BB9361696C7423298A5055869
PSCRIPT5.DLL,5632FDD28D7B8AE0339385490EDEE59CF654431594284C9248B1FB9E4BDC2515
PSDSCFileDownloadManagerEvents.dll,57307781D803FC82835159A93CE9DA0FF173E940173781C10BB8A2767948A170
PSEvents.dll,9DE7059FB025D63EA65B6A99C3666F0D676EC27785A278168F556B6154E040BC
PSHED.DLL,789A7EC52BABA2831D81DE4C7B420E21AC458948D627248D1C2617E1102ED213
psisdecd.dll,8574565F955640DF2DB9AD885ADC7A224BB4B84E5F51ED49E06A4483B6C7C3BC
psmachine.dll,130CE942B0128B2CABC0C9E11CF993E712E4E68C1BCBA67F8A7A411C4BAB46D2
psmachine_64.dll,040C32199358AC173800CF10C44A02DE52CC7A4577AF1D77FFE8B684D475309E
psmachine_arm64.dll,1FDC1DB5C8628731474AE3E58078408A6E334F6CEDF8527703393FFA2A4927AD
PSModuleDiscoveryProvider.dll,C54C67E1774863A1B5CFE917F1819918C7C235D3C9F30DE1FD1304AE4382EF88
PsmServiceExtHost.dll,B41B111EC5A2D491A88D00B46C19D5C4854DE21D6BA93570F792657875FA85CE
psmsrv.dll,172A1392937C7B8BEB91427918B5A47B1AD7FC329AD410527C3683289C739AA5
psp.exe,25E3984ACEC4CC291FC7F66C435FFE441D234A27C7FAD3CFE04D4582CFD07722
pspluginwkr.dll,72A02C5ABF3506E79CBB6FBB99AEB4F44D480D3C707226BD4F6135B95E6C81E0
psr.exe,4092750B7E9792B6D6CC9D3599B2EBE40BC5D797E51A05985C3CDE4CE4095DC4
pstask.dll,BE8040BD37A6868ACB65672D94336EF62F831CA2100297744BCABADBC7F1D200
pstorec.dll,BE6C7371C0A3FCA146EB497C9EE48FE96536877A0C7CECC13C128463F76A3FA0
psuser.dll,45AF920B2FF73881D210BDFD930E5147763C802810D4AF35A2FC202474D181A7
psuser_64.dll,796442FFF88768635A1002D53A2CE2C281546313687BAF8CF7957BAE5B626750
psuser_arm64.dll,B53F869A11F9AD32FE48DBA9D78DD67812C29F4DE4BBF77F2567ACE1EC13C538
ptpprov.dll,819278907C05E6AB30DAC2B7BC3D51B228FD6FD6C0BFA361A14DEA5040E34309
puiapi.dll,3B8D44CAED5C12429E6A30932640C39DD210D971B4D20D8A773150885CE77658
puiobj.dll,DABAA8D397C9C6557C3EF4622C8F5A77DA933ECD04AEABAFA83C66F5088E88FB
PushToInstall.dll,DA465F43A7EC3AE6621496B22007AF97104BC3ED6C81F2FBA20C87E9C26C7F32
pvscsiver.dll,14E00561E428D45A671F86FBB94A354776424F436F20638F3A398B5C78D762DF
pwahelper.exe,EFFF97D1B267DA1FFADA64C084BF9213FCAEE33BFBFF292D007A0B2C5E114BFF
PWGRRenderFilter.dll,634518A6FE48F05937FABFDA3CA0B3F992C1929610639CFBF13C52305EF837CD
pwlauncher.dll,526D851F87E1D3EDA19DED40BF062A94D24F857E0FDA443F786D80083331EBF1
pwlauncher.exe,20BD575E31804C52D7EDC3A6298ABA504878D31DF549D3FC82FE7A99EE9A966E
pwrshmsg.dll,65B1DD20D67C48293D574E13CDC6EE69CF596FA2300DF21EF739BD59A37F4822
pwrshplugin.dll,E3570E8D4D4CF1B321498FC55560DEA01F72FD9A6A0FF939BC1D4E8E756FBFCF
pwrshsip.dll,03666D98E840D73847FB04CC4A8DDA4D78EBA1050450F9EEEE26F50881321811
pwsso.dll,8DAC0C19861EE41794959D77CDC0AD9E90B17FBD2630BA09FC64FC80FEAABA54
qappsrv.exe,B81FE314109B3BBE3EE2143D7F2B1B4900ED70E7DA7829E9F04979874F69A153
qasf.dll,7CE65A43F62C1FF86E256074A7E4789D2C7D9DD7A72498268AB82F3283ACAC9B
qcap.dll,A571250C444C5C458318FC91D7F677A1CB961420FF811A9D218E04078D5A2C13
qdv.dll,00E25E122A45129B727EDEA4C1ECAA2F934F89D9602875D24CDB41A1C2931356
qdvd.dll,C78D4FA2C25BD6DEC3371D6B9493643B38DAACF56E320223E342BD490B9F751C
qedit.dll,CB3FBB2F7E23CC7DB05520972D0721F7DDD9BDD754BDF19AEC857126A1779A37
qedwipes.dll,A7310A0BCF30CF339C744C62539F4F8A20A90FF3AE10E1D790C8924B95281541
qmgr.dll,DF7808B4040F255B8A43D4A8A08B290926017544E0444F1BAECAFCCFE46E5B60
qoswmi.dll,BB9E883DA891627CA221EDAD555EE8705447B034C357E5FD294950FF8EFDBA48
qprocess.exe,51AA0F1A3494EEB79B07B62E3B179B4650626A47FA0B05A44D22121E2C31809B
QualityUpdateAssistant.dll,0BF0921ED9607BE103906EB04D8A099B12A0BF95FD3C423AD2B2BA71BB21987B
quartz.dll,EA09EAFD4435900B0FCB5D9752857E7C6E52EC7BABEC30D86CB6FD9C6C6A66F8
Query.dll,91B590BF6BCAA4FFEF30D3476ADCC216DB3963C158091D93032AE2268A977821
query.exe,4D167BE5EFD06039ABDC5677D4F90BE5219729019422D0D195583A5CD806A1B2
QuickActions.dll,A3A84D06543D00D43167A66386D0BA112084D31E4D800B1DB3D47EE5C398B90C
QuickActionsDataModel.dll,A86CA3AFC1D89997B588854FCB759D2DADF62F5B47A7B7FF3D295369FBE52A88
quickassist.exe,378D5D1925AE48CF378CAE99A272E462A84166EE6CE25A452B95348B8320CC22
QuickConnectUI.dll,F3AD4762A8C3FB7CBA4AC017E69D77FEBB369F33895778068302757C3666F803
QuietHours.dll,9BB08991DD8D836A308413D3459CC90778B7B320FEC105C41A9844BC39FA00EF
quser.exe,A24E8E9CED519839F5BEC3832063D2F55898632FB44059661CA61BABB44E4D74
qwave.dll,E92BDDCDC502E202435AB8727B744ECE062F0342836291526E2A188583CDE680
qwinsta.exe,876F9B392B0A0AF28E4D510C79FDB1546385F87A670D8D6F1341A49B90F00693
RacEngn.dll,1C0567D2D3B4152D464741680DDAEBCB6BA4E0DE07E0E5E8E8E896E550252E91
racpldlg.dll,B04CA1D7C45979E1F96FE9C6E2B7B1FDFDCE8650188A66867674DEEA8896EDB1
RacWmiProv.dll,2AB6775443C14ED743F6FDB28C1CACB355340C5EDB3F0FA7E13C253C657EA7FF
radardt.dll,47D05CA5F4D158567F14CAD106B862585F5FA0F3248582A8256BEC73E2B9D564
radarrs.dll,5EEF771095A35ACD4A5B8B8957F985E953397456BAC5203130D169CE7317C0E1
RADCUI.dll,A17FC08442152D2301B4BC365504A822E11E0DFDBB14C31B7A06BB64F4DD8BA1
rasadhlp.dll,C54FAFE066480E1702822A1904A31C864A60154900FFE557F4CC42DDEE8C703B
rasapi32.dll,B3F762D340AB469296480008D9A99EAB8DD192ACF3325E5AD1C59B2B3C0BCB5F
rasauto.dll,B9970819DB91FDF78D655A9A8A03ED9EE020B1F722DC4AB9D003CA0B3287FCCD
rasautou.exe,51B2F4F5B5CFB55143113B3071BB62FECD4015BAAB59315CFFF5EA8BE4A4B3B4
raschap.dll,445A70A46F3400542C90E43F58B1BC337541AE02072F233259FBF104B4DDD959
raschapext.dll,04975AECF94039D1CD1C207EBDCE948D6D2C9323CAEF02F6D4568D7CAD8427CD
rasctrs.dll,C3E2791539F4EB701EFF5CF56F6DA8131FB19589A037683B8D6D3973D1D613F2
rascustom.dll,21F5867F9FF6D06318117F05051B6BCAB7002F5D011028C24A37FABBBF8B09D6
rasdiag.dll,ACB41A15D57C999C52C88633C09FE688C0E50A32E11DF9DFB11ACC4DDDCCCC63
rasdial.exe,A33F829DD3FBBA909FA13ABB902FAD29A12E1519F295DB39FDD10A28094B9942
rasdlg.dll,ADD30580614D43C0D5CA9AC15CC09E3245FD0F3E3E31E3B32DFC0A1F887A8318
raserver.exe,B9062A9AFF2095BEFBF977E4F0891C922762AF492ABCE64D943DBE1DD4D1B1B7
rasgcw.dll,8640FE7FD1465ECFBA5A1801494D47EBAF47DD870D72F3085709375B8849A562
rasman.dll,42ABB306C1278B36CAEF57EBD5C3074EC50E0C7CB8B5E35C5981FDC5B1E38887
rasmans.dll,456C24FD948DFBD55141032F81450A6057AFEF384130E2187143BD44ADB158E3
rasmbmgr.dll,85A14C91487E8B1BCCA505D3136D5EAF2B47FAC17AF6088E0AE520DC61EA021A
RasMediaManager.dll,5BCC6BC641CF165031588AB3CA3AE9AFCE686089E73C84183E907054E63C7582
RasMigPlugin.dll,D9B80170E65B01B23F717D8793B019506F3E35CFE4B129B9803F888FFA9F88A3
RASMM.dll,E2F813ED39FACC5E97B8760DB365F7AE9C7F87D1A457A0A8CB230144AB455176
rasmontr.dll,7E9EC9E96BCB03E9816FADC1712543597065CCB943C427210D54555EC561A401
rasphone.exe,081F631D598C327C2E9093D34FEFEE01BC571BECF0B3B3EAF1F6537FE18A945E
rasplap.dll,F5A7F5E70245DF52816036F3FE6DCEE820E36BB4F18D84346CEAF1D2FA0A5DDC
rasppp.dll,FA95CD3D22169DC080873BADE4517ECB68F704DB8390D1E9A1076B0A3726773E
rastapi.dll,10DABB1B3A84EAED9B0B479A2A14BE403955805B1DE6A72A8BDFB927319DA88D
rastls.dll,377220E5346957DE3EFF6AF4E2691FEB08DB26013E812F65CA0E79E1DE7A7AF9
rastlsext.dll,39D5DD2D5C13BB3A1D190761337EE3A05286CFE7DB59B8135C499D970253B6BA
rdbui.dll,C8BAB9CC9F7F917FA1CEC859E3A6B74A555AE6B4B76326A7ADE8BB0797B531F1
RDCameraDriver.dll,0F2CD999F399E3D4CE3553DCD8A37565D8C6E0DA892F800B34378D8E5D4DBB0A
RDCameraMediaSource.dll,27121CEB71B24FD0C8637058D837DB6848470291C2CE1EF6669D1B0AC7A10663
rdp4vs.dll,9C3BC28234560F8B3A00663150C044D8918BA48408DC7009041815ED20117FC2
rdpbase.dll,6786B417FCA4BB2098C8F866F987F064CC927DBF4FD7A3A7C1814F0586789233
rdpcfgex.dll,7E335AFB198B0708B2C44011E2CC6E131FB23F2C865FB58CF0C58AF4A3903E58
rdpclip.exe,73F7F993D314146849005D63249BF561630644B3988FEC8A695CC6F23AFB7DBF
rdpcore.dll,EBE504B62CB7228B53EA9AB9F2B8736802C1378154687F6F7D9513FDB157F7BD
rdpcorets.dll,6BCF565D1B1C77A244032E30451696CB5692D92C84D5CCA20876FEC554E15F36
rdpcredentialprovider.dll,1343BA7AE59D31ECF8C8499B36CAAC1514D6A9FEBC00E97BA5ACA6D768843DDB
rdpencom.dll,E2C59E531D1F055F8DFC27B3C5B494BAF0CE449F28E915C07F06AB20DD69D9C0
rdpendp.dll,2C433E3FF3FD3D2E882338FE2D01ABDD44F5AF771A28A9A96AF91AEB7FA977D9
RdpIdd.dll,4A131F1E8F09063F206BF925E5E5A4862B5EED8410129F2C3651E0652BDE8E0F
rdpinit.exe,F1C493B4D78F10C8B3FF8BDA8AAEFFA6ED1CE803BE22E14E54E28B04CCAD0A07
rdpinput.exe,39BFB2214EFEED47F4F5E50E6DFF05541E29CAEB27966520BDADD52C3D5E7143
rdpnano.dll,458B24256D04C9F357F2534C7A0D611FBC9174913910B83907F70B32EA8F1D65
RdpRelayTransport.dll,08D81E9C4343264252C34C9BB280F2CAF207177D5D64766F1E1B0A2CA676F678
RdpSa.exe,47B333F35B84F5A13563C74D6BDB0E59D21627757C4AC3458E3515CCC7B3DD59
RdpSaProxy.exe,F8E6D42EAEE102B1880B173AC56C091E2962EA4B724F9DDE7F01A8F85357600F
RdpSaPs.dll,8FD0EC33F20D47FC0E0DF054D73268B4242779E60B10A858185F981C5C9D2A63
RdpSaUacHelper.exe,CFCA756BD7FC0101D4E942E11B080176594999B1C38628015A459C1DE695BBE9
rdpserverbase.dll,9E00FEA3AC600A3A2E92783ED981D1D1500556D7BB49A4FE8B6C7D2FD897C9C4
rdpsharercom.dll,CA52ED0507683AD5ADE965A087C2DF48D0F559A4F3F540BDA0BC5A3ECF49416F
rdpshell.exe,4B20DCAA7877D273E7C2396B42E99AAB262D8213C4069D74429FDCAB2E276C2E
rdpsign.exe,6F5F24FA77139D6C20951D7B965A4BF5044705EB73B58E49E54CE78AA108B14A
rdpudd.dll,E31AC6FADE514B34EAEBA11035B6D001437E69F31027427D600CF22D39E9019C
rdpviewerax.dll,60C27DB338DBC1F044A13B197A65F267F9AEE9600402DB2CA3B4EF9820A482B0
rdrleakdiag.exe,420797C47485EDB779E4ADC7445F12CE4C16BA310BCC9562492798E58EBA3352
RDSAppXHelper.dll,382BC7F5802BC850FDCE5AFDCC5B6326B856225865DB7851BE9D5F7988379316
rdsdwmdr.dll,E95A6CA1DC9E226E9FEED4F87509881026227E1F87026E2ACF86AF62E4E5C9E5
RDSNetFS.dll,18EF3DD319CAB82BF0A6CDC9D53A284D938079ADDA7D250DE4602CD8F4D80338
rdsxvmaudio.dll,B523E9D98801ADD0CF94040AB214BD3D0E19FAB220EB99CF80FB8F09E0891A4B
rdvgocl32.dll,F3FE6860CF05D553E8D227A1D67B0EB8BD8CCAF0DE3B8282C4EA6E66170DB1F8
rdvgocl64.dll,03C16F80E243F925971371E1A0C660E5BE684B04CB3CBB06FF04857C5D769D3F
rdvgogl32.dll,CFC5C4A194D87654F140D229438A277D39EFE278836AE42CE8FC82D71AFB996C
rdvgogl64.dll,F7E65C4460945D2F0D7524274B8021CFD1BBFE6BF4CC4AFC8FDB19FF126CA8EE
rdvgu1132.dll,925C929A848F0767963D6DA8A24FDCA583DA31883F6F5D8564378F707C8DA4AA
rdvgu1164.dll,923898DAC136BF159A9E43E727173BB8D8CBB5DB5A99E49E84D18E012BD36863
rdvgumd32.dll,576582089FF20F44C83A005330DE363659C831C2717B489EAA15A1F3440D87BA
rdvgumd64.dll,594407D17D2BBBB1D19B757BC02C6096DF9A0A106478D514EB4FDEA7A0A62016
rdvvmtransport.dll,DA6854093B17241B8C714943466EA7AE846F1E91D43D1643E17581C063085543
RDWebAI.dll,ED67ADCD986CA08CFB48F8DFF21C074D3DC4265178981B9F1F8FEDDEC0B454D6
RDXService.dll,12C6773C1ADBB53F55900F751D5717D754D57E51A2FBFE5D53436910A677DE51
RDXTaskFactory.dll,3507F7E1CF1B8C97CDE57E9CFF8AAA402A61373569AE0D7750081DC1F0C8E18C
ReachFramework.dll,B80D85CA72865BE119977BEE8FD0393ADB404036AB4E57281480175E0D56CD90
ReAgent.dll,6E5D8CDB9ED646417BDE0B5EC2DA36B494094FBD8F6AB5455DDCF78B1D53D6AD
ReAgentc.exe,94D0026CF4D5AE83628DBDA51B9FBC720C91B5EA7E180428877B8C95F5998AF6
ReAgentTask.dll,26B0CB90A8602F909BEE44796519E1185801C16B63D61F175E2FDB55907D7B01
recdisc.exe,0787B37CF197595B8149FFE3784F9C59EACDE3616011F185513FF5C075A5AC4E
recover.exe,D971D5F962E2188A429DE6AC6DD6FBA3FA97199CDC1A8182E753069AEC2FB93E
recovery.dll,1B9A7FFD5E7E29A638DE64977AC2E8B4B3BD2334EA761C9773A1D4C45B115DA3
RecoveryDrive.exe,630518CB2E4636F889D12C98FB2E6BE4E579C5EEB86F88695D3F7FFF3F5515C4
redirect.dll,19FAE6C94E17370370C92C2EBFC76393B7F4D0072175AED03E6355AAC706DE35
refsutil.exe,7ADFA31C557E983DDAA20B2FF12E38C9C41F87454594456E17C867A1ACA9F3B7
reg.exe,224A746AEE2957C3FCA376F4457CFC044C1EC99E75756195B27CAB396174E2DB
regapi.dll,35483B46AF2A7562D13D49856431FFD4825C92424BFF92E374A4870E4712FF83
RegAsm.exe,BD02B877C14DDC1E2DB118F32730B73B2E5AE792A84AC48F28957BEAFF2B83F9
RegCtrl.dll,E9D512C495E0C40C11DE59CDD0B1F504875745FD89444FAE7B84302E0168CBD4
regedit.exe,92F24FED2BA2927173AAD58981F6E0643C6B89815B117E8A7C4A0988AC918170
regedt32.exe,B9A0659A5F8173629C2CC702F9D786F699BE2C1C1BD10EE354494DF75C618954
regidle.dll,8BFC70A6FE846AC415CF0D5920917465CDD97C964B6177605B20E13C760AC9C8
regini.exe,04D137F3F2873A75FAB8D71D54E79B5792D047854B7B7501CC9D4E2B231D1CB1
Register-CimProvider.exe,7946DD01FD7A3C2B9F33ECEDF6CE04F04D6F494830900338F4469DE6464CAA0E
regsvc.dll,5FA4008B965632F8CAE398E68E9FE5797B25BD1CDD70DF5E3714A3EAB5A57E40
RegSvcs.exe,FB7D514B3322810463655473D2D7C704D3405C1C9DD81F0D4D423518EF416987
regsvr32.exe,31AEE70F9705F6578C6B41849EA3B5A948A446F494F24BEFCF5B169A1C2A71D2
reguwpapi.dll,22586D11BB0910DFB3DFAA4AFF5DDFD6E026CC8B0249C4DD68BE9B59C45AF52E
ReInfo.dll,E0BECA7D75B8D4FFDA7F3EC294833BC9B578C651056024B1D28E82CED3F1DC21
rekeywiz.exe,440FE9FAC1A60EF7E186E1D9D607CC2B9C1FF4B3B1F1916A3B8762AE4B7928B6
relog.exe,41727173A1C8A450927FE80B71D47CE6247F8BCC3544B59E304DFF9DF8AB17E5
RelPost.exe,509A5A06F26E7CD8FED50D39D36D32D617887F04FDD8EDC2546254DF61C1132F
RemoteAppLifetimeManager.exe,188F4075EBF22BE1B366E24FD76E6FABE604CF249775FEFB381825CDB255114A
RemoteAppLifetimeManagerProxyStub.dll,22C9C627909F4DFCF62177CFB5F73E6E16D534D61E3B966C71770070E75E8530
remoteaudioendpoint.dll,2B785A93287C8BE249E12C7D5B020F85067C10B183F47CF732637277DF959A72
RemoteFileBrowse.dll,5E2B505CE63AE86B766D9F7C76404B22EDE1E7CC4039F21C9776373D3AB421F7
remotepg.dll,54C47AD6A5393CCE80ABDCB1EEC97FBE8ABB6ECE6573C373A6C98E24CA64B079
RemotePosDrv.dll,1595B96D13020370E8748BED142909A221E9792E2D96E3D007655C820A3D948E
RemotePosWorker.exe,2868B0CC04E8DC5A415DAED0FEFEC08430261FAE6B5707A83A848EDF8BF24DA7
RemoteWipeCSP.dll,FF851F2724C4C35995C945F67E8C156CA34DC98F6F7381FEBB1C09AA0C624E46
RemovableMediaProvisioningPlugin.dll,1F22ADCB7A0B87902FD0AF25EC217E2A4D8FE0231D081E146D8560BBC644C9CF
RemoveDeviceContextHandler.dll,05F5D695D2A515C9CEB4BDDF5D4C381D5531141402DAA25EEC4F35D3770167F6
RemoveDeviceElevated.dll,A5B99FD51320DEFA650280A49B1D85768200BEE703E33A1DEFAE32FFB998AC7C
repadmin.exe,470C9E6A6F17863514A1DD59D095FC78B711B425A36A59BA9C05E9ED3314073A
repair-bde.exe,13930144928B4C55AC75120678F3C523B6E6E1730B0E5BC972A15FAEAE399259
repdrvfs.dll,F80D89A5F7E8AA15A52A3F2CBB8FB271891758F0D4568AB8F3B42471F8FEF113
replace.exe,9AA7D3C88FF97F84990B05FF15B678ABD7B54585E62122BF27C816026B20C7C8
ReportingCSP.dll,930B69521367D5F6AA510803F964FE0345BE87C22EF243BA9269FA250B169DD5
RESAMPLEDMO.DLL,8B46AE5AF8BC34C0DB8001B3F46EEC88D7B04C83B5C221D2017F8B32480BEEAF
ResBParser.dll,BF4C9D07D562C66E11576568412352A3AD766FAE2ECD227930FF131F610FD0E4
ReserveManager.dll,7B7C5545C5E8A178F67FC49DA2DE65A187C8896507B90D8112BD8A5FC5A93CFD
reset.exe,6D6C8C3BDB9EFA43F0538E486AF25A8B93D4A80152C6B5DB857607A78547F033
reseteng.dll,14FB97E21861AE58D455CCC8D2665D675E5516AF7D6446F757BD9D068FC4E154
ResetEngine.dll,B5C141A1782D95C46B59BD5292CD76C65F4AA0832C366A61DCB76696B79B4FF1
ResetEngine.exe,E070CC36C97A09ECEB385ED7B310CA1727DBFD756CB03F427FADAD8871516B3D
ResetEngOnline.dll,E681CAFB99C467990C5DC42B67AF76D36BDB3A62584F65C75D560357BF426948
resmon.exe,F3707C1D638F5487D1EF0A72173356023307DC6734DC738944C75F127FBCFD54
resolutionSet.dll,F3CE31D88A1B0CE6037F08FEB6DD836E36EF35238BA7859D9B64EFBBF2586812
ResourceDll.dll,A3B6EC15F1907C62D8D117981CEE66BE06191E5949B27303FE56A9D2AE4FFB27
ResourceMapper.dll,F14C6C2DD2F304250081BE7AEEB0463E00711F87BEAEAE8DEF97736B03A15A9C
ResourcePolicyClient.dll,417AB6DF5ACDFD4D2FFB018043931B565C27FA8B071BFD64F578CD5749603294
ResourcePolicyServer.dll,A1DAF93702B4C4012CE49EAD338A3CB871D9F17EEB5E08FC1103366E7B00DEFE
resutils.dll,F7807964BEDA98B29E2968C5499889C39FF027340DBEF228FBCB984A59A0EC45
rgb9rast.dll,F9E7945F6C77ED01D5D2AD99A30595C447F7A1490391050AF832776568F20CBE
riched20.dll,AEE7EBF38BE4C4ECAA858C8E201C27628E3B5BAE80B820F5DC984173FDF2CDAB
riched32.dll,F849FC587C04E595CC65AF82C7B07205560890B50DDF7B2C579B98A7A3C84236
rilproxy.dll,8FBF5ECB938268D5DF468D723BFF8FF9EC6A17FBEE04C8847E889A027190A2F9
RjvClassicApp.dll,80EB93ABB9B1AA95F2A2DFDE2B7CC0771F23BE930D11150813F98FF2930F0B12
RjvMDMConfig.dll,2FD7D6DAA66C12124B4A388A38F0C080E2ED9C743DD056EF43C11A8E7112A3DE
RjvPlatform.dll,802932A146EFFD0F26B9760005EC4A1D4F575DF9904187187DBCC159853B69E1
RMActivate.exe,C8D1C813E5C85AACF82EE767D9233C397E9E18AD144A04FB71573C1F87FAA597
RMActivate_isv.exe,870DB25F7EEF981EF8210FA903B9F30DB7C37E9A33CECE02AD8CD0055A1F7F7E
RMActivate_ssp.exe,DD99DC7BBE616645C1136022751D3B58936C50A562B6B6527CC81D420E2B6AF6
RMActivate_ssp_isv.exe,7D50EA6005CD3FD81B4D238081401FB6B248C0F5C7F815537D28A096FF5154A8
RMapi.dll,0257C0CFBE9001DFC51D382977C77BB1B52984D01BE38E47C6B8A0018AF1CAB0
rmclient.dll,377F5248D9B3D30316575DD7EF9C29D72FC4462D86D01820AB7F4737AADA0EB7
RmClient.exe,B115961EA25EC6960C7BA788F5C206B1E604748FB26C5EB443FBCA02497AB743
RMSRoamingSecurity.dll,018436729FAE58362EA2027916C1932552D4355039EE8D40D255452A0A1E9CC9
rmttpmvscmgrsvr.exe,70E8DB1A4173DCEF4BB0C6749E0BEB9E1049FBFD5EB1715EBFEEBDCF921A41B7
rnr20.dll,692F3F4B7CC423049D5F1A81D3D410AE6DC19508481BCA3FF79447D633A41BC4
RoamingSecurity.dll,FDF9229E9D500D95A618A17D2913172A7F76F41A953979461FE472CA5921BDD1
Robocopy.exe,09AE80F118B7E95095F334EBAF9A30BF1E40CB56467BF56E879FBDC0007FF86E
rometadata.dll,2B35B287FD0658F568BCA4A0392D2D99EFEEE1AB90D748E790CD793C2565E3FC
RotMgr.dll,8F21A007A9AAFAF4895CE216B2414FBDBABE1178889869C5DF2146C9EBFD2A8D
ROUTE.EXE,3EEB168F75126E2DC62746E5231399E9B0F71E8B910195931189DDFC5EDF88C6
RpcEpMap.dll,3B39E86C0434EE91765BF818B8D1001AC0B44B86665EDE87E770302D4102574E
rpchttp.dll,5FF84D555112222FF77BEB49BC0FC48E8A533A69E6D302F2BFF9E0ABA4A8F3AD
rpcinfo.exe,9C37B37ED149F259FC3047DE976D151695A2D5108214CD46C691D4639C43C4BE
RpcNs4.dll,EE77D6D28C29407D35F7AD8771B0D60FC9E4B6BB99AF966A14553691CA74A2A3
rpcnsh.dll,9FDDCDF7F28F80F973A339A1FFE7FC128D553153B8E0E8AD048A8536C027E9BC
RpcPing.exe,BE654B85B6B4FDF81A9DF93AD5259760382E3964030F938E63A17B5C5A11F10B
rpcref.dll,F025B44C1AF120D65F1EAADFAA65F35612662900849C8755E9A978554834213D
rpcrt4.dll,733593FC700A1B0FF903FB3519EE42C686AA54655A788781196DCA70BA3F0ECE
RpcRtRemote.dll,92D31E91DF5775419F2EA1066161FCA8CE35965AE0A6823EC28E5E8E9C866DAD
rpcss.dll,F81E5B722C80AD8F245BDE2F820705E46BD1C016BF5F278DF21016521E40F701
rpctool.exe,A755D855A14C5650966BD0CC64A221C02C9868D7AD5EBCB993717F63E3AF3F61
rrinstaller.exe,B655B4F7F804FE6711208EB0513D553FA87A4691CA8B37980BA33E8DD3551358
rsaenh.dll,66D0C8619A0F8DC10B375B0546CA4B4E7726185A3D0EF656EDA9FB0F7C81E4BE
rsca.dll,8CBDA105D8053032BD2E47A50B2528EB296A4EEFF8E84AFD39112ABF33DA0A1B
rscaext.dll,6CEC64522EB8C354C24184C186F362BBD0A03CC6378D54E21899B00D8B0F8CBD
rshx32.dll,38E4EA287BBA58B9CE3AF2006551F4285BC9CE51D20B2DC19F0AAD02CAD84B6B
RstrtMgr.dll,CEBECB11278CC1ABF66E0084EB4C05EEF2092C0BB4E5267B0C1B4982732D289C
rstrui.exe,29C4363B55881D337B8D6B14FD3B60FD9CA910BD584F9E2F4F0C9494ABEE620D
rtffilt.dll,29798DDED5E2CE499EFBF843651DA8F115452D7405D805A66FB7B289B0482268
rtm.dll,D23C55593C57FFE37DAFE514F6EDB88A534F0CFC9CF74FCFC0689064FEDA4F42
rtmcodecs.dll,68A00CC7672FD1F78D0B94C491C6F11DEC4EC1574303727B8F0B2F3A6252CCFA
RTMediaFrame.dll,B69829AF22BBC0F62CEB99B9634F596A20F5AC60ACF37608DADD564B39A45970
rtmmvrortc.dll,4510DBDA6AE723CD5FCB79A75E61582BA8CDAD067F713D6A2DD50A19C7C07692
rtmpal.dll,C5AB43A4CC4CBDEF9A5451D45D3EECC144C5A802D6CC3E0383C342F284031597
rtmpltfm.dll,4D7941920FB3D46D3276B14F9282F0832DE8844A8A97A9022063B0EE68977BF5
rtpm.dll,088FBBDEC52CC4561A61D1C600FE491B55160059AE72B132DD3F364B991339BA
rtscom.dll,1E046B9CEB6B4DF03582BBE33060ACE8727C6F7281DBAD7142E3304979D681C9
rtutils.dll,75201899CC88B314C5746949C1B8304392E589FAAA45DF451B1E1F22B93F6056
RTWorkQ.dll,2F2BE96B2A99721C82EA8667969F976766E9D9F96DF8E940CFD781E101EFE984
RuleBasedDS.dll,D5541E99139CDC84BDD505A449DE3B7B9921A3A77872A2D74158F7B600FB90FA
runas.exe,926A0E1BBC1923DB4577FDC228F6D4F9A1D13B7F629B02D9B547C567F206965F
rundll32.exe,6CBE0E1F046B13B29BFA26F8B368281D2DDA7EB9B718651D5856F22CC3E02910
runexehelper.exe,F6A6168BCCB71FDDCE3F816F6003489378E851EC807EBC3ECE2C7D4BCE742BDB
RunLegacyCPLElevated.exe,E3F8C10EE5FE36CBFEED2AF0EDA485059459C5696ED0B54EA24BA6B7697F4589
runonce.exe,4DBC301EA051ECDEA35D26F7666ACE0109CD8D1027C5361EC37E82623C0B5DB4
RunPsScript.dll,9EB40857CADA9A8F65C69772DE7178EC219CA571BD1AB49E813E93BCE6B98D04
RuntimeBroker.exe,E86870769EE6C797E09457BD99C58D9BF2303CF0193A24EF9B1222C2C3DAF628
RUXIMICS.exe,3BDD8C774071B82A08629F271D14A8FB0C096A3C279E797377E034B03A217949
RUXIMIH.exe,558611BA10576359BDCAE49A768CA2ECEE1FE698E0B3A341E8B9FB6F3E76711C
RUXIMPHDialogHandlers.dll,F7578EED146E69AAC814F3A9EF6F8680EF66196DC3ECEC99AA7C1C8A9AB540C1
rvmSetup.exe,F9839145D0FF44E7F198834CFCA63C0D3D998E3E909F5C6DD1B67D281AA62432
rwinsta.exe,B07859FA5F154872BBB97F2AFC6A55E603B429CB7007F98E2E22E30F02865DD8
samcli.dll,4752E691876592BB87AACEE57C9DCD9F6B44DD9F366D932BDF7FD21202A023E0
samlib.dll,D0718FE4624987B9F9786DEEBD7FFF74E0BA6512AC52C142420036893135D7D9
samsrv.dll,86FDE78B686C2A0F286F108CFA23806D1F308AA28D88E7EAFBF8E74A3F1E0546
sapi.dll,ADB5965EDD3882128A1A2AF7D360545BCDC859AAB1043980D78F41A082FB1E88
sapisvr.exe,88DCA7A3343A4D5F3FB0DEB9128D4AC4CB1DB3F7530839D7E4BA23DA23A10198
sapi_extensions.dll,17B4779C27C6982EA5C46791B67DBABAD34306352BDFEFADCB86C6C2745C3D27
sapi_onecore.dll,C019A573A0DB2ACBD121281263CBD10A3CED5510E317F9FB6B42EE53CBB4A4C3
sas.dll,B5C5970704EC006C7FC2C88301161AC158CE4E9EE08634755E3687556F8D64A9
sbe.dll,63CA5D99EBF0BF0267A37AD630B29AB78ECD0AE3325197DD17691E1A887CF4DA
sbeio.dll,F4630B73AF6607D3980F5323A14750B4E2A06A70C7982EEC12F8692C3144DA13
sberes.dll,E237CEE6AE375F4949C1B95B5053D60DA9933379D1D2AC28A502F36FF4A51A93
sbresources.dll,629860022B97EF308873A315AEE99ADF1821019B847DFAFAEC983A27CBFD6A96
sbscmp10.dll,118361EDEB3AE2C7F791A454FD08969F8D8288D735DB44A3C150BAFE332D4A66
sbscmp20_mscorwks.dll,118361EDEB3AE2C7F791A454FD08969F8D8288D735DB44A3C150BAFE332D4A66
sbscmp20_perfcounter.dll,118361EDEB3AE2C7F791A454FD08969F8D8288D735DB44A3C150BAFE332D4A66
sbservicetrigger.dll,DB0808216A9D53C3C0515C27DB7FD9FA3A02A2C0148AC5CDC756707E4F3DA9D4
SbsNclPerf.dll,12A1E57A94263BDC939B5F3B8C5305025737F08DA102C501536858CEA1F2FD26
sbs_diasymreader.dll,118361EDEB3AE2C7F791A454FD08969F8D8288D735DB44A3C150BAFE332D4A66
sbs_microsoft.jscript.dll,118361EDEB3AE2C7F791A454FD08969F8D8288D735DB44A3C150BAFE332D4A66
sbs_mscordbi.dll,118361EDEB3AE2C7F791A454FD08969F8D8288D735DB44A3C150BAFE332D4A66
sbs_mscorrc.dll,118361EDEB3AE2C7F791A454FD08969F8D8288D735DB44A3C150BAFE332D4A66
sbs_mscorsec.dll,118361EDEB3AE2C7F791A454FD08969F8D8288D735DB44A3C150BAFE332D4A66
sbs_system.configuration.install.dll,118361EDEB3AE2C7F791A454FD08969F8D8288D735DB44A3C150BAFE332D4A66
sbs_system.data.dll,118361EDEB3AE2C7F791A454FD08969F8D8288D735DB44A3C150BAFE332D4A66
sbs_system.enterpriseservices.dll,118361EDEB3AE2C7F791A454FD08969F8D8288D735DB44A3C150BAFE332D4A66
sbs_wminet_utils.dll,118361EDEB3AE2C7F791A454FD08969F8D8288D735DB44A3C150BAFE332D4A66
sc.exe,4FE6D9EB8109FB79FF645138DE7CFF37906867AADE589BD68AFA503A9AB3CFB2
ScanPlugin.dll,8DBDD32C26A46E548CA761E5774010F1FED18A27806A639EDAB5010A9E7DB2FA
scansetting.dll,63F3BAA89E2C1AE8AB6BB97EFA99F4898FC3FF905FE568E9CEF3A2A0F120BDF5
SCardBi.dll,D073534AF4228CBBE1901121339B05BABC57955B7120552C1CC852190E02B15E
SCardDlg.dll,C86187EC705A7B1C12291F027BC3AAA7E0CD573235B31DDB37986002CDF12812
SCardSvr.dll,AA8436A4200B5511F26088D29CF4EFC1977DCFCE72A0B2A5749484E1D3F87C2A
scavengeui.dll,9CEC64368273DF892E5F6E26ECD270A2A62C4FBCB0EB80052128DA9AEF8E4CFB
ScDeviceEnum.dll,AFF1772F4F0364410985AE63913A10002C87CFE20D2337743CA38FCBB9C72166
scecli.dll,7FEC45830CE4BD3C330F0E50EB68577004F19667CE2B405A00EF8B0CE135C2FE
scesrv.dll,9EA57B5C5CEAB9D683A27468C9CF45F9AFA55D8B0427396A332D4673EABDD8C8
schannel.dll,C60704B050280DBBE3BBF29598B7AD18812C25ABCDC276EFFD52FE2E2108F484
schedcli.dll,666E7294528B882656E6B55162234BB50219810F925ED1881BFE8A57A596A049
schedprov.dll,FDC33F4C29E3C3B92FB6ADB0A6CB01927C945BFA63CBB377604918CE59C743A1
schedsvc.dll,9FA2CB4E283623F56ADBC1E779EA16CD3A7A89DDD6AFCA932968C3F77C8365F7
schmmgmt.dll,8EEA407CB1281831A467AF74258E10FFDB81F4FB96FF6A087A5DE8820EBD4D93
schtasks.exe,ABCD98A854E034F464DB23A8954208B52A6FD15E6F94B8593004E7932E8F3CFC
scksp.dll,9C2ABFCCF0E0A7D0EECBCBB6DB04A67F5FCF9A8DD6FCD58C0DA84131A1529A21
scmbridge.dll,D6996A29C5865644D59FC7A6C6172C98A14F6D85BD157DA448E0ECA78CC26D6B
scmdmigplugin.dll,23CADA778F555EF6520467C781A5AE203AEFCBB5AEB0576276E75E6866C164B8
scp.exe,9F109CED3D575702764073BE91F83E46501DB38659C6192E76A30E219F7CA9AC
scrcons.exe,F96C187199362265FAC87ADB337DB242D24F9B313407646F89DA62A1ED12B6D9
ScreenClipping.dll,D3C10AC38993727F5F19CF3469CBEB47D29F34916E6AE7EBE69AD53B2C6E7933
ScreenClippingHost.exe,6C1F3925CB6CC7EA106AB6D87176BD873CA9B81D9910177CC9A622CEC17DE018
scripto.dll,03D450CCC9FC556C51CC97BED18668D63945D18459E0B6A9ABEF8282B7E7E86F
ScriptRunner.exe,2B676CE65A5C5A9AA2FEE6133A9C1E70D6E1DB0C6774CD7408599E90A6E019CA
scrobj.dll,B41FC641D9DED59F7C847A56B70B3E21A42F0C04E64FE8478774632BB47D0234
scrptadm.dll,5607552381035854B1492923B60E480561FC05CEA319A8B2E210EC2FA706DAC2
scrrun.dll,7F4C0929062B2705930DF7863597173D51C6B74E716D13A73DA2008FC0CABF1D
sdbinst.exe,3397DE3ADF66C5F45BFC5A4912482B8FD62CEF672688DF4FFAC96ED8E7F04CBD
sdchange.exe,A4CB0887AE4996564C104535600435B643C2D56F3FC338E95578505FDC150ABF
sdclt.exe,39D24878C4052EF14E1A087B8C95611DB970BD05CE3DF1BA61043E171B638165
sdcpl.dll,312496683377CA3C03AB65BDC30113F631B441F20E45F30D53941DC7E234A319
SDDS.dll,8FA794C64957605C19B3F44275FD1E64758E407E116DE57B1E986C98DDDDA3A7
sdengin2.dll,660FC66CC7C681CA10F3CB1BFD6DEC802179EC98B19DEF9B99367A1FE4877758
SDFHost.dll,2B777EF741AEC554362759CAA98DC8822BDEC6EE69ADDE1EDE5FBB1989057F4F
SDFLauncher.dll,58D5BF4BA24262D6647A23CF27BEFE0EAE39E2DC6F425F27D6033A1CCCBC03C6
sdhcinst.dll,CDF7CE50886AE84480DF2486F5C6D16D9F2F78C11AA6648B28E7EA14037A0ED9
sdiageng.dll,F922A7FC9E1DBFEB3274C331DF83A7897B7BE0CCAFB5F9C2A90F5E91944B8B1E
sdiagnhost.exe,9478DD1264331BA5A3DDAE261147867D916BA0F9461C81A17A0F7EDD92F3FC7C
sdiagprv.dll,02B7D85D3776980FBE6746FD7162FEDD80779FC354F1116DBE8795DB2BC1F75A
sdiagschd.dll,7CF03832A87C2DB867F1735FBBDB6B274DB6BE81DBF6ED0766C68A91A2BEEB79
sdohlp.dll,CC9AC88FE929392E5C0C960C695D46890C36DA81E9F2C4BD2A4EB87AA8B53F6A
sdrsvc.dll,E905AC677A0B93239BCEB0F98E1831970B0CE2E427A8B58CEEA8864EA707B754
sdshext.dll,9B85A7AE6AD9BACAFA011AEC83B76A5B79E6D110E6092F71D5140F9E9062F9DB
Search.Core.dll,79A6003BB7CA8F13CAB01FEF9D45FA67AC098454984932B8D7A2368435711A51
Search.ProtocolHandler.MAPI2.dll,346B12E8DE7E05E966D693051BC13CA24220E4DB5007B73758BBE6076164421E
SearchApi.CppWinrt.dll,BABCA4852793D967824E20CAB6124310D66B7D5A5164BE6C6F730F2BA0DCB01C
SearchApi.dll,54F2601881614DC8884B2E62049FE126DC346A2FF4438E8A898AD4D2BDDD4AC0
SearchApi.ProxyStub.dll,1105B54EA34F91B6249272CE332B60ABEB3308585F86E9BAC07335EB90508776
SearchApp.exe,E19DFC8606E3FE33E920B91AD84A8343C91A2B855E48B4DD22D435F5CF378D33
SearchFilterHost.exe,D2145BBF2BB021278C6D3565D5B6D32ABFE7AF489B2D8E3C37AC629D04B6B05C
SearchFolder.dll,50EE599122BDB26F57C7A914EBF5A9D3479AE0EF000BE8CADB3DB995331AC63A
SearchIndexer.exe,5D12C5B986F842A6BEAC1825889E22BDE3F33F19C0156238A1B4E3910F9C2E5A
SearchProtocolHost.exe,0975F875F8BB02DEAB42AE147B279DBD3BE1EA68B1F5A976626188684C48D437
SebBackgroundManagerPolicy.dll,43D59A8469D7F6E2D6D221F2C7E3F829806CB5099B3151314557EE19E87FA1CF
SecEdit.exe,56CB815F0FDA92C4658296692E4F70DEE557137528482FE7A834296BFDB710C0
SecHealthUI.exe,8FA3BD467B94A543CF85E5D6EC6F30DDD3A3B58BDDDF7E51AB9A9D855CB3B357
SecHealthUIDataModel.dll,3BC2B1B78F545973A9BBD498BA90232BA69C61E50D8E2114F4FCC9702D0800D4
SecHealthUITelemetry.dll,E52EFE1B706899B3F621DE0559A0B5211768E2DECDDFFEB9A020A415D903E32E
SecHealthUIViewModels.dll,00F5CA722D7D252046074B1CB33AA62F7205C95CAE245C50F76B08F77050B51F
sechost.dll,248BDD9607D0CB6C940BE00028BBFAF447081277D13AED183163DACE9DF5A59B
secinit.exe,AA365888AB4E37156F06EDF20049831BA7CD9203F6617A9632F1C8F3BCAFE15A
seclogon.dll,EE7A17583220A7A3B74A28D432CE8C9B6BEFE6F19C1062F8F286E640F5BBAE9E
secproc.dll,F959F5C84017379ACE97E72F7F7B2E0983EA25C0A4FAB25784269E6DF4F2EB22
secproc_isv.dll,614960826B660819701ABB801E0503A79A42869F9A30A8E9F747D3FCE89DC242
secproc_ssp.dll,816FF9872326A9998FD5C7B6A97731000897256AF18964F38E8A94866558C645
secproc_ssp_isv.dll,AE670A3E2742740B50D442D4731F25B5A17F86EED5A8161088CBD49CFD62ACD8
secur32.dll,A074AA8C960FF9F9F609604DB0B6FEFDD454CEB746DE6749753A551FE7B99B51
SecureAssessmentBrowser.exe,70B806B584FBAC476C99D3094997899CCCA4463F348C7B011BD90F68C04BB24B
SecureAssessmentHandlers.dll,78B550969014944D8CA663001053D452BB3CD26D223AB285AF6A2264B5053B27
SecureAssessment_JSBridge.dll,699366CC2B0E6B4824EAF8ADBCC5BB61F75791C2D6464F9252B2813BF61CCAE0
securebootai.dll,1F77AFD856FD857BC8E4282794FB81570422CF34E3576686E9A7152E762D5612
SecureBootEncodeUEFI.exe,E33D8E0E43755E2E61FA43A8070962AF2821E33D5780706B13AFA23FE789C231
securekernel.exe,EB99A0F10D0770B2AA5BFC9AB3BC7E929C4EACD58925D3955D846F9961BC5CC5
SecureTimeAggregator.dll,8D83FD5A4D28655B3A7A4C4E7ACB4D9E76A6F40FA8950A283713736B9E7EFA67
SecureUSBVideo.dll,216BFE28AF8DDF91C6F87A81FB5638D3372A6F6446C9C31C9C41FB4C28212680
security.dll,8C306CC13DFE0B9E82DD7257E3A13286B830518FC2CEDA0AB36E0031B42B78DD
SecurityAuditPoliciesSnapIn.dll,91A490978414BDFC0A44A6D893BCB5184CF34299E5B5A1A7AC66D54BCB64D89A
SecurityAuditPoliciesSnapIn.resources.dll,C686D35BF529AB6291AA009CED6D70BFAD83C41D7B3ADFDEA367A727ACDAAC7A
SecurityCenterBroker.dll,33207B00C92889C2230456FCC16136878EAFA468F0477FA41274E56F35B8D133
SecurityCenterBrokerPS.dll,F4E7C5A435AB59A3CE5F601E852C4BB736A233331FC6DFAA462E353333E838AF
SecurityHealthAgent.dll,EC49613F5BDA2AF78FC071AC86214CEAC345ACF5AF070D5FE309A229CC94D828
SecurityHealthHost.exe,862DE18D8C4F98C5B13F0BE2A32CEBF8A8926540A613974F3D494D20DA94EA39
SecurityHealthProxyStub.dll,87C136A667BF3737C769436DF5DA555E85CE902356355196A51D68BF475E4FB7
SecurityHealthService.exe,9B962CBDFAF32D0499614107B24888D1D5B838CE9B518042FC35AF200D8C5A1F
SecurityHealthSSO.dll,FD334CEADE1EC49CD6E4CAFAAD465024CE88E4CE31C14D84A7F6110F459EF638
SecurityHealthSystray.exe,570B37A7A3FFDAFCCECCC33CBC1968FEB857B73CA3CB4DFFEDC2E67E9ABD0878
sedplugins.dll,41B0E5DD2795ABEB347F1E85BE172E0D8ABC08E7538485CB6107B0CAF2968287
SEMgrPS.dll,A846979A674FA82C1219D4AE9362B12C1130C1B6AB57B0738F5C38CB028F3F01
SEMgrSvc.dll,8D02A3274D684C7736F5C088C56C19A628EA225319CF56EE5FF366F4194A77C4
sendmail.dll,A2710CF84DA03E18F6CE6CF91FA927AC5F5D75461AE82180EE2D35871533630F
Sens.dll,56A94B1617815C1E8A79D832B0F0CBA683C3080105CC4C87DBB9B8EAB4CD2690
SensApi.dll,CA097D315F1B906A20576BE91084F9BB64E98FAD18FDE14F0343200FDDD929B9
SenseCE.exe,5C0EF83D3FE8B1B796E7002D5645AAA89A13FFC5212AC1C4051B74E35B14925A
SenseCM.exe,3AEDB4484F7A4AFFEA0C891802181F7258BB5EEEB987768631BE0568DEB91336
SenseGPParser.exe,729AF3716436A2061F693BC7B8FAE9C52D400B8FF2D9070414788020C855C967
SenseIR.exe,7DE1F04B6EFAA632A2FB1425F4DA772B1C7475979D6B2FA94FE99745A8B6D86E
SenseMirror.dll,7F6D385A8F3C45E1B343A1644A71E69A846365648B4087198A1AC5B364022FE4
SenseNdr.exe,09CF63352A1C3D75F67A32E6358DF13109DE4A2982A7EBE4481A8A48F24C6282
SenseSampleUploader.exe,DACBAE0A935C277D25CF02B787D4130A63D3B4230A8C1AC8D2A3CC7B56B58401
SenseTVM.exe,C68FB7EF3AA972F0BF15476FC999EB5DA0589C8D3BD15CAD487BFCC2EF688F6A
SensorDataService.exe,C3DE970DAA10864AD81F1D9B264C2043F7C7C77288E4F7CC38A56E0C724CCFFC
SensorPerformanceEvents.dll,862F515C91AF5D1BD0BA0C4676D2C78F95153EDBD67E2427B9BCB9BC581F8706
SensorsAlsDriver.dll,39271BABD6E2A2AF7DE19071C34A9FEE52EDF6A6314DC9E38D3608D9D0C15EBF
SensorsApi.dll,D73D95FB573C55E94FCCE6DAABB7F0A4ACA68809056F5E4D0E22E9EC6C52B03B
SensorsClassExtension.dll,B4933550C75FF55563D020458D7EA6E3F5521DCD5A381221B782F6EB4CBC1A0B
SensorsCpl.dll,4E8581E1C76679BF978BD7BCB2604AB050FC42E8705896FCB9BF37D6D98248FF
SensorsCx.dll,4A4BE459AE3269EEB3A855820F217E97CA1BC70CC888411FCF517E0FC3B32721
SensorService.dll,FD98FF3DF2A33E4893D0E8E8E48F88DEC42443B9CDA289EA755D53471988488A
SensorsHid.dll,00C25FE77AAF54DE94F6A4E5731C6FF922F02EDE75CDC4ECA4B08749AF21AD12
SensorsNativeApi.dll,D7DE25AEC81454ABA9DF798BBF57DE1F81689659FBDA964D0669923C66F21126
SensorsNativeApi.V2.dll,4D97F0ECE5A033951C393847403292820E0D48F0F76CA29903E8779613ECDDE0
SensorsServiceDriver.dll,4CC7ED5051A6B891258F3E8C887990E38078EEC6C807D0752857E747977E62E3
SensorsUtilsV2.dll,7EF3AC78C3CFAAEA2E01EDF443EA43F51F68169196597D7B604BC159760C384A
sensrsvc.dll,A0B73C1BF636F14504B69606999287B6FE148C958A4F6E31E9022FF129A048E0
serialui.dll,FABC02947CB8E37CFC23D18F7020648DFD1A862459C6A540956D1B7AC870F38F
ServDeps.dll,E92ECC2455E700F71516BE538AC69E194F0DB7F1998CC7B630C7B4BE132ECD77
ServiceDS.dll,A4A3132FBBC8B40F88D207CE2DD92B6293C5CF7AA44C8C6A8DB5472157116F61
ServiceModelEvents.dll,167DF7D688E64F163BEB30FD5B10A6E04EE09D4D6D8E0B29625A1AB28AAB2852
ServiceModelInstallRC.dll,A04195E05FC34D14189741A47610C36444CAAD6BAC6F695E3651EC589F6364C8
ServiceModelPerformanceCounters.dll,39B0A61A2B2B7357D708DCDD1570F4AD8AC35F7F483A2B0693BB78953C168D15
ServiceModelReg.exe,C373DCD94DAF4087D58A2EB33AD051BC46D273A15F5AD31F02C8535767916868
servicemodelregai.dll,9DE74D422EE2EFD67776935759B3F448B4E49B3198A6993241C2FCA3D87E4C8B
ServiceModelRegMigPlugin.dll,A7D7A312BD1998D554C497951CE3EC775D653BEBD8BDC341E29C0334A3525ED9
ServiceModelRegUI.dll,F9400D39456614DE1A270B83820882971FEA30B7610F802E37FE47C7D64F1E13
ServiceMonikerSupport.dll,9811099667061C7852EE6C278ED675D40D3B811CD087F4D28B5CD6790274D1C6
services.exe,E6FE9A94E8686E957DBCEC2B89C1C1DDCF8E75D76E9200D0CBEF74D510C71317
ServicingUAPI.dll,4A4D70C2DFA5590717868A60FEA8AC0F5E33AA9AB99843D13662C3BA69085754
serwvdrv.dll,2E33479A6B7859C5071F78C1021193090EA965CE143023C9566F4B359B2CC27F
SessEnv.dll,7A841B1A6469AB0E207865F1AD4CBBEA8A7F7A715D5AE14600FEC033EC251E56
sessionmsg.exe,2416CD4AA577DBB2F8790A61E36FBAB2B30BFF81A4E1F67A5151C2FEC29585BC
setbcdlocale.dll,6F4A4F78ED11823F45FE9EFEAB507CBF8BBD90A415CD4151427B071ECC576DC0
sethc.exe,8798C149F63E1573E7AEC72E61796C95793866EF84375E521EB92940E2105F59
SetIEInstalledDateAI.dll,F4FC0654D7E83B61B34A7F9D102FC5E370070CAB7F0635E91F1C05BE4D45DA9D
SetNetworkLocation.dll,A47B1DB453D485E6F8596F211ECEEB68BC706496A08CF6A0CC4B57F2E00D9290
SetNetworkLocationFlyout.dll,8D161F6E849785468DDC31D48AA9C611124D1A743127F5F5D68AC5D40F22E55E
SetProxyCredential.dll,9DB969274B9F425F336808318050401DFCE3129F117B1AD91CCF7CCB3FB1B98D
setspn.exe,3EE597FA9B3333AB491807F48AEC985C4429F975E0DABCE2AF0CCAA182628884
SettingMonitor.dll,64CA0AD5CBF9E513720A83E80970B0BE4713735DAFA45974222A59C621D8EFC9
SettingsEnvironment.Desktop.dll,28DA9372BBE75C296904CD8C87B6BB395A92A5A4EB53AF6CAFCD9A5655041F80
SettingsExtensibilityHandlers.dll,FB79FBF348A5ACD70F7815B7DEF49282DFCBC27AC7E6CC601820AA0D10A2D202
SettingsHandlers_Accessibility.dll,4E446B7EE77669BC3E23F405554629B3648B8AED8F3AA638295A73EF5143B9A4
SettingsHandlers_AnalogShell.dll,72F6A5F97D959E4786C38B80A086B95D2D16C55FB1470C9859D3CC1AFF79ADDC
SettingsHandlers_AppControl.dll,07E85211F4E9AA54DD1069034E0C7994278B223F197B39B30EE15ECFE96B403B
SettingsHandlers_AppExecutionAlias.dll,B87BF3A7ABAAACC91A36038D0D10CBB6ED6F994CEB80CF422AB26B0DC98292AC
SettingsHandlers_AssignedAccess.dll,A0407FBA685A53FAADE15D92DFAB72324B28CA33EAFC9C8DAAFCD2DB4223F921
SettingsHandlers_Authentication.dll,FFDD9B31BF5FFCDBF5B5F71DAF90FFFCE044FE2FB90FF63EE747C688CEF3AF15
SettingsHandlers_BackgroundApps.dll,034B7921049BFFAEEF98C480A4107C291101DDE433817E3EA6BDDFD24E51644D
SettingsHandlers_BatteryUsage.dll,095F83C18F8A3BA74BD0EDD728A110C438D83F81A2F331AF7D88BADFB4E3625A
SettingsHandlers_BrowserDeclutter.dll,0133A07468D800EFDB9E8F46EF2258130495D2E986346A3199FD23CBD13691E3
SettingsHandlers_CapabilityAccess.dll,3BC13D048C06CD0C44FC4D43611B965C34D031472FBE2AA3AFA6AFDA6DEB1EF6
SettingsHandlers_Clipboard.dll,C1549A3102B78CBFDC9DB0239E611958C083975FC9921847324C3494639B5622
SettingsHandlers_ClosedCaptioning.dll,083A53D9B5176C5A573A0858EDB01B39B5D0713FC79DB62AE94171A1E625566F
SettingsHandlers_ContentDeliveryManager.dll,22F84A9421BF809E0549AF0B82434826792A6E9EB07CB4F556034F223DB92FCF
SettingsHandlers_Cortana.dll,3390BFB5E3338136ED2E6C6DF40655268E66D26333CDE2FE20E4DB92E9001DEA
SettingsHandlers_Devices.dll,0A3862F77E3C1B380DE1499C261C0D84B920BD4726B5AE32A2845D951820A039
SettingsHandlers_Display.dll,764F155746EBD561B33074BE7AE60D951F8AD1BD7496905DE65B620B35798DCE
SettingsHandlers_Flights.dll,E8020818F1269F9D05FA971D86C2ECDB57C02327EA6FAA0AC55FB13F9B7FD893
SettingsHandlers_Fonts.dll,10AC084E0EB831F22F845200143957AD488D09739DDFBDBA424C94A575D8EDF4
SettingsHandlers_ForceSync.dll,6D5FB68C2F1410E2A0EEB548AEEFF61CBF0EB07A6B762A65DC022FF7E846FB0A
SettingsHandlers_Gaming.dll,A1442D1BDF10104A36D4023456AE110138483DCAEB0E971CAA7BB965B6C2CB0D
SettingsHandlers_Geolocation.dll,A658883513A70D66A3D2090925D5B819C51F441DC3EA4D40F2ECE8E21F17CF49
SettingsHandlers_Gpu.dll,10B4A07723BAD229BE2FB48EC452F327C918A62987FF615A6249128ECCAD2788
SettingsHandlers_HoloLens_Environment.dll,32C78BE0DD45025A95F98F40157C1EA425FA927A1C07E33B30CEF583AB245028
SettingsHandlers_IME.dll,9578169D89615516987E30B950A4788B55FEC6EF2B14B5291B5BF3141F77FEE4
SettingsHandlers_InkingTypingPrivacy.dll,71662788920F2B925B92E6A00364088AFEB5D8ED5446FDF40374D4E6BA26316C
SettingsHandlers_InputPersonalization.dll,D0F91C7573D26332D7B92D213DCB3DD31B561207F8D5283BEBB3D870BEDBE4DB
SettingsHandlers_Language.dll,51D4B00F9D4EC1EAAE288DA044BC1F9F8CD16C9734BDB10D2322232014F234B7
SettingsHandlers_ManagePhone.dll,CD6F260F903AED941B93FAB77D0DC6F5BA33EA84F53D34AA67BAF9481980DEA1
SettingsHandlers_Maps.dll,8967DECE8D484D34E56978BE2EAFF8AE4B992D9ED1B83D75A3ABFB28B7BC8C9F
SettingsHandlers_Mouse.dll,EC0537E257AABA071723D1D6B1E6DE0953B27356514A40547F565D488AB92F9D
SettingsHandlers_Notifications.dll,9885B5AFB08C07811C6C79730EFD0BE6F8EB6C5D56196F0F8C2A4CFC98AC6A1C
SettingsHandlers_nt.dll,AD39A382955635B4155608BB62B0E4CAB57092F0177D061A3AA0181B5B190352
SettingsHandlers_OneCore_BatterySaver.dll,CD4AA8EB12F2013A19AC68D3858D0C103588096A6B81B0FD6E252BDBF5F09C85
SettingsHandlers_OneCore_PowerAndSleep.dll,FD92ED9BE01E16F67E664AE64058D37CA5F1C2A8878B1D7BF283C3A08C01C5D8
SettingsHandlers_OneDriveBackup.dll,7FCE4A335C3FD2F3BFDC19DE64DD8D42FA2FF54CF3D1BDFE467863083DDD2C8D
SettingsHandlers_OptionalFeatures.dll,681B6C154C410EDF90F0D26AD296E071DF342F6E42AFF947296CBAAC42F2CC93
SettingsHandlers_PCDisplay.dll,00B36A3C0817622340CE128435C11213E4555E7E30116ACCEDE324354E7962B7
SettingsHandlers_Pen.dll,DFC466A8D9B0802D88CFA048ED5B19E090242CB1DA95E1B66804EFE8398CD84A
SettingsHandlers_QuickActions.dll,B93C9093C3EB118FE01879114DA3FDCD859E26509CD8F0BFE2C7AA4806D64919
SettingsHandlers_Region.dll,42D4E44576E5031A32E824FC2903ADF4716E2899A248E805FA42395983C97A74
SettingsHandlers_SharedExperiences_Rome.dll,60068447B55C8BB6E99789D06FF38715CEFF16BADC865147522C4DFF0C68384B
SettingsHandlers_SIUF.dll,10A38BA92BD586ED85917987562862E7B40D0D63B8E1564A5B7D8E439BF9BB6E
SettingsHandlers_SpeechPrivacy.dll,8F9FE3402058121863F81AA653E0C2965F451DB11A82B07B4117E91315225A3F
SettingsHandlers_Startup.dll,D43868A02839A59D5CACCADD2F65F42B3E4CBD2D3038D46EDE5CFCF13967C86D
SettingsHandlers_StorageSense.dll,DF1F3B86832EDDDF71350DEF58CA1CCE6D616F1E35DDC8F5D3F0346CDB30B3DA
SettingsHandlers_Troubleshoot.dll,4B767E1D65D26483326652B2EB5F370ACB7B27D7DB6F8E1AC7E7299EE6795A05
SettingsHandlers_User.dll,385D31812ACA9903CCF2C7433083BD591EBE02BA918344AE8E77D608F3A0109C
SettingsHandlers_UserAccount.dll,181B30750E7B6BE3572D6298520E71BAE5AE66D0B056FFB434D4F76BFA4D9ADC
SettingsHandlers_UserExperience.dll,DBDBFD8DF2FD192DC7698BDB35C8B18F39B68FE9F1B6DD6D212AC8AB266F329D
SettingsHandlers_WorkAccess.dll,0379B62B4FA9F8B9AA3FF7468420B6BE2EC1FC1106C00495E30FF6FF8FCE855C
SettingSync.dll,60C819AEC3FA1076C541B1F07C8DE6D04D6E68EFF6B5D504803B93FD9EEDAA1D
SettingSyncCore.dll,42A31F218579F59616B98EAF6683044E93FB822593348C4ACB126ACAF4B27612
SettingSyncDownloadHelper.dll,844A8938DB4F9CD0851AF1C508DDC52221E68FCF65437ACA498381BE2DC7DB77
SettingSyncHost.exe,30C04B1170769643FDB7FC800F5D6DC85AC72C0A5E2A72DFC7F2AF260CA9AB2C
Setup.exe,B5C3D4CCA8C9C5E8D3214CC30D41C0F021C459A48A99C5CD2397E5D43CD8124B
setup16.exe,68FD20DD46557480EDAB5507FA41D3C15357CF4A62778F59A8CBDE54CD7D9300
setupapi.dll,04F9D60F6D9262D819FE47C055BBB726F086528DD1A56F2BDA30ED1A4DD1F615
setupcl.dll,8380D8DB13781AA2E3AFED2ADEE27AB3716BAA679FE68343C2C61BABD8DB9015
setupcl.exe,CD98B1F88762D352806D1959F6CFEF00F599EA52286449073CC685153A7B3EC7
SetupCleanupTask.dll,9EC93ABB7FAD92951AD3B3DE6FF79C10CA0DBEFE8483CA47CAE0CBBB482605CE
setupcln.dll,36BA5917CED696B6B1C69C6E2937AA0DB2F5C55B010C63680392A57340CF700A
setupetw.dll,5AA56763B44EB9405CDCB2167E2F83503EFBE2873827ECCED9E9D6F0DCE4C981
SetupPlatformProvider.dll,D502F765D63FE5D7E2C95252064251B519C3831A9422909B9A2DBCB2AB999032
setupugc.exe,DE6FD33BA98DC97BDF55C29459A0AFD892DB9BA350BD3D0BAD4B8365E7E2BDBE
setup_wm.exe,B7E8F2E0DD4800B01A3F9B2113C47B12E1881A7AC6515261AAC2C07F18872A09
setx.exe,84A5CE53747DDE0FBD2A9E94FD668591FBB7BDE1BBEE25A84A9E6216159DCB3A
sfc.dll,01560CAC4E46584B80093786F7A44A374D5F42CA0B53431A1E004817020BC778
sfc.exe,167A282DE037BCD2192205EC555890F849C4BF305CD284A763060F3332C453C6
sfc_os.dll,3841A8EF83CB3E7AD78D1868CBA8AB31F0728C3BC6F661DA74F86B8D1531C8BB
sftp.exe,A354EB6416AB635AB8059FE07FB87488793EEE30FAB09429E00974DBF38F90C1
SgrmBroker.exe,F9CBF1FF87D6F11920C4B7367EA2178BF13AA276C65D918950683983F268BC1F
SgrmEnclave.dll,6B9E8C37484D9C25D5481BADA5BB804DA8692D83526A3509162D540CED2750AC
SgrmEnclave_secure.dll,7301B5DC03A82CEFB04FD0B74CD207E7015000A141A03FF9DCFBD6C9B5E34394
SgrmLpac.exe,249B9A3A875AF413328BC559620FEC131A0DB707CB6B46001C752ADCF3E043DF
shacct.dll,56802F3065BCAE99A48CFAFD6B2EC3DE9EF0EE80A0698D092270E201EE2B8C85
shacctprofile.dll,D8B1FF35B9E2ACE45DDE05593DA752EC2E2FCBF40B1B3D48C66BC973437E363E
ShapeCollector.exe,2C0DECB7DF8DF6FF79FF9DE4FEBAE78B4D40A68A2F96D6BEAE5A9C911D56A65E
SharedPCCSP.dll,E74B1FF024BA9E66A832CE555E00A355E4BEBB51EA59877882F8AB0CA6FB82CB
SharedRealitySvc.dll,080577CA05BE061DA02FBC5E87ACAB60DB7BB97BE761952774E521FD0B94F43F
SharedReg12.dll,118361EDEB3AE2C7F791A454FD08969F8D8288D735DB44A3C150BAFE332D4A66
ShareHost.dll,5AE03A911EC1A57BF0098319C4CC9A15C1D715A606F07A105FBD01F1714DE89B
sharemediacpl.dll,EF2CEA0F47E4D58D6C0B184A79FD9B79E8FEDC726104412B81465402863297A1
SharePickerUI.dll,A98E450291728CA358FD9F414EB78DBC675835A86A6F629E7633BE911DD34452
SHCore.dll,66B6F29A092AB5B20DB60BD19F27816022F1775526B8E8848A4033DB80CA316A
shdocvw.dll,F37BBD26A1DFDD58AA8B5D8823A6E175F503CB36724E4A3E1DAD6A83F89438DC
shell32.dll,5DB83C3A7A5B199664F98CB8485C1CBA6AE645C35DE0629BE58E8F58C14F08D9
ShellAppRuntime.exe,D6370B849F0B42BB169DECB73209229C2867C3F2DB4B3ECCF72F0C4635D4F682
shellbrd.dll,8013DBA1F492421E1C1AF8BF1FB1DBFBF0036B218DA5A0B42D5485B171F38088
ShellCommonCommonProxyStub.dll,697B67B6EE558E3A18045EBF4A500FA81D62E987637D8C739706170C6211B5DD
ShellExperienceHost.exe,0CA78990791F4C02A19DFF504925657993B5C4CF0523CF0D40E11DEE47012A7E
shellext.dll,A7DD88F4568565CE0A76238FAED9010172CA63F96D31C07F735DDA04EBD79E57
ShellLauncherConfig.dll,9513F67306CE512E8717772C178B541C02B81C45F0B34594A9FFA1ED572B8559
ShellLauncherConfig.exe,91BB1BEEB0B9295523F00789EC2E628916CED047F177544981CAA0DF77CC023B
shelllauncherproviderevents.dll,589301C3701ED9A6A352FDA7D3501DAFCDAAB1EE6CE7D65C9B9C2F9C35F3E26C
ShellLauncherRepository.dll,945A792BC665ABA37A057C380B3AA2F8519F57CE7379D039C66F151A975F140C
shellstyle.dll,863E513B3A1995420C7ED83A8704F115A64C10C6E93D4CB0BCD4B94EF5DAA5F4
shfolder.dll,B6B87740891507997EBF4784F122EBD8433495AD2601356BCC03756DE9FD715B
shgina.dll,E0936D567956F0227E0334FF2AE02B0DDECE8B4C4B0C30A919DC3327E7BA725E
shimeng.dll,4713AD99C7A9E86994107BAF605F139679CB0C141424D55E5D160981BCE05CDE
shimgvw.dll,AEA4881823C929866F4214154B482464FBA9C05BB63A7D516785C691A4E78801
shlwapi.dll,7DD506B7C39A12A383ED6B0F2F5C5ECE8E406893DCC4B877869AC4C1A8266D11
shmig.dll,1D7EFC6EB930EC4F4982F123001AB3952AD913EAC26FD0CEC3F5E2FF3D56FC7B
ShoulderTapView.dll,1D270A922856DEEA8C2EA61E6360D608C3F0DB20948E5C403E1E53B85826D47C
showmount.exe,4DC52B9818CF529C2EA9B253DBD8CB5BE51A199C08EE5CE076985CE16A7F77BD
shpafact.dll,D59758814504BA412BE12555DFA5FBB857770B53DDF0D2608FF67D3B8AE35DE7
shrpubw.exe,18F9DF881FFEB43EBF558CB5BFC2B40BB64E54A2DEE391B79CEBB10173FB41EB
shsetup.dll,4FB056264EBE4108BA5A4222013F2E3A517D3F4DE5F493D1159B5DD83D1DAC0F
shsvcs.dll,D47D09285EDEA7F8314A61441277555422773F078E1C808BB1047345C21C5734
shtransform.dll,120550FF1B533988F4F72A9CE9A95656DE57C502FE06D4AC8429EAAD17444E09
shunimpl.dll,E557EA5E5E4AEC6AACE9C72D38E41A5A58C753F5DEC39906FCD2BAF41E507496
shutdown.exe,DBDC6188128B32E6E3D99CD0B136FF0F0EA6CDFA2D3C748F342C5697E7BF4C58
shutdownext.dll,3318640C4E904A5F18FF1558390794EAF798806F06E61716839076CDD35BD5F7
shutdownux.dll,2B6A3036208C99FB45B3B336C508BD1A770CDE7BB847BE4CB70B77F06D2C7FE4
shwebsvc.dll,336D365071EAFEC41F461B367CFD8B230BB8973C88B0BDBED9C613C77C6A4948
sigc-3.0-0.dll,1981320343C476AD392D76B2FF6608B2D4F0A0385F729D3BC4C87FB01EEA2783
signdrv.dll,FCC03528F889431E071B6B1598011E88ABFAD0517FA196934B86492A3339B57C
sigverif.exe,064DE47877B00DC35886E829A697E4ADB3D3CFDF294DDBA13B6009A0F415B1BD
SIHClient.exe,4CD9B593FB1C494C7A8452A842DB774995C62746F68BDCAAA7D81D2433ED78C8
SIHEng.dll,0BD9552A1C176C56E9A5C5F7F18BF8DD164C636D48047352C38B4C82B68588D2
sihost.exe,8EE21A0BA8849D31C265B4090A9E2EBE8BA66F58A8F71D4E96509E8A78F7DB00
SimAuth.dll,7D3044F25F52A21AF531B32995647FC42682A55F7D1FE8BE9085152782B5D736
SimCfg.dll,D6091A3B4E26953CE5AC70AA820129231650597DF460CFBD36A1F3C6259380C2
simptcp.dll,8DFECC05E01BDE03FD7E2F7A16F1CB7047A9F4EC2CA7A90C61305DBA753848A9
SixDofControllerManager.ProxyStubs.dll,012B2B3D03E17B2FB03F9D2CF306CC604BEE32891C2BE2EBF905933C78388BB4
skchobj.dll,C78E773DF9D28373A60281DC3A5D5D8C89C5C2674E5DE1007F6443A498C3E3FE
skchui.dll,C78E773DF9D28373A60281DC3A5D5D8C89C5C2674E5DE1007F6443A498C3E3FE
skci.dll,25C8C10E06098693FAD61842578A167C2FD554781B119E60ED049F5C8B976DE2
slc.dll,948BD64A047A274C371E4330F1069FECF1D56C0842C0272A824B5B665D905F0E
slcext.dll,CF8F200FD6D5711A1BFB0FBB9E7584B02B1D51D8B5B1984A16DF638CE38DA35F
SlideToShutDown.exe,C167F7C83952A95633AD4B65D419D162F85066DEA159CB011E771C7C1E07476F
slui.exe,BAE28691EE1DF6693795C679A8D097EDF39ACE2758DAE4A80D00FBB79CC0BB77
slwga.dll,8EA06003522D6C637BAD885C63C00CAEB59C1D8B9C7E02817C90723CDCF18A8B
SmartCardBackgroundPolicy.dll,A6E1E74922114423B7A90C6DA24E9EB6F344B2D7B935094184087A97644240BF
SmartcardCredentialProvider.dll,8BBCB503D46ECDF79B8C5684DCB3C520486742EC65B919CB2E47AD437A6FFFE4
SmartCardSimulator.dll,FEADDA5E762CCBEA1BD73A7B37E37EBEAD0F18B4B5D1B9D070855F029C03CA7A
smartscreen.exe,5402CEFB8E7351079FC73A247056AF66678560568486DE484374213B643B4FBE
smartscreenps.dll,E13C1DBDD2F2E124E0CF5280E23D7530E0424C13C09179782B04EE6CF3CE773A
SMBHelperClass.dll,E65FD4472871372D16BF1A968BB8010C64E03BE0D2E35867100655E3ED27F206
smbwmiv2.dll,74B48440054B4ECEE133113CA65302C8B27AE809C914EF5E242B6C8918D4D8BD
SMCCx.dll,D3AEB6AEB9D1EB13CF671641D41EF8AB26F07A060A36BAEC941E753E734D56DC
SMConfigInstaller.exe,75160EDE32360FDEB6123699A96057F03D3AF47C3389F6EA6DDA8111CD18AE83
SMDiagnostics.dll,FC6A8BA430D18BAA13E03BE9705E91F98AF44DDFC618C83F8B0AD79DE0DDA39D
SmiEngine.dll,83F614D5ADA0347E6291B8FC74FB63B156F4308B198947732DB35A86EF4AED2D
smipi.dll,86FCDB2172F6DF6E12AEE442D2DAF19F5858B95A24F502C37A53BC78E05DB96B
SmiProvider.dll,0B0D53E507A01D54AA92F61C6027BE071F14F656F86D8C4A85AED1B8B815CEE3
smphost.dll,B4E2C762BBC3F771B8FD1EF5B1678CB846CC7D1E67A3CDEB36B60140E532A458
SmsRouterSvc.dll,798A317F7FC355673FA12FA0915CA96FEB7F92BC0BA3BEE593F793D98C82CF58
smss.exe,56AFE5133FDC5806EC6B19436F7B55F1499CFC94619740C171424FBCF7808FD3
SMSvcHost.exe,697A136A67EF59FF9EFF850BD2F0633ED467370751365895D958AB13D10A30D6
SMTPCons.dll,4AED665D87E0B22AC49713D1826482DE455AF123F759BF6A3108AD0540A5DBDF
SnapInAbout.dll,A691997DCA1BE6E1DD0EC99974DD9CD72C16A20B38438AF27B665C8F96024A41
SndVol.exe,1D7E84A9706C9B8CE7C4EBC5ED908B43E5CD6C6A1280F2EEFD9306EFA5CAA9BD
SndVolSSO.dll,6193C03A6CEF88650AC9B09175A05BE07CE97483802ABDC4AFDCBE0D6BFD42AA
SnippingTool.exe,394D61CE473D6AC8F771802C916099F05E0F0AD4EA61194731A6DB00495B173A
snmpapi.dll,2F30A9561980E5A789ADEC264DC852256ECA05D73B38C016B66425DC40EC1848
snmptrap.exe,9D665698FF26ED333AD385B4B7A6C0F2B6806371D278E281FA4188002A5317E8
socialapis.dll,BBA029A948F50E1447538848BCC04F4B5BDDF62CF5036BCA0684865B5E3BAAEF
softkbd.dll,AEA6068207196C6A181D224312DBFB4B978D6B42E99704D02C58459D0A29E8BB
softpub.dll,8D1F480182280191E9B73EBB59F6512716136E3EFBA61017BD47CE3F71E3B233
sort.exe,A0A4FB16F2E2469624E82D6F87C5180B40D6213C3A993B0A85E391BE1B149897
SortServer2003Compat.dll,11FA12E207EB0C0E4379F62B3C70D278B98D08F769CAB69CEE1F0EB34313A2EE
SortWindows61.dll,C63D3680098420DA84D5D987766BD82CE53B03C030BEF6C43C8CD094105DD569
SortWindows62.dll,5FF3E10CF33E8F1E241E350B8AA2B38AB0DF27E0680500BDA2BCF0BC7745E767
SortWindows64.dll,AC1CEC271CB890F31E506C108F4A83E3719059480CC41A7C5F18E2A573019910
SortWindows6Compat.dll,B075DA7025924851475335C3E826AB4C8AA9F741C4DB71424A1830473AB5D53C
SOS.dll,B5B85D7A41BBE148061FB88D1E5B77C039E12B7C7163E736BC106EBE35DD8D7F
SpaceAgent.exe,0793CD515F80FB8025924418C7E289047BBC15019ACEA868914EA0015FCB6ADA
spacebridge.dll,6092C6B8648267F774EDCBE2CA73C3BAD47205516E73CF6FF31B4097BBE4C644
SpaceControl.dll,18D51BD52B4FA76870407F7EE4A0B0BD0B86C0FBDD7F00322EDC50D3D4FF15D2
spaceman.exe,EF7810DE73E93749CEFBA540B1F360360EABFEF4A519B36BC21989D422FBD2F2
SpatialAudioLicenseSrv.exe,910A4FE6B7271048F371F0BB9565E8879CE2E7110A088376B06AD9CE6ADDD98A
SpatializerApo.dll,7C724868E9F644CC87DDB03C8756B0F2F0E97094D7C66260FD046B0B840DD114
SpatialStore.dll,236C5C9243F6AE81A80415B44DF618D157B8C98D99B5AEA8F834FC49F4C73967
spbcd.dll,4E3B1C2079BBDC9A965A8A94EA66DAF31AC374C3A3092183B183F2DF2EEAFE6B
Spectrum.exe,57ADE4D8A649A99CBFE0E438C76C0A12DDD1600148B4653DE7DD5A9AC7D47F43
SpectrumSyncClient.dll,71D8A301C01F61D1BB69784D823A8040FA43CF3F063325B68E97B47CC3E3814C
SpeechBrokeredApi.dll,F038E736E2A5E3F2CEAC61DCC081F8052F090E9254797D9B8B649C3D0C4F47D6
SpeechDiagnosticUtil.dll,E1DF512880CDE17B2B56785B40D2ACD31DD15EC813A438FD46413E2124B1C5BD
SpeechModelDownload.exe,818572E2A4BCA47D6C5482440D674330C0702734542DB2A62BEC250BDCF69E9F
SpeechPal.dll,2E4135A3331363D1095644C5224CF3818CFE8D94DBF08554DEC7A573DA3AAC87
SpeechRuntime.exe,C48DBFA782376BAAA00DAF312FF8F4BDB7923BB227AA38C49C3DD91328A4B39A
SpeechServiceWinRTApi.ProxyStub.dll,92B3C6620600AD8652E8FD4AC2A847CE3D0B48A05004ABD9B4AF29D26408AFFF
SpeechUX.dll,73F4CACAC48BFE3339A3036B4DECB783D4133A6CD308381849B2B746B0101302
speechuxcpl.dll,B57FB9DFF3B34055FD3861BB30231578CECCD541F67B03CB8EF94EB2A71FF03E
SpeechUXPS.DLL,3D689C01BCD026F7FE64E99A7D290F973414CB14AB20AF18F8719EDC880FDF8D
SpeechUXRes.dll,C154F4160E67695974541D5C04C8FEA5DED8DAE52C59B5210541FB3599B6FBE7
SpeechUXWiz.exe,6FA424DDD31E80D679D987FD94FB2A35D8BBEAD7F5F09404AF531B46DBAE85B6
spfileq.dll,DC935505C576F14C09319AA1DB9F2861E88FECBA6EF92277196F6AB3A98D4908
spinf.dll,AE3D90A280393D8B72EA63E7CF4EE482C1A380A6F466F3E5F86D497FFC48D7FE
splwow64.exe,FC90BA7FE29F4455CD5220AF13C92C9493FD0C45CB7478BA1216F9F39A2402A4
spmpm.dll,37E00268BEE7390BAFE349956169A3D312B8F7671D58EF648D7FC9BDD5125C36
spnet.dll,314C3F3B49FCB6691488A7386BD09B69EAD70CDF402051AE31D5D422468FA0D9
spoolss.dll,C0A42B03016F5090BDC7D7F70FF9D9EA2082A4FCA8F45F778265DB6020D81A75
spoolsv.exe,BCEC1954F66821D77D990328827093CC309E7ADF1DBDE51AF3F79D09570DF92B
spopk.dll,A570A9BA632F6B8FECD5FEC5ABBDADA1AAEC2B2AB89BF2EAF7C1487A1B3C83E0
spp.dll,84917B6B4CE3B6E97F41B1CE23E96A4DE95BE2838E412BED1C97841183E0278B
sppc.dll,A6C5063F085BC2B9205969A7885580DB787311522C47F57C0C12A1D7BB283428
sppcext.dll,0F135F2E7B039CF5A61A3651035C8F4F3EAB8800EA2733AF93C6EDBF61908C9E
sppcomapi.dll,CB961BDE05036B3C113850EBA223408DB4B41137CEE14DA0DC90C813DB01D58C
sppcommdlg.dll,F4561BD188608D78A65DF4C509DA5F03169AF43B9FA3FCEF2274FF766EDBEB5E
SppExtComObj.Exe,C5F835F35836B0F1F7AC500304DAB3CD49FFDC447AC497B0FC25FD160A39F732
sppinst.dll,F99F66E71D67C4F0C4C4B92B809FECF29390D4D9CB0DBA4292BBA42CFAF43150
sppmig.dll,3766D82C8E6F5C5BFAA1697FB60484D012CBBCD327B229AB483D83D08631C1C0
sppnp.dll,207816A107793A554F18E480B59DE9B5F98B0BBD54A7E81ECF666E538E0E363B
sppobjs.dll,176728F3337BE9F67C588BDD79F1F4E3F2953C0CA3453D46150531A949553424
spprgrss.dll,BC8EF37D76DE1321CDEAF14660AAB8BB4DC58019A4B3226DE204C60308BE1E40
sppsvc.exe,1A2EBF45F7055C014B7A982C1D3483522C0C7F7EB5E6308381EEF44A842DB416
sppwinob.dll,969970ADE02AA3CA654FE82C50110E518FC36898A202E4EF3418AEA792C60FBA
sppwmi.dll,FC8520287AE9E6ED5D1502019D10929EFA32325A483A5D01F90A7A96F5A8EA9E
spsreng.dll,78480BBBEEED47547B4C212282EA160801765AF793BE1F335D272C705783CE7D
spsreng_onecore.dll,61B819A6C59DF953D2E81F64A9952FA09D2D1B275AC8257221A38172C78435B2
spsrx.dll,AD1235707FC01A58A77F0B2E0B17F8C0AC6CD3BC4AC7573990F1FF181B2BA95E
spsrx_onecore.dll,F0CDBD6E1A7FF99D2922043C1D4FD13139AF89E621D0CF4ED5F8C88548D30CEB
SPTIP.DLL,89EBAAF011425795201BD9BCEB3B96C89D049270DB4BDCA9A18AD1E7C990B904
spwinsat.dll,F631112628B188D463DF4AADE21D7047AF9BDDBF712E0065A41561D8F3F4BB1B
spwizeng.dll,8537351732F6CC51C6E0910B3F2BC8DFD434525A698257F24077EE83507A2E17
spwizimg.dll,B206630E0C06B9BEA1809D80B9F2601EE417857E7C8A22C1854E30C08EA744E1
spwizres.dll,A2839E5AC359F0C54CC36174E3DE66F0E13899E2685B51C1BB81284F6A32E46A
spwmp.dll,C194C0AAAC461CD9DE3CAA849A280AC54CD77A9711B7B52E9856A7E4E0D8129A
sqloledb.dll,262D2855D924BE31190572BCBD81AC903871BC2227427351CDC96176F0667A75
sqlsrv32.dll,841BEEF6920D5006C5EF001C906FFF82AE3A511583E3CB5FE438BA9D4D0AF433
sqlunirl.dll,F3E8CE1DF045F0CC96BD06AF8AE57C745D462146E4CC0E1DBA5841AAE605D352
sqlwid.dll,B840090CF08C62F90D55CA33311BA57D06D4E614FF0B89E7E3630700D8708BB9
sqlwoa.dll,9CE0C38723A273C31C45336042303DBB49E2513829E9DFC3CD195D9EF820E6BC
sqlxmlx.dll,C45C3002ECF8D0AFA9D083820A761BC9A1E4561F609B030699F923A3475F1B75
sqmapi.dll,60D291C3EBDFFAE55BB843C00014115AD6DA32173A237D435D14065F92A3CB01
srchadmin.dll,4D070D17E3484D86B0E00A9A1281C265FCACC80A2E29D0BA857498C6760A3E50
srclient.dll,9DE8A03A0581F678A5BAC2D9D51BD537F8D550874D22571D78FF15B6D7295230
SRCMessages.dll,3E9E72247A67DDFF882A45B546EC9DA9E50807240B7DA3E06E7373FDE9C0B48A
srcore.dll,2141BFED725CED2A0970743314A94B38697994AF21B2A9D8E6AF6FDDA716A77D
SrcRes.dll,81AE88A7FD0C6479C2CA930BEDAC1DA11848CA01FF92E9DA6093496BEC19F6D5
SRCTSHost.dll,8D433B913532F7472C07D33D29B1234C2FB0F475E487EDC199BB8011C36C8DB7
srdelayed.exe,F5F969345107E3B968C539106F6D759D440D264619E798A762BE30B63E3FDF17
SrEvents.dll,36CE0D808A5BF49CAA8BCA12F8EB71D8C34C879DCC4208E94F47CF2D9D7995C1
SRH.dll,BB06DEFC907A6A57803DB431FABEEB26DADAEE86F910CC447D22D753241B4952
srhelper.dll,1A7B3DC6503FEC4A080DAE7AE59B4A2BEB2766326D148653C5E3DC3E05113415
srloc.dll,FC7AFEBF78EC67C5B48EAE393722D2A6DA0FB4CA7AF952069BF3A05B96F6FF4A
srm.dll,5DDC0927B34325087F02CD45015EC366B4CE9F8FFB05BB949692B1647EB2FFF9
srmclient.dll,9ADF1CB47399289A298FA819A22476CE9EC4583885E3983A66E30B609210324C
srmlib.dll,B0E5DC4AC6FF7C160D4C590FAA306D124F37B5E0B2D158E92E9A72D3D3E52958
srmscan.dll,EB5AD9B99721E9A4F1DA6AEDF5DA0CE666FE097C8DA660B5C4FBC1DB1F2CD895
srmshell.dll,1542C8E9B466B3C314DC4D65CECC87C728E7D43F0909CA922D7818E2F40076F7
srmstormod.dll,25DDFFF3976D5CFA57B6F9F27071C2A1E8FAE98964E8CC8EF9F3AA73A63A37A3
srmtrace.dll,494B95D2F641E47CE32DE03578D7C50111AEC76F372982B9E6D374E586C5C17E
srm_ps.dll,667E6F08FC8422B5890010D630778DF8E2689CCCBA5D9D3063EBB9005C513B7F
srpapi.dll,0716E71EB7D3016017E2E2427A1E2D4C30282D7E9247FDF226868A6BC9907141
SrpUxNativeSnapIn.dll,6C499A45B334E76811105444DF027560CD167A35729DAE185B05FFEDB40630D6
SrpUxSnapIn.dll,08CD06EE99B399FF6B2E902579E70EB5F977D1A35652CE18EBC255B7834CC1E2
SrpUxSnapIn.resources.dll,9CDA5F7B926858026DA5BA4911C2760C03B7A04DD5DD0C87AF607D0139D49541
srrstr.dll,1217DC18C6052A16DBD9F6BA92D9C3B6A6036EBBAA7292917A0F2955AA124A25
SrTasks.exe,40E27A9039A2E4A731EA6A74291840FB13C679A1E8AE5B523016AA15727D8A58
srumapi.dll,D1D18C5154F1763916CC784F7F5BC6922A5B3E5BF711E002E358C8A504F74DD2
srumsvc.dll,B93794849AFE71292ABA08F4781B85E8101158119A5187851E401A963B75161A
srvcli.dll,21CC37B3A920F97669E47C04877612F0BA090CF2DA5C88B1110BE4A53FCAF588
srvsvc.dll,C1319471A154343636888DDC79FC2283A1D249C68E4CFBCB6F3624AF265E33EA
srwmi.dll,1F9F1923D646AA28E27301125B90157994524D41EE22D30488B3E6CCEC2EA3AF
sscore.dll,1641898B0526321D28F5791DA67D4E63FB4D4583C72A8B22441EEA013E2681B1
sscoreext.dll,A7E7EE9D7D85B6727BE823C6FDE525520E967086AC94A1D403299E4F2BAF35A4
ssdm.dll,B14B950B87F773524599CF645997B6CF962DFF790F2A2F8B2486943D912A7E5E
ssdpapi.dll,83297C3E85856EC61AFB4103B8C08AAFBFF7F39CC31614F8A3649304296F080B
ssdpsrv.dll,DB77A17320D1F851E875AA626CBFACEFC23A0A2786F8291CE370B788B93E560A
ssh-add.exe,45E5D01B732046019D56C1964CD3B9145C472E94CF71E910B7D314836CDE04DF
ssh-agent.exe,71F4CC7595C6D5E93AAA14259DF817C6C1D4BBCF285545FD980F6DBC86A30379
ssh-keygen.exe,731BEFCB1A1655FE46EF91B3A02982B71D841E439DE362EF3B1ECA5644FC8DAE
ssh-keyscan.exe,2BA00213F3E384CDC396DCCD5A58F17A9DADA923AE8DB5104ECF4AF972FE8FFE
ssh.exe,722BEE41CCF54B88660C0E67ADEB2C9612C18D739E5A8EB8C35C3D7066A95871
sspicli.dll,A64C6C427C66E1C3747459D0FEECC558046F4537B2AC005A74CC8F564CEEEF5F
sspisrv.dll,8FD38B6B8D10DEDBA90B18DE59860CF8DC585EA229DC9D583F384C98C9A3C871
SSShim.dll,359FE598079B923431ADB9F2F1492FF67711AC8204B9109B2B6EE20EE10A012D
sstpsvc.dll,47C09C9ED7C2414F48D51A68B66678BA2CD63F52C55F30697CB6059DAEA85206
StartMenuExperienceHost.exe,7D00473ED0E5AFFD24C1B658C0FFB2DA386105CE72A4D061F4097D00B13BDE34
StartTileData.dll,04854D20779F91842AC87B0045C679AAEEFEC0DF9FE8B3E4B2D8ADDE7ED82185
StartUI.dll,9B1E67A49B0AAF87AE32B069B7E75D4D68B1C5EC35347D30E62133363933617E
Startupscan.dll,7C5A2BFBD6B68D97204A11E71C0F47A60E882CC0EABCE7DF481A03DDA74FFAE2
StateRepository.Core.dll,68A955861A6BF6151E8186F43D52C91E2BEF3879667F694AB5CF430ACA68FB50
static.dll,776D853FC9ACF435A368535BACD047BA584FA2455E17CE6FBC29E6FFA0023A34
station.dll,BD9C66C6012A64B514A171D1200203B9C05A04B79723E54085784AC85D3551FD
stclient.dll,DE566AE637F65E6A95A13A6365BCBDFAAE3BC7D630F67938AE027F9FCC7783B4
stdprov.dll,5B1EF63B86B32A74744F7CC362D96943FC85CCED03AE102412DDA3C2A1CC0430
sti.dll,6DC181F485EA71234E4411048BBDC121A5958DE90052147D9BAE1F6431183715
sti_ci.dll,B96B8895B7B13B2DBFC35A5813E9E7329C46F2F503AB8A114E2A3EDD89161CAC
stobject.dll,CB4D87420935064591D1182A939606C14A71F2FB7D539496BBE9091C09801FC2
storage.dll,126A00E34A6516C0D382A221071AB4084031C2A89CCB6144CAB960CE1F86EE2C
StorageContextHandler.dll,5909A4D52D351EE4E6B25A22935C35D7BC9537D1A9830AD367452D9A5AB32FF8
StorageUsage.dll,6A8D347C44EB47564551CE96BB5DB75287F9FCC58423F7DB4386D308B1864EC6
storagewmi.dll,326A1622D665474A7B06411EA6D79B32F615355E4B79C8DD321FD3F9C9B0DE49
storagewmi_passthru.dll,EA1CB91147560447C9A8BB905CBC4915CDC1110DA5A7AD36328D531F0267D5CF
stordiag.exe,B812162F140A347EC78756416302CBC9204EF484FEB7623C0FFF8FF7B4B3EC04
storewuauth.dll,3030DA96601ACB9E04B52CEB9825CB31A5687A1174EAD6EFBB786D04CA8AEBD7
StorFwUpdate.dll,4CDC6284301412ECBAF99246A72F583DDF486519ABF58DFFA098611EFCB00855
Storprop.dll,C7C779FBF34504C8E55627DFD65E9099801BE3F5C6BC8176995396B550B22CC2
StorSvc.dll,014AE782FD9EEEA93DD3477315666BE3D3393EDBC8655505FDDAFA2D5B5A823F
streamci.dll,21406EBFB9F68E56B75045A0B9C78A6B5C5A843F3CA22EE56CACD561F721913A
StringFeedbackEngine.dll,A558D527A8C443FA7E9730B3E510E15EA0411FC2800A4D7B69CD168998ACE442
StructuredQuery.dll,8EFB6FC0F404FBE24ACCD6A93814686DDEC45C6A76460A900D87ED4FAE7DF5EB
subst.exe,3924BFC12351EB246F3677967E81C0A19E442193EA5A7EBD9EB924F6FAA7E842
sud.dll,B1F8CB48E5759E5DC5AC06CEED1CCFBF00E5ABA100A04FCAA00B1236141A90A9
SuggestionUI.dll,817D959FFA588E756141BCFA25922410BA6970351A604D9483EAFB8ABEFCC3F0
svcext.dll,6CC6C53334FC14ACD9334DB4CB19D6FFCB0A62B4643EEFDED59A8F212EB226E4
svchost.exe,7EFA956EE9141F3EB637511D029A77842EDA925CB8A84425D2CCDF8A8A677FE1
svf.dll,F20597897FEE666B3FC17554A706D1ACEA3FB12F475E51BBB7745D248DAB1BC9
SVMProvisioning.dll,BF6CCB487AEF23F0EC3EEEC3E4D3D7BED470FA3574E5F13380D8C805EA69D91C
svsvc.dll,0DC828C46E057ADA9934424BF00067B17EEB8E0108CE1E309C8DEA4CC42448BA
SwitcherDataModel.dll,D09DFC596BBDD25B17461F076033E9D0019A8106AB795C2BF09CF7F515FED5AE
swprv.dll,E0DA9FC35E54D6782ABC18EEE7CC7E62A217DD10683F9BBEABEF27B0258853B6
sxproxy.dll,62442A4F98093C9ADEFC459A26CFF79ACBE407D4B23AA5666A45AE0BD4D4CFFB
sxs.dll,D84C3892452BA5A16C8D91ACEE738C3B7E8EC9C9ADF3B0F1C2032A78CCE78FF0
sxshared.dll,411D0BB2B3415630BD30ACA8A9C673592558064CEAB41711AD146D5B44871C2E
SxsMigPlugin.dll,43567A1A6A8DF0164D66E9F34E1435EB3BC8FBD588F0D1B9CDB27AA2DB0F7C1D
sxsoa.dll,45350010D97571E7A46CAB6FA1AE054C64A8DCCA5A87FB359C33C4D31BD16BCC
sxsoaps.dll,360F5CA7FC7FFCBC4DB4E087571908E77C96C7650C7738B10F1CABE5DC68058E
sxssrv.dll,3D9D254DB183BACF9352889B6B1A001C694FEE502141379FBF720F180C5C9A7C
sxsstore.dll,95444BF7752F9092FE00CA6F96FD170820026ED990B1EA59CE34524978B4EB12
sxstrace.exe,4945B7682C6B5630A77D3C64FE807065FADBC34A19DD8B94FB49426D2B53E79D
SyncAppvPublishingServer.exe,25E807A7D1B24E975325E61B1B9A5A424E35D846BC341F4EE4E3EB26D5E04A0A
SyncCenter.dll,A14D77FEC2E540867236785CFD8A8821517AE13C8D4A53EF65D29132684B223A
SyncController.dll,584F4E359F606F3B08CC2E5CE3C7F7775411C4A79DF5860FF1E03D7F7F53F91D
SyncHost.exe,BB07A8E597FD345B820784BB0300680588EC1C564C2DF6D03008F31110AB5AED
SyncHostps.dll,4A11D6E544428D12580232E3D428A86676F6C9874CB00C49133D51956831BEA0
SyncInfrastructure.dll,E6C85F2A709B50871416D05D10A9622E320880010BABB96D2BBC9A93BD8B793F
SyncInfrastructureps.dll,B46D21E8758624D184A063B2C021AEFFF45CA0C33AECC8840829F16E8E32B43A
SyncProxy.dll,7D66045EC7ED5EF79EC87C52D2D5BDB1950F3D0212C1354A71336E4186E8A656
Syncreg.dll,4892C38D2BDB3A8F1ABA9DBF338DDC4661AD4A4AD420CC369407B225CB7A514D
SyncRes.dll,5B85B1C2F8E4CD5394407CCA93D1C4FD3B2675AE35831E79DF01059132F9599F
SyncSettings.dll,1753BD6C736A51819EC1424A4D3CC6D9385F2D541C1DB529C2F75D9748996E46
syncutil.dll,2863B064850687E2F11DF52A6F90B2320F66088BBF86C8A8F7AE9038E575DB56
sysclass.dll,5E3EEAFDFD40E643A09CDB39BFACDFE7D7CDA0ECF3F2A1637D9A32312C6B14F7
SysFxUI.dll,9909D9E90822EFC7616BBE1DFAC8037A3FEDE271B8D2E147686794A38B2EC266
sysglobl.dll,E35A027FF48AF517340422644B4076B4B896E19D2E4E2A8E920D957D7C32224C
sysmain.dll,07F5694D440B9807DB933E7091BC002C395B99F01A4423316118F1A860B60C1E
sysntfy.dll,E9899E73C667135E752CA39AAF00321D92E65DFA83A46ECBC2C232F49E26F035
sysprep.exe,C723D7DCB559386D16BE57498185FCF17FF8F68FF952F4ADD84CEF6ECB58D672
SysprepProvider.dll,A35BF51C0F92E968A69ADBB6A55C82182A50D4931A10ABB4BA071589817AE803
SysResetErr.exe,1ED133155B89858EF1D0B34CB7F909DA03FC1BEDC13B90E0BB745717287BA370
syssetup.dll,33DD3B9C831B95B3904218EFAE3810FCC1583E7BDB8BA4C4FC8E1B7A8ABF1B46
System.Activities.Core.Presentation.dll,B72C57307AF4B0492662449CD513CE2A4BD9548040B735E985F0F44D1153B590
System.Activities.dll,6AE4716C80212956F4E846F85FC7795CA86D0167E67AAE30637D735EB49127AB
System.Activities.DurableInstancing.dll,4105563968CABC2EA17A732E552FF48029A188CEFBD2E73C83B9FDAD3683AAC1
System.Activities.Presentation.dll,08EC31360BC05DFD14C3DDDA764FF96661F51230A75DE4E50232DCDF0BBA9861
System.AddIn.Contract.dll,167CC579B71FD2A5A85F4A6BCB3C4DE66E5F775EAB7D614FD40E2C37EAB919EB
System.AddIn.dll,C65E9026A07E5405D693862C666AD3E0CF46F74D73FDF9D92AA26513A97CB70E
System.AppContext.dll,ABBF8CB2C1D62676F001A9989F30557C8FD9D5C44A99E02BED4C927917121D3E
System.Collections.Concurrent.dll,0E0559A8CAF46D3DD479E981CFD3D6D15E85D4BC66C05FE9977E8225E6BEF104
System.Collections.dll,3475AD99F2D453521B5910882DE9E8EB44729E202372A8A0A58D656646E1E505
System.Collections.NonGeneric.dll,28D58F44CD6902635E4A89DDEF28635A3D615FA12641ECA6B1A1832EA1566232
System.Collections.Specialized.dll,86B9D610A35479931655E457ACD0E3E29A5982B94DD2C2372DBC3ABCDF0B7732
System.ComponentModel.Annotations.dll,792D5E2E832755ADDC926E4264009CDB526F95541DF6FA72299AAA108B841917
System.ComponentModel.Composition.dll,B8AC005C27AC09C922738C4AE293F79C1774D62E53214AD25182CF9CDA7CB025
system.componentmodel.composition.registration.dll,CC606FB941295D1C0EC2394629713251D6F4D1D7F148B9C7900341FF4B94189A
System.ComponentModel.DataAnnotations.dll,5D412BDA93969822164E9FCDAC12ED023401D3CB2DB2F3EDFD9698B64C9A1895
System.ComponentModel.dll,35B1E73781036AFE6C495885EA1383DE71E4E4775908123AB491532B7E9EE353
System.ComponentModel.EventBasedAsync.dll,09B6214993E2C788AE7F97B22A383A0AC940909011FD43F6BB386EDF549C7E94
System.ComponentModel.Primitives.dll,C08FCF977629426DEAF04385A4005402913E5B9D2FC4CD33B277EC933AF2915A
System.ComponentModel.TypeConverter.dll,9E6B54084D178CC92D87B931BEAA58E472477ABD159CD421E0EB82809014F35F
System.Configuration.dll,EC30E2B57A1BEDCC74BD08D1B5CCCC4C631CDFE8BF155AD6BBB5CABD64F05131
System.Configuration.Install.dll,C32290FFB20E7123A2E0BA05D5E0C26E15BB8CD35FF3843B67362C571149088C
System.Configuration.Install.ni.dll,EE1D4507466E773DFD188018E9BD851C0F34635E1DB74CE73F3219B1A70EAA19
System.Configuration.ni.dll,1A8F5EF4AF558FCCFEACA31CA0FD664A8F235B9831EB7ACD2E68AB2D167FF2E3
System.Console.dll,796DFE388A2107579FF018731C7069188AEF22503F8B29FC1AAA1586ADF98684
System.Core.dll,EFDC6583E2C59D88FC41F91CFC88A514A0FC123F913045AB64CC3E47D0E4CA13
System.Core.ni.dll,F9FC98F5855D59BF320456A0E9A072B1A62028C32776C026C9AE146114934569
System.Data.Common.dll,125847878672EAC8FCDC8B687CA785E32EC1E4FCA633059E74A757CCCBAB1893
System.Data.DataSetExtensions.dll,AF31CDF81C6F2FEBA17EA99596A48D4663BD47E51D36444C72FC28DF125C4F3D
System.Data.dll,873BDABEC7237F1884C32B5360D2AF0134B6F82A8866F6094FCE3AB6215B8367
System.Data.Entity.Design.dll,EF49C733DEAAD6C83C4B7CCB64BBCB849F34B8D7343DED64CD416BCC6921139B
System.Data.Entity.dll,10612813FC43C8522F6C0077C013E40CB2E61469B45082207DB172046E45C8B3
System.Data.Linq.dll,BF1DC6BED09D0F29A6314D4BA9D6904628C7F09A2472102AD8FB4CC5F8842FE7
System.Data.ni.dll,AD49B50082713DFFE9B5AF3E621F7AA6680D526AD81B29710A1B6032D9A79AC5
System.Data.OracleClient.dll,CA6CA99EF81C148EFB050B123135CD2EF4A6A036898AD1F7E20FBCA707F27183
System.Data.Services.Client.dll,676AB13462AA693948848EEAAC22EA2F17DA6F9A2B804DFD6C3B373502FE8AF6
System.Data.Services.Design.dll,053A804131D649D1CFCE064518AD45D5017F7F4F6E98D2CE8D9F0C3CE0F5A43F
System.Data.Services.dll,126ED45C9F4338B22C829F61FB46841110059B883179CEE389CA3ED6254A01C8
System.Data.SqlXml.dll,0D3A0257515A45B0C7F8F265BF20BC81863930110241E01D2FF3365713AF2F2D
System.Deployment.dll,38040ED91DF1C1EDA2C8C6949F6C55839725926B2DD876E3FF2BDC23F702D5F6
System.Design.dll,59ECEC113185A688F8833352D0F635D221A364656CD6323914DBDE928AEEF0AD
System.Device.dll,95870368A08E5630C68A43EBA46F3ABDF397B57F308CF82AC2AC6F7922A605AD
System.Diagnostics.Contracts.dll,65D4C66F736A75F3F61B78A7CE1FE396A5C2D32073C7E115DB6D15E1ADA9C83E
System.Diagnostics.Debug.dll,CDD9B6FA6E447B20040FBAF82C980C1C2D5176A03B95DED1EA3DC1B21C8FBDC0
System.Diagnostics.FileVersionInfo.dll,98EB0BEA44ED1009B541C8D19E3B8EF7B1641E9F65505568FC6A2DB8CFBC297B
System.Diagnostics.Process.dll,D2279ED2192E60D0BA307272454E0C28B2BDCACE99165EB279998BE336340371
System.Diagnostics.StackTrace.dll,AC4444B8E3C8F827943C437B0017557ADE7024FDC5E28E2303FC7C2DFCABB332
System.Diagnostics.TextWriterTraceListener.dll,6E487F26FFD5E9E3252AD1CCD2DA9555A7534884B6A938F40DDC951BDF96B713
System.Diagnostics.Tools.dll,462F0D7EB282750C0618D05BFB747B764BAB8B173D77CD10B11704CABC633F78
System.Diagnostics.TraceSource.dll,E8187C611509D67218F78EDACFBAC6A2EE76E1ECACFCABF2CAE9E010E000EAB8
System.Diagnostics.Tracing.dll,C9DF1CC080A352BA90637C870757583441A68464D5336AA60AE3F8DBE5F7A085
System.DirectoryServices.AccountManagement.dll,90605555712EB7A54AA1992C57D6553E0F0C815D37F483BC143ACA550ED8B2D0
System.DirectoryServices.dll,5229EAD3A7D9E84943339F0D769684E567FC413C04800672D80499849297ED3F
System.DirectoryServices.ni.dll,7F82D05E4961596D118B1D59D61CD8A10F48BBF8BD200172026CC91D735D6D93
System.DirectoryServices.Protocols.dll,DEB72092B2ED89F74F302B3237F47F045F6127CA5FFE43391FCD61EA695722B4
System.dll,B3FE7F0118AB393E1D97A4F1A4648E6274E3F89186BBCDC8276A0FA77BF04982
System.Drawing.Design.dll,42B9D57F24F8392B3C4D1DB5CAA7ABD9D902AE35234E78EE7CAC8ACFC4420213
System.Drawing.dll,E2B4072E3FCE12E5B9CAF9A0C818F25C7A96BD6B3E84AB89B60A1225C124ACC2
System.Drawing.ni.dll,09EC7F3B7BAD4C6BC3605128C8B8591414B205646F94622ACA779DB4F4E3AC74
System.Drawing.Primitives.dll,83255242C9451E2B2C4C96DC8433C827BE190E1BEE5ED32BD0E72A70C2452D08
System.Dynamic.dll,010CCFC356772F7CF5312B661979B5AD106CBE16099FDA6162A5CDFB0CE7E88E
System.Dynamic.Runtime.dll,BA6A56E65FD56EBBA9BF431D92225B14BBA8290310F027F2ADB7A751D193038B
System.EnterpriseServices.dll,9BEE0AFFAED309472C4DE68231A556DBA37556F7E750AB56946DD618CD541F18
System.EnterpriseServices.Thunk.dll,8111322FCCCA5B4F3C3A57DF7915C1117FE82C5F64282879317E4548A88BAC24
System.EnterpriseServices.Wrapper.dll,CB86AFD2241BBBC732DFCE49F29CC5DF70DDAFD3024963B4B0B104C745DF4FC6
System.Globalization.Calendars.dll,4EBD9D4BDB8644507831D1C6B773486814A66FAB3161CF8F4BC34989604CA8E5
System.Globalization.dll,486744E56781E41507F7D975DAFFFCE2540DDB7F2C07209452ED122FD000C6A2
System.Globalization.Extensions.dll,7B8D5B0291493F3748FEC9652EBEBE877F3A64A6C48A77DFE99698C2FA29ADE2
System.IdentityModel.dll,ED15EE24F9ED342E3D61FA8F82683FA1B1EDBD060142FE21EEC7D132C9741205
System.IdentityModel.Selectors.dll,4A4E5DCAB4B98F57A29015A6A56F84E170FB8C373F714C7A15C8EEE95B0811DF
System.IdentityModel.Services.dll,E8C721BA9D1AF2D131C3FDFD2B4E055AC0DD2238DE4325E0C26E1E64D8157655
System.IO.Compression.dll,10A7C576A8BC639B63B9A1C6B5F8D38F85E34B3F020106B27076D395AC3D82BE
System.IO.Compression.FileSystem.dll,1513E86E58C14DDE3C3F6E8BA0BD52DC6C257D4974FE5A0983588F6D9D2D4C78
System.IO.Compression.ZipFile.dll,8283E9BC9BFC8DE2752E05E0B5E71BE5BB9BBCD688AD206D75B1DAF64156A069
System.IO.dll,C04A99EFBF5ADA8491C78868B4F02387465C16C006EA221B8F42E97CB9C3ACC4
System.IO.FileSystem.dll,BEB801A68FD93F973A9E6CCE7D643B869D44E3BDA5B15D0CB8C5C08BF1D97321
System.IO.FileSystem.DriveInfo.dll,ADD643ADD3426B682380F4E059B8A7202E9121ADD477C8D67ACB2FECC2C19FCF
System.IO.FileSystem.Primitives.dll,3B6E5A86868476A12F8D2207AFC3A74B23C35792A05E96B06DA954A9B77E9B10
System.IO.FileSystem.Watcher.dll,E726ED9732FFC4A6E5D3A5CA5F76DC4EC19A50915830B35599D926C2F2C54617
System.IO.IsolatedStorage.dll,F7582AB501A46F3C604685919EAB79033F43A8BB2BDAA91FF0AB2E7119D9AE07
System.IO.Log.dll,9EA6A02AD1F3AF3672F1A1CA3411CB393D716812CBB0281A4D6A857A2AD45351
System.IO.MemoryMappedFiles.dll,C8B59329327DB11355D892B47D7BC8F549C0D5AFE0D54A47B084FAED77CB64F1
System.IO.Pipes.dll,7C972011B5C2C117F00C6287118DA6D9BA0EC390C2A9A9F7A30B40E07ABD74D6
System.IO.UnmanagedMemoryStream.dll,119657F794A7B3A48C0CBFF6ADD8E59CC52AA5CADABD34E70CE04BD5469D79ED
System.Linq.dll,485297ECB0E9082A79B5420770130F421F9F6A6D830BAB402E5CD937E13A9F3A
System.Linq.Expressions.dll,328C5580FE241DDED86807FA9C708CD70AE919EE80FD00C26C63C5F1B5DDFF62
System.Linq.Parallel.dll,616D046B7D8DFA172BD877278D9181CA4F6E79AC64FD189FDBF174C3AE5A4C0E
System.Linq.Queryable.dll,D15CBAC5B8F68507404192CE485B16D18B3FCA12418FB0413E658A5AB11CFDC6
System.Management.Automation.dll,AEAE1418E445F80B0B53AA5C56D45BAECA1783A6EADA55499D6512FFDD4DDECB
System.Management.Automation.ni.dll,4ADF4317A0497D8D8E38FB3E962CC74F5837FCB5CA7FA4C0404B134B480B2B75
System.Management.Automation.Resources.dll,752E74C25DD1AC5C367BC104154E1A1350485E427947212F4064601274D78B59
System.Management.dll,09CB39097192DD9C1CDCEB8A3EC6CD78173C62C9588937130D0816C8490A5793
System.Management.Instrumentation.dll,842A843FECFE29301AF7E64887F71EEF05F1083C1AAE359AFA35993C7267DED2
System.Management.ni.dll,05776DABC299C47F569A3A16D27020F61C59727203B2E97703049C36C25FA303
System.Messaging.dll,60FA05E72E824E802A53C058E75844B0C758DA20BEE1A780378C90F46FC26C26
System.Net.dll,5A0467DDBB4583309A5D6022C30DABC1A1530495C7E2E939DF5C1D2391B65A4F
System.Net.Http.dll,D6CD39B6DB2FDF65F7051A11E448A04B0EFC17F3C8B515F2B546294E1C2DC9B9
System.Net.Http.ni.dll,B9C03246EBA55088EC1C177EBE89D61045A029D16B9573401C50AF54EA9FD641
System.Net.Http.Rtc.dll,D742FD76C649EEC3A09FB753005EA7AF77E31743F7F35723BF3AD7BEDC31334C
System.Net.Http.WebRequest.dll,ABD80539C8A7B2185DF5811F8CA535B7CCEEC08578C6FB441D0FBF5CFD58A255
System.Net.NameResolution.dll,9298103D740D817D411644EA7D4CE12BDE14B5CFA1BCFB6D4432E7C7A085DAD7
System.Net.NetworkInformation.dll,69BD7938ACE4B4430F10C84A717B7BB47DAED2D089FFC40FC9B6D460DAA5FCF8
System.Net.Ping.dll,1F1F1831D5E96F42D8A6EF5AF6D89043FACDA5AC55778DCB51F83E03F530D9A4
System.Net.Primitives.dll,28BCCE5C520ADABB9E2A446B358DEA69716555C983CCC2A18FF03CC76A6DA8A2
System.Net.Requests.dll,C15757D23B16FDAC7DF6FC4527D2EAA692B6667CD1A2645CCF58AA32CD53DB00
System.Net.Security.dll,E9850D206449F3013AB525D9729CCA0DD90F8227AB7AE02F7F3E43D58F6DCC54
System.Net.Sockets.dll,0FB12BB97B1EF5A52A984AE45EBAE24A619EA58C11945EFF08A72C2D223D80E5
System.Net.WebHeaderCollection.dll,A6C0C63223C83A6F8A14BBF50680E5A631117900C361E6B2558F0E5F1EDC478E
System.Net.WebSockets.Client.dll,0839793D9151B4CC3A1F0C8C4FE8B79147B5FF9A350A174681D5B7F3C5FD16AC
System.Net.WebSockets.dll,8E0152DB1D85E435EF79FD5257FA6C6D7017536C026ED88C9668A12C50E04FD8
System.ni.dll,E06815F1B36F354CD9CB33931B30CE80F8E4C726F9FC32EB28B6E6268AD7F7A7
System.Numerics.dll,BDA8CBE437F30610D84980AEB3A048341CB215B24A588217DE7FC99765A618C9
System.Numerics.Vectors.dll,3D56390FB95DBB1AEF0397DD8C9096A56517BF91BBED0AC1B4E848D63B13410D
System.ObjectModel.dll,EC0B4870C9F1A7CC4514EDFE1D6E1BD1DE726E84220562B8DDB3BD81A35A52D8
System.Printing.dll,63EB477EFAD607EC659918867B70EC07A26C21A09CFFBE16E8AB19DDF62FFAE8
System.Reflection.context.dll,FA02C140F22D48A0F338424C2470AFC83A1A4E3F2B5130E320643FAA2FD32C28
System.Reflection.dll,EC0E5CBB780C6DADEE571BB216CB99F4086E9DE4F32B174136707F8071027E09
System.Reflection.Emit.dll,DEF3C1A3CF18C3F0A3813757825B2B32461FDF130407EBC69C7D66F1EE396609
System.Reflection.Emit.ILGeneration.dll,96E0727B66E47068BBA2A00CEA2B2FD06124B6EFCF90D894734F7529FD66FCC8
System.Reflection.Emit.Lightweight.dll,4C1411C94A7F2AD8EE00E74316CC9499C8AB92248AA9A32BE0B998962F1B880A
System.Reflection.Extensions.dll,85F26B4C0CDAE06AE0540EF548C669506F3AC7F488F1B5BA58630898C080D983
System.Reflection.Primitives.dll,8C4941EEAF7D0E336DD6B0EB1421CC92F44E3BB4BAC6B2780FCB039884653D37
System.Resources.Reader.dll,CCBC1E59626C217FCB803621344962A48368FFA998F4CD91F91BD7C6C1DBC1DF
System.Resources.ResourceManager.dll,93A5644BCECA928DD292D2262028B38BCC6382D17586C02C17E84108425AD9BC
System.Resources.Writer.dll,36D9F0EB594ED8C37D7B661E33C357E86F02ABE739C1CA97EA57C12DB48599ED
System.Runtime.Caching.dll,A20A999C7FB1927279450B9F35EF64E9464FE02517D0EC35EC66B7C9C091BE94
System.Runtime.CompilerServices.VisualC.dll,30F9326266136547963F2858FBD6D50B415882F2E70E0A8430440EDFD541DD2A
System.Runtime.dll,C40A73046C69106B368F00217F391846F4A395BE0B67C278A9C326F9DE2C9B16
System.Runtime.DurableInstancing.dll,3224861096BA4D904D5296BF867D950AD85975D2FF2EE8B460F9BECB96C62C6E
System.Runtime.Extensions.dll,6E3DADA08F0FC759FEB08BD6FF5C71E0980386326F2320C35C022F39CCE25297
System.Runtime.Handles.dll,DCA045AB162A79399EF7D9D5A0D682D043983EEA0C0A0415B437AEDC1F3940B8
System.Runtime.InteropServices.dll,FD7440FC40A17EEF9032ADBFF42752700E53FC06BD6E112B9C5C836C3616CD68
System.Runtime.InteropServices.RuntimeInformation.dll,74A3958078702635BA57E2C24ADF4B05170E73D858EF06B9EA4CA2939EA6E769
System.Runtime.InteropServices.WindowsRuntime.dll,9A02C8E4F73D0A71F84B37C854524E22464B95ACCE9EBB8C414908C1AFC55D0A
System.Runtime.Numerics.dll,CAAA188169FF7592AF8BEC8F0BB89192398884850481EF9FB217DF2B17E7DCB6
System.Runtime.Remoting.dll,020977026D5710006EF4B577D875C1F467768B9AAD400F9A5C8504758BC0691B
System.Runtime.Remoting.ni.dll,A3F4D3DAB54DDAA86C47022E3AE73A46BD01DB5B99B8AEF0C3893AA6A8A92057
System.Runtime.Serialization.dll,9AB7084C491F73353FBE257B0D679289877DA154D440C6ADE0BD4A16038D5273
System.Runtime.Serialization.Formatters.dll,B1A0E95B083D003A4121C7EB7ED710A32C642C61CA857F86DD807A909F538A8D
System.Runtime.Serialization.Formatters.Soap.dll,113DA567BCACC1B802A8A2D7DFDF3BBAA92050144B5CD09995C226F017044B50
System.Runtime.Serialization.Json.dll,722312CE58F57EBF90CF6311EEB25B0AD788CA574EB5D86DD370603ED680390C
System.Runtime.Serialization.ni.dll,83DD38785152BE7F3708420CA9BF90620E8D23CC0670F6F8E8DB248018FFEA61
System.Runtime.Serialization.Primitives.dll,B2EB0120D025A9024080C064D9706982D054F7C8FAB7722A4C8354AC700E06F9
System.Runtime.Serialization.Xml.dll,5E6E06BC6C3E251A73E564F029226E7A0E879EF101246ADEADD85AD5960B36B4
System.Runtime.WindowsRuntime.dll,9F743271EDAE9BB08867E0F727910F586E877B019ABE3B4AFB3573A2913C5AA9
System.Runtime.WindowsRuntime.UI.Xaml.dll,B8273B32BCCF6DA3ECB725392126391A292C566925AB6FEFA24C9AC7AA7F8683
System.Runtime.WindowsRuntime.UI.Xaml.ni.dll,98A2A6082753DF15D24532068F761EC044C9D0BCEC1ECABEF19284D38A5B558B
System.Security.Claims.dll,DE0C92FABC592367AF89AE9203FBFDA4EF83982C0327DD3C4FBE302DAA9B95E8
System.Security.Cryptography.Algorithms.dll,25F92C648FF5A9CEA293687612667D8BFADA15DB93DD46832C97D4BB754D48AE
System.Security.Cryptography.Csp.dll,4CC461D7F5E54641D74507B9F4F1AAF921E5F5DDCE21248DF255DBFDE4512CD2
System.Security.Cryptography.Encoding.dll,E3A800CA56E2801CB74E2BF6701A312F92B3B95F834AD785F7C3B585311CF00E
System.Security.Cryptography.Primitives.dll,861081EC7944FAE9EF4F20618FF02798F2E867A2CC53893BCF94AEA22DAF75A6
System.Security.Cryptography.X509Certificates.dll,EE4912E160938F99FBF35E189386D0F21D3963A7515805868B8C6F87AB17DF45
System.Security.dll,73B97EB2F95A2D22E3FBB28EEF9DB0312183E11BCF2A53FF3742F7696C891E8C
System.Security.Principal.dll,A087DC6CBA8E98004B748F132C9B6E52DF9545DAAD832F1E4764296762D6F439
System.Security.SecureString.dll,2F3E147EF8535FBE11B3E5C5FABCCBD01EC80C172BFB03AC88F7D457F85419D4
System.ServiceModel.Activation.dll,7BAA05B85908CBFAA46FB37C0D74FCBE2DE662C6C0BE9728D398F766F8C37A0D
System.ServiceModel.Activities.dll,2558386F00A63BEBE20117074E53EA1E62DADC2423CE18F850B87848F14F3D8A
System.ServiceModel.Channels.dll,C3FA8B7347514E7B8EEE1318B2399B5473B876F5D82433FA3962165A47C87A94
System.ServiceModel.Discovery.dll,B02E0B0D7CEFA87A40E32DAFBDA8241DAFEBA88FA85FFF12168B066190362889
System.ServiceModel.dll,234A52D5872B01DED33493B8AC780DAB62FA02CDCB2D9D7D042D3C7DC41BE9ED
System.ServiceModel.Duplex.dll,422D2787887543A5B1B359EC2AF1886463F9C48A1ACC624035958A3F680DBFB6
System.ServiceModel.Http.dll,A3F6C7F2938CB5B24F36738D56A0190BE98FF9451AF04D687B3BCC039903D934
System.ServiceModel.Install.dll,D8D93254D073BFE9B8A60B8A9AE41EFA3088ACF6E43EBDA25C379F640FA709A0
System.ServiceModel.Internals.dll,D8101B70531604C9BDC6D162CFA5E3C263F0A25DB2DE39839D6BED1AB4F6E40C
System.ServiceModel.NetTcp.dll,C2E4E8A6C45E11B442698E001CBD38944DFF0CEA480902C23E4D5CE2A63B7A0E
System.ServiceModel.ni.dll,A1EC29847643EF1D2A9128FF866CD6E9F5B10B9751C113AB755E6E48AF000185
System.ServiceModel.Primitives.dll,ED36796969501BBF329ADF7EB9C2D19B0314F145750865FBECCA76F510911274
System.ServiceModel.Routing.dll,52416E00518DDA9DC2BB5813E2DBDB337991582FF774BD6D94076CCFC3B001DE
System.ServiceModel.Security.dll,9EB6B8E5A6419AF590370BDE8AF47FD50D3172A92345C5FD005FA4B7285BED09
System.ServiceModel.ServiceMoniker40.dll,CB18CEE525FD587D762AD2AA58E051B8A76A7A99039D0722FCF7BB8A4EADA63F
System.ServiceModel.WasHosting.dll,CE89008E1D24402A1223BA3ACAFDF715E1BE60C564613E90FBC53F0730014D75
System.ServiceModel.Web.dll,5216615B35566D43A891E31F33BE02C3A1BFD5DFD2ECC17D45CCE46C8624C135
System.ServiceProcess.dll,8D464ADD148C985482877CE2DB8D9037A1BC5D37907552C367F3EDCE8E7909E6
System.ServiceProcess.ni.dll,CB06C4AFA26624166881A6F39F181197C46E5686D8F761C65ACB9B80193FE968
System.Speech.dll,E6C33C49CFB20C14A0330FC082029F40664B20EB21807A30F7D5F1A17DE30E59
System.Text.Encoding.dll,3F4C914E6F84434FC3FAE68A3CA2022C41D487F007618F182E2A0BECB9F8C11B
System.Text.Encoding.Extensions.dll,F35DD19B4102D940C1BCDBEB07C05370ABC4D22372D1329A993B4F0CF9F03283
System.Text.RegularExpressions.dll,9A3F8B1904855033AAAAABABEF536E1F33F4933CBA409B763C0C14B53C1B175C
System.Threading.dll,BE7E93E817836E5CAC67E97FD2FB9A031775FB8CE538C7B9063B7B05F1FAF29B
System.Threading.Overlapped.dll,9DA0C0A6F239FB16B7D6F4F58D798A0B2A661DBE3A5B0184A40A96A6C8791574
System.Threading.Tasks.dll,E1A3A3729F0D384AC30338D530671C6E80613FD2BEC456F520B7014CB165F8AD
System.Threading.Tasks.Parallel.dll,AA5431D3C725BF0EF9B9A9C554CAE688D0E90C533A6EDCFE516F2A5FF19CC3AC
System.Threading.Thread.dll,A34B000DC5D4E30D302B79BEEB555427B8D504AA8AB9D6F55B45EDC309F37B17
System.Threading.ThreadPool.dll,2D4E1AE0FEB2A534380DFB62E0B67B4A77876443EFA13AB19A65EF3B1B570A50
System.Threading.Timer.dll,9B53D51EFD87561087EDD0C74F1964C69622AAEA87139641364F4D7E54F62CEB
System.Transactions.dll,B859304DD75B86C3D5A9B40EFA0880905F2898463F528C2AF67F10129104450A
System.Transactions.ni.dll,ED69A2D8793CA0B41A10CF47AABF845DDF8101673400A9CB128231FC852932DC
System.ValueTuple.dll,337A361A7DA505B414D8EA3DA36F57919C732A91CA9EBAE69127F235C22651D0
System.Web.Abstractions.dll,7560277B0156BD84BADCD386DA3520F9E816DAB95F3844705471086E427F8BE0
System.Web.ApplicationServices.dll,67CF063F0888FB2C048A560C9CE604FBD83FFF2DADE84B70E7353A9BBDEE90E0
System.Web.DataVisualization.Design.dll,9E845D6281B047D334F06A4EEE82C0BF9C990EC54961700A287B660C1F307657
System.Web.DataVisualization.dll,15B73AAAD304BC7215B707B33D2480EDC8C874292DB2CF24990A35C0AE8FC858
System.Web.dll,80BBE33BC39B47BA13B16CDB872769D70FF6D01E114D202C4F095B1FBC01BE2B
System.Web.DynamicData.Design.dll,8002850E765F393E5046FB41195E05DA47242FB71E5436616460C8B6129480D7
System.Web.DynamicData.dll,640A689B789C8EECB25635C52F35F16392795CF6B907EC18431B78D6A91D18C3
System.Web.Entity.Design.dll,B7C3681AA210ED0F2161EB6F1ED84441312887D75F49D682DBC9F0317CC060CE
System.Web.Entity.dll,038FC1C13332453DEADA0F156789EC0C3E86644B7FD1FE405A5AF101D8EBCAB9
System.Web.Extensions.Design.dll,4B1AB155E913C89BE0FEE931E860D52466284595BE8688C1FED4F899599A0D61
System.Web.Extensions.dll,04549AD0E63794A3FDA3AF85179C69D7C47F74EEF5F6C7DB1E39E80515AA7C4D
System.Web.Mobile.dll,385030F03FED148C45A69FD5DD374728401D2CD5C1136AC927A321EA4718B3C5
System.Web.RegularExpressions.dll,F6F976526288C8A4564D7BB6F0759431153757F376ADB5B113A62CE7BDBAC665
System.Web.Routing.dll,84AC9C59D9E6B825595D443B53835A595CD5C61C22EF1660244964B9DD7D1E88
System.Web.Services.dll,EB75546E0293FD4284FB87989A57FC2AEB8571F70E9198E15F0287F4C2BD86C8
System.Web.Services.ni.dll,3B015D2C47730B8476082DEF7910A54C7008E58E56A47EEBF0957FC35DB202B8
System.Windows.Controls.Ribbon.dll,1D60E97C1786CABE8FE341B060E2D7BFDC1B2ABAD7D5ACB70F133BA1C673DFD1
System.Windows.dll,9903BB72236AB2773DC601F617A290E404A93DCEDF4628C2CC94E0B6838B0A85
System.Windows.Forms.DataVisualization.Design.dll,1055B7F9CC224261213FD20B60261A3E39860BF8EC4E6A1D014280D89DB99A79
System.Windows.Forms.DataVisualization.dll,1D940389B2580AC1BBE4614696E963066AFF3CEF241DD2939EC3ACA70F68D6E0
System.Windows.Forms.dll,6E896C2B3BB542F1897058B3034AA515E37D033077214ADA172E5304C24159C4
System.Windows.Forms.ni.dll,B68811968399859B2DC87F2629A50F030706CFBC13CECDEA452A4C0417FE63FD
System.Windows.Input.Manipulations.dll,09A0B6882FAB7BF363093D2E74FB9D4D4F30AF44FE43C1B162EC1E4504FDCAE9
System.Windows.Presentation.dll,BA2AC713132E541770455102C4CF617AD72D106C824B2B3B4071BE7D5A151A79
System.Workflow.Activities.dll,77D1CFBCE43632B0DF7CAD2B802D81D10856DCB77E64CAE8C457708A799A0137
System.Workflow.ComponentModel.dll,147B6B7A92C2F7FADA6EA73FD01D7CA2B7738C0DC0A9C0B3F06615AFF99A8704
System.Workflow.Runtime.dll,206062E56B19EEC8EA4649CBD9CFD13CEBC60DD05E5E4DB2D05BC7C47945055C
System.WorkflowServices.dll,05E4F616A6412AE6A3C70E50C679EBD6A07DC20D5A34CAC13A53B5D69D8A6F77
System.Xaml.dll,A98092CEC37A667340A2640A5FBE420EFC41A2F5D0474E1675B21CE3A9675658
System.Xaml.Hosting.dll,C42DFED9C2BEFE2FFD8D02E93CBED375DAF8B452FABA573744D5992A5C89814F
System.Xaml.ni.dll,362CBD7B693F56DCFBA4150051B1102CC16412E8332AD8F288F805793E0048DB
System.XML.dll,29576323EF3ABB2AF666828B9E03C1B562918B41FA7288F144018925F6164413
System.Xml.Linq.dll,51875B0332BE5100DE7DA48F392B315CFFC0A0B75E08D1833B5F4DF5E5478DEB
System.Xml.Linq.ni.dll,B2F607B46E185A9E67D9AD55F48E653C80E0C635C38C8909D29BA45DE1634C3F
System.Xml.ni.dll,7DA065E94213D5BEA3F145C234ADC250845CBE458A6B0DB3A7C9427D1012D4DB
System.Xml.ReaderWriter.dll,79641A2DBCD6F59C55BD02C9AC74E9DF3A482E51648E0E77F4FB924E21149C5E
System.Xml.Serialization.dll,D763D520B4CEA5BD47166785C2AF3E5E12265AAD8DCD3D49E6117286BF4CF670
System.Xml.XDocument.dll,8E3C08A85EA235FFC3ED6E84BF51EE18DDBC9232ECA8EB06F2A72EEF76D759BE
System.Xml.XmlDocument.dll,AB68C436C5392D8E88C90787ACCD3155FC9E410E21B77CB413CF131857CEF993
System.Xml.XmlSerializer.dll,CC2BD444C97C11E89F90C305D0EC0972AD9E791AE278681DA863DD23510E3BFE
System.Xml.XPath.dll,6890CBCA79F2318B011A40492CF28B0C9E94C166A51A87BDFCA337587E6980C2
System.Xml.XPath.XDocument.dll,9A1DDCC71D8485A3BE5082BD4C3E32C571427AE13439C3D1A478D0E5B16E9F6A
systemcpl.dll,F6BC2B5CE861E261D293D47E61615A25F01F10F100CEF1015F7C769656FA5E38
SystemEvaluator.dll,79280659233E69AB6FE964DC181720431AEBAC0C132B39D2076B84B8388D80E3
SystemEventsBrokerClient.dll,A1A575B849A10E9B5883BA7186DE07028C0E02653F7E66985AFF09BE88CB38BC
SystemEventsBrokerServer.dll,8FA9EFF2DDACF339499977D3602998150FC8CE0C62BE30CD390F98F95998ED76
systeminfo.exe,F1E43F167059FF746E200B21DDC55326CD8B3ACD7D6BD9C541230DB6F8BC63D1
SystemPropertiesAdvanced.exe,3C52E817A18EFD5670C1B8A2FEBBA53673DC70875271933C075116990EF0C255
SystemPropertiesComputerName.exe,AEF9CB5CDA480566B3A8E1E0267F31D52F2B48B96CD3D04006B69345EB207820
SystemPropertiesDataExecutionPrevention.exe,58B01EACA5604FC46B170AA8C6EAC22C7B9DDC00CED8F1832530907DF2EC4189
SystemPropertiesHardware.exe,803DB9536D3B097D4CD99F9D218E9327EC0F1E0683F1399F701F35BCE423FFCC
SystemPropertiesPerformance.exe,87D18B8AC27C3A0510B194FD6D5F36FE0AAFACB9F57F723E98AA6874DCA501FC
SystemPropertiesProtection.exe,64D46A44784B59500BE52A0E7F8F2B8ACC2FA679115C31C9DEFA04511662D8AA
SystemPropertiesRemote.exe,75F0B2B0123CDAC9D250BCB51BCD79332E2ECC9F371850C058246D80C9886B6A
systemreset.exe,A2DFE00F948E95D0D122A215C383BC44501874BF65C14E826F703E3287ADDD28
SystemResetPlatform.exe,260B6137F1D1977F569EDEF5DF5684FE61F5CC2A5E56F351A6309BD97E8E4F16
SystemResetSSO.dll,AE0A64FF1B579875FAB55C939F5F62E0CEB8B4498DE0593AA903C87FAA99373B
SystemSettings.DataModel.dll,FE3B1E32452627A149D04EDF22AE19CA762E2CEEF3939A8831D7C161BAD5C291
SystemSettings.DeviceEncryptionHandlers.dll,58443F065DA8F268085F453AFB86FD05C82B0D20D1DB9D5ED5A69B097CEC24D8
SystemSettings.dll,DC85C17068FC0EA1A494786F532714D7D8E92F5944D6884544BED7A41707B5C8
SystemSettings.exe,4B38710E9A1C8F4865B2E7C14B06C0593D1425D6D88DB459447839A0B6993942
SystemSettings.Handlers.dll,19DBAC176EE0E0FC95797F056C57E74187C15A8C7F25D082D3B4FC8D4BDDACAB
SystemSettings.SettingsExtensibility.dll,2CF734EA157649F1C2A3A7F13FAEAEDFCD564FD13A2BB63B32B97F19F19916B6
SystemSettings.UserAccountsHandlers.dll,239C0F42E9B0C8EC91E1A2674DB35777B2046ECF09C34108F6D650BABB3315AF
SystemSettingsAdminFlows.exe,5165CF0A4EE0AEF6F7514CF4A1649E95F3A5D6BF6C8BECBB73259000B10225AE
SystemSettingsBroker.exe,0FE9631BE461029B533A86DF1C2E72BE2539668333CB24C116E1C98344F26C34
SystemSettingsRemoveDevice.exe,9500731B2A3442F11DFD08A8ADFE027E7F32EF5834C628EED4B78BE74168470D
SystemSettingsThresholdAdminFlowUI.dll,887735B57DC41E4EC293A80F01A03D2FDF7C97995D70C26864B42D4A62A7E3EE
SystemSettingsViewModel.Desktop.dll,3A10C2F33D21C32602908734C38FAAD03F3E58A946EF3FB188729F88726BB218
SystemSupportInfo.dll,C51C60694E5EBC8156CA818561D69832D4C7A0D39547278ED946AFFB9B9842F6
SystemUWPLauncher.exe,2640A29A4A4DEDEED2A492081BF9FAABBB81781BB973A526BF8D681A2F6008FB
systray.exe,B1A7169522D690DBE3AD77604913637DC457C4885EBEDBDDFB1419B366099204
t2embed.dll,852889197A4D5C4E1EAE387B4BC858650683C77066C1CB996D14648FEB60990B
Tabbtn.dll,D19342E870809BCF20D3BAC6BB7C92CA86253DF615DBEA835F2040E6E5A94391
TabbtnEx.dll,FBB344D7AC7046DB65EAAE1880A0BD37006CBD2942E2175E7D1752CE77116D0A
tabcal.exe,F31B4C751DBCA276446119BA775787C3EB032DA72EABCD40AD96A55826A3F33C
TabIpsps.dll,35CF5FADDDDC8E84DA607C2059F651AEC9BB2A6364278990C7196089233EEFCC
TableTextService.dll,71CD99858F17BD932FEDE5D4F93219246939B06D3FFC4D41E1BC27650745F596
TableTextServiceMig.dll,DB1AC781EA400EF4FE9D31CA49DADE4F4F8DD2EFC77F83394B6226021C0F9501
tabskb.dll,A0F8309C2DE6C98529914CCD1204FB18C8C4950FF5770F9F4E263673F5389332
TabSvc.dll,6385EE02D392FCFFB41CE5C5D4CD03C245828D98DCB01F0B4358B431257F9F5B
TabTip.exe,043CE8D288FBDB1FE2A7ECC96F6E1CEC5411EC7147E8FD7E23905D29833EA08E
TabTip32.exe,ED7E9E46DC90DC6FDF6F6E67BAB6176950666DAAF8D33FDE85DF875CF856CFF7
takeown.exe,C7159144C6403C38AAF3DEF4C2FC5759B6DF824AF003B304D4B77C6D72353B3E
tapi3.dll,0125B459350D731D431C641327C00A3D033C08114B97B22FEBEB4D30F1E26AA3
tapi32.dll,7C9E66823C48F82950BA3A546669B5D6B642C4DF1B3F45037FFE1823918B5305
tapilua.dll,8AC9006D3A1181ADD957263FE33C0A1B09AB062E88AEFF4840D824A438455843
TapiMigPlugin.dll,F61BE15E0A476B4245DDF66DD8EA68CB2B9EC2542601A86024A91462C9C6A5F6
tapiperf.dll,288022FF556FA7697AFC3AAFFEB3409BF520F99AAC0A43E11956A5295ECE3746
tapisrv.dll,270506ED99ED87C7A8CE947A50A401D7A17B88F90BE19BF1A1E57285F04E5A94
TapiSysprep.dll,BA706D27E6B2830F51C550BCD07917817318A2B1952CB2526F9C6010BA34BC6C
tapiui.dll,44A05AF87399C3B1F010DD7B07ADD2F6FE5C31780C47FC96055AE48651213ECB
TapiUnattend.exe,9FFA72EAD7927F09D7106C62D5FDE25E27F7BFF27099101E15E5F7E903CD00F4
tar.exe,EA18650C80D05E936232E6524ADE10C873AE16A6591FD56C77524133D32865A5
TaskApis.dll,B62AD3F8F8B56088486505B9940F8056D1799310025B84B09C42A7FF468A10D0
taskbarcpl.dll,109B3B518773A33BE78AC5020EDEF0B954DF76239315DBF9A93D5DC5BDA053B9
taskcomp.dll,D8723E4BCAD7A4F00451DAF63A1428686BE45FA60F49FED5DBC109B47AEF2D5C
TaskFlowDataEngine.dll,641C96205FB578C9D18CC7062EAA4A0B838EBA87CEB9645DD84D826D240D51D5
TaskFlowUI.dll,0C8E66EA66727FB5D07728A15DF5908C1E7EF625835E6063E99A94C500D0D330
taskhostw.exe,E63709209D09BC0247E785F075DDB28A98C348206109E2B8BA321AD958402728
taskkill.exe,4E664B35E8DE6C6B38E3231DFAF00744435FFB806E00355FECE1E0CC1D2121C1
tasklist.exe,76EAC7B5F53E0D58A98D5A6DDF9C97E19D1462EF65C0035D7798F89988B15AB4
Taskmgr.exe,4F5CE43A424F1970C3A4D53EBD57C158180F30D60C71DB329EE9EAC772EF3BFA
taskschd.dll,945ED444C593261754D034B0441734B431A785D7E7164313EB075089BA030B59
TaskSchdPS.dll,375603A2C684A41E73F83AE43ECBE6C1E087884DB9C50D4F72E1C299D0800073
TaskScheduler.dll,2664B0B8F021CCBF25010C06C772C735DEBEA854026DB45A68FF282656E0A412
TaskScheduler.ni.dll,3F2AFD04CCCD420F5570E8DDB2789A025CEF6BD2A41FA7548932B77A4E3BF369
TaskScheduler.resources.dll,589BEF3B1E3B02B915CB57BFADE9FFD97B23A96FB2842E3D31AD613F165CAD6A
tbauth.dll,A5C5EF3EF92C4FBDFACF26699430CCCB3F0BD3642ACBA1C6CC1C0B0E4536FA28
tbs.dll,4B97BE9E5847100D2ECF93647C74EF816E63D17C24BDBB0B0F9BDD52F2148384
tcblaunch.exe,155DFC676B89A23A8ADFB5520F375D0E237E2787D4364618E3C477B4C3EE8C13
tcbloader.dll,9F44C2F62823E527382236DBEF6CC4AC42DD682FE0677201BC3D01CBA63CE28A
tcmsetup.exe,D8827FD646B673E259C97417A17ABF6F1015B07384801933782337036F18FB25
tcpipcfg.dll,F73DD123DE0DA81045E4F58BAF10A08C904EDD2A1677DFC0D4C09DE4EC8C4523
tcpmib.dll,4E77DBF4D769F60211AEDBCDD0CA896D21D0BD43DE1CFDB5070443AA29343E77
tcpmon.dll,283355F7BF620C45E4B9477DB3278B955634DAC3FBA8284C1D62E8D682018ABD
tcpmonui.dll,46A416AB61E526B4FD139EA7C284A6428C4107EE9129A26C2ACA68C4F81C13B5
TCPSVCS.EXE,7D6386A5BEBA7635C8FF0B0E24CEC90A409853440650AF583462C36B8E04971D
tdh.dll,23096E72B967E79A004135B130FB10C5ABBD905650796BA5FF66BD747063B9DD
TDLMigration.dll,98ABEF29AB40B7C88645DE4B7ACA2ACD58C7EB5668C95CA9C71D21C12F001C7D
telclient.dll,FD1D5336F083E85F6064D9C34B86C1DC16E586F94C860D83CE94999E83CA4998
Telemetry.Common.dll,AAED44C20FA41FF95028F9C9B3E1A0AA4D8FA84A302F9314A02E64B9031CB54B
TelephonyInteractiveUser.dll,38D1A095CC9737C687179A936C8FA6780C6BF28C9E6C8F4F5A910AEF96D45089
TelephonyInteractiveUserRes.dll,151E709BD9C173124AA5B0E1915A447799D8CAD3ADFA3BF4379D2ADDD68DD2E2
tellib.dll,0A1A24FAE6C901EBB046E99971B036A9F34A04562CD63D2F9038836F53064C5F
telnet.exe,9868BBC2044FCF886275DE081B34B49AE3C3E33B9FC15508079551F988F522CD
TempSignedLicenseExchangeTask.dll,70E2470DBB6D320BD43E7F218B0017BA29AE6600313EE25D0CB8F4421FB93539
TenantRestrictionsPlugin.dll,BF17C94239A4E1F1BCB30705B57772862A9C25B7334080ADB29EFEDA6B086223
termmgr.dll,D299CBBD105B01915A26DC9FE00A932C10F244377A3B88C7A78B90CA350A572E
termsrv.dll,3B46148164BBBA73BF2D57CE27A9501DD711EF9EE2027193BFAEA9E83A7AB387
tetheringclient.dll,CACF0B31F528398FC9A5ECB935F65CE4BCE669D4DA165E864944D4BB2967269A
tetheringconfigsp.dll,8BBE3C65167083C95F852615099F8E4BB024671C116506CE743B881B294137C5
TetheringIeProvider.dll,20329DF0E6F537A6E138CE520548353510F2CB5336ED3748779DB4B711F7E80C
TetheringMgr.dll,0D1D3DEC2954E59AF0812374A59DC2E2CE872B1301FD05ADC316E41DBA0D64F5
tetheringservice.dll,12AD73C3C3D5354AFF5284590288D3C664F40AA2437FBCB619F90C2F678CF9A3
TetheringStation.dll,62F28CFF3CEE5A184C7CE89E7E553711C39AC134CE361D81F1C3A45F5EE3CD02
TextInput.dll,B707D15A58DBA5C084231E2E1330C789833519E332E644B31E27C545ADD989D3
TextInputCommon.dll,6C3551267082BF86C2D8FFC61A308696717E4B7E1674372C7E896E001A63C545
TextInputFramework.dll,3E8F3D41CFFBBDCF08003CEF643F4B241C69B5080B8B676FEDD3F2B71DE5BFCA
TextInputHost.exe,80226437B2E1CA9CDC21A2D3779672C0EF08FAE36CDA7C2A9747453C17756F2C
TextInputMethodFormatter.dll,2EA7646218EBE35A9EBC75B4FBE0C30D5E8F9CEB209DD2B75C154A40DDCCD5F2
TextShaping.dll,6F69A3E12B09081EE1122CF44A272C6FE2C62CEEC1B35952742F0918CF078634
TFTP.EXE,3E0D55D13D6823E6EDA9F33AFE820EE58F7394ACC52B1FC43DE301FA534E65A2
themecpl.dll,39F5C0CA0958DE36A3C94D07068E4AA594C04BE7E9EA8D1136B18F5AC738349A
Themes.SsfDownload.ScheduledTask.dll,9C0A4B18FEA2E8DE4BF6F68960F3DBEB89CC0AD4CD361C87A8D6EE8E363DF92E
themeservice.dll,8DD5348A4983C376F63E6B209227D4D02300555F8C80A0E0DB2EA16074ABC334
themeui.dll,B78ED200E337599820DB8C5081741EBA81A9C79D2F994B182FB464AC2A6092E6
threadpoolwinrt.dll,AAD638033C92475812486D71E1955C2469383E41B0E568A87683007AFF438371
thumbcache.dll,4A710BEAF6EED7023B4A1E4B4728FFDE45D7FE64523E06C9AFF160F55A3A4D77
ThumbnailExtractionHost.exe,DCC96B237F4C46FFC5255E1F43136A35B3299FE69C2048A12D89660EAA15F9AA
tier2punctuations.dll,A9F88DB397C0750763F5E5498203CF934481DCE1FF8A7459CE46FECFE8DC129D
TieringEngineProxy.dll,AC473AE96B5554BDF527666EFE0D57519648A1D6C760EEBA522D7BDEEC7E6DF3
TieringEngineService.exe,4CCDB591EE16507879D8F12C0BDD40FACBEEF03BFC553A84270284D4930B433F
tifffilt.dll,9E4D57E81FA3D9C9A3AB438FBC7F2CD4F7140EC471D57824559F5BA33CBF2CCE
TiFileFetcher.exe,7E55C5FA1B33A37DFFE810BA6BECF6C7FF3CE44F909B11CDF05E7164C55509A3
TileControl.dll,EBB65B194AFF147311B3731999E663F2568C78E1AE1C17A3779A61BD178A6988
TileDataRepository.dll,22C69CB1D9941C1C7A9B643CF440088007821D19365F8524002C788D350A0E13
TileStoreMigrationPlugin.dll,FCD209F57981708BA119BFEC91B4313140A5BE6A03EE783C7CE9F97D9DABF4DE
TimeBrokerClient.dll,4B2F3F9D03F43E45C477F3C24A9A2D2ECB294D712BE19058AF7C16932A2856AF
TimeBrokerServer.dll,C4E63135EB9BAAB1B7DE928C914CACEAB1E4862D6C5913B23EFC5B8986B1D91E
TimeDateMUICallback.dll,8F12278528BF6B895973C21293294D696DB8F253BCEB15EB5F20DEF3CB56D47F
Timeline.dll,6291D7F23F4CFB0131B1C0031E6B70357C3F069F3CA9CA7C2425698436DB4B57
Timeline_is.dll,3E67DF7A72E5902BA1374F2CC4FA2DE0104FC2E8CEC56F73B60FA6C5CC3AB1F7
timeout.exe,DAB1647E4A1F207835162D87192A173519B1BC1FC274F2E17421702FFFA578E7
timesync.dll,A66D72EAA92E57364DCEF05C2846512D6BDF3CA4AD65031621530D01CF10DF71
TimeSyncTask.dll,3497DD3BD62CEBC03C9CB1D4EBF12D95632097EE77DF728518D1B0E2B1D51A7B
timezoneai.dll,0A31084CFB49E3CFA51204013374E417E741092FAAFF3A98CDF6AE7CAC4F74B0
TipRes.dll,31B860B24A51702C33E38D3A6B178EF3BC36C35BBA4710B784CFDB3D4CC390D6
tipresx.dll,38B63B79A29CD9C2C6F7CB7F1E6B7D01CF3175009F62C53F4706232982AE7916
tipskins.dll,A0ABDB9D4074E4BE6EC772936DDD5538ED00B8955234535BD54F9F2A1BEFD244
tiptsf.dll,00B25562138BEA14776B82445621885E9C84C8627D8FA159613847F7D8A205EB
TiWorker.exe,FF52FC6B75F89D96FBB672444BAD9D39670E7025073E2CCCF101581983E13509
TLBREF.DLL,D3D3B1A83377BCAD619E776846D7CBEA51A5EB99848A23A75903F1F2341A0246
tlsbln.exe,7E9A9D4F8E8809D7510C5E63D49E8B990B3C105515A737590E554C9DADCD10AB
TlsBrand.dll,57D2660D1C502B9EE4D8B8705B5DC67370586BF4F36EFC9927AB8048007F01D4
tlscsp.dll,19057076DAD7864C3FBCE706BDD7CC82F1F3AEA8EF3602AC8D6197A762E5552E
TlsRepPlugin.dll,C91F05C74DB5383A06E44E7768C54502263444039B063CD20538E807165BF353
tokenbinding.dll,0CF45D0A25DBCF5D718C1B088540570A63305A23533A95C73E6ECB905DCAF9CA
TokenBroker.dll,E4CF2067CF3E50A813B0B7399ACC758705CAA76528E4E9615388DC3ADC0BD45E
TokenBrokerCookies.exe,ECBD7B6FE490FAF967C651B97862A9B271FD4A6190C655870A8CA0E0E0BB3F22
TokenBrokerUI.dll,F5AC647A64013A15F48C70FB59AF90156B8931104B4345E3767065CDF5825DDD
Toolkit.dll,6FC255400786AAFA6F7A05CD3FE8EDFF07E81BFDFF323AB930AF5549F99E01D0
tpcps.dll,7EB4E499EA4E9E578DAD37B429CBA4D31653EE81238ED4FA38EA4BEB00D96D93
TpmCertResources.dll,DE871FE9BEBC085DADE9C2241958ED4805DB0EACCBEBEE11905E6F141CA45FCC
tpmcompc.dll,E008364A8669AF63C5C5812FD3BD7249C8C00818E61A8C2F4662CDE2DF9C2B63
TpmCoreProvisioning.dll,150A0C44239CB3B486495FD33BE59C52DE78A05801A4279B05E5DF1B09F7ED46
TpmEngUM.dll,8BA98005B30B39B43BB25D3A27364E855ED4B3610778D06145D876979F4DE007
TpmEngUM138.dll,FA0AFF5C677A3DF9BF1673323D7C1E93D20823A877016AA67680B84847773B17
TpmInit.exe,EA80B5FC2CC98EEA5376F3EF1B1DE3C447550AE5EE3C7CC8DFBBE9310C288880
TpmTasks.dll,0D27E75130A17BB0E3D495D582FCD7D8642064C81E4884146F30BC7C19375BA6
TpmTool.exe,A7D74B2F7F8F88234E63CCE74DF404815EEDBAF490C3686E9B23EF0B040EB231
tpmvsc.dll,309553FABE2CFD6CD232FE8D09D581A32A783893CE046D060CDE130356CBCD1F
tpmvscmgr.exe,4363B665CB1B4B724716D7E287FE770D8C38C76AA78FA0D1CBCD1C9BC1C2B02C
tpmvscmgrsvr.exe,3FC8800338A6548324D7D35658D265E48F8EA45C5F4DE162FF54DD7E35E6310B
tquery.dll,B8485CB0E57AD5F12369494CBE5263A643E537D5359A78CD530303F708E823D8
tracerpt.exe,C3BFAD7869AA7CE2FA9B34C68C3E6250C48042009DE1C0AC4BF6E351A78F2371
TRACERT.EXE,5572CCCBC800DDC2B9788C5B888007FC5DA88AB5712C3414AF7799E4F2E04FF9
traffic.dll,587AA96BD05AB202EFDD7A41095B66AD785658DD7BD729BD78E0A2534B02F385
TransliterationRanker.dll,11565B88CDAAB3E32DE9D84A2EAE0BFCDD237368AB73EFBA1B544D72A5FAED36
TransmogProvider.dll,5BAC6033B8EAEDE2EA1DF646B2288AA528BF274E6967200D3A9EE454414A78BC
TransportDSA.dll,6F384FDA0B2DDD4CA02A3307B1D59C638A4A216024A204C1DBA8015B780BC385
trie.dll,ABACF43F58E5AA8BF6A6D83491DCA4C3D5640FFD290CF43C8BBEFEE800C9D2E6
trkwks.dll,135192B2D889D498A1F2F27BDE332FDA75C36CF9267E69A4953718EFFDEAA374
TrustedInstaller.exe,7F0E3E2682A24A6B27484226CC0C7B30F837EA08B01F82C7B7AC094BF0A88CE5
TrustedSignalCredProv.dll,175793F40DAE0B968BE7888B389BF00145E1C01D5F7EF5B3D15E192A21CDEE65
TSAPPCMP.dll,5FFDB34A4B736A4A3C9900A6B33A381E8A3D5F303C908D41FA9EDCACC523413D
TSAppInstall.exe,C472F7D3A5A2AFC00069F4DAD68BEAC521471B335ADC9C71DC5BC99FE98E0830
tsbyuv.dll,85AD72F16D4D911DE14A7DC58F8E0F5BE3D3D07CE3B1A8C448334A2EB244A811
tscfgwmi.dll,67007A0005D0548D49CE1BEB0F0519D36E9F86933D113C3E67F7829292F6EF21
tscon.exe,2325E2993578A6D45C989997D581C80739BBD952E3ACE7EAFDAD93ABB8843A98
tsdiscon.exe,61DEE8F92AC24864FE8CEF5EA737224F11DC9477E10E5D3C9C28C06CF84655CF
TSErrRedir.dll,3111995E132227117C8A69F9C00A95A8D3607C275ADCC5F506908DA8121C1243
tsf3gip.dll,A1E97DF6DCDE821C60E88FD326C8ED6FCE15B4D3A6140D15A18915927A2849C1
tsgqec.dll,5038C7659CE3044FA22501EBDA796692F49881DC02C1DF7C896B9320C93CB460
tskill.exe,601B716B072D8C36A79D21F62AD2D0B7D23D2F6FECEA895B1D6CA166BE6AEEC3
tsmf.dll,28235761F69D53D63809DAB1051EC3C7717FE9D0ECD3248F41212561D7B6B058
tsmigplugin.dll,D868D470F427860AB45FCD6E30F010D07233C6BAEADB23B8AEDBB35471F5D17C
TSMSIPrxy.dll,30C1D58954A3B37F308DFEF34AA7C98F2F91527C5C109D02815D2F9A369ED501
TSMSISrv.dll,D443CB8ACDE79A154CF26AD3F5C4251B4D5F8E5B4C3749C23398D4485CB29815
TSpkg.dll,AAEFFAB5DEE53C6B78EE35755A9A5A3987DA495AFD8DF82F76CD1A40BF9F63C3
tsprint.dll,C984B1AA0F1EA45A9AEBA6391CDE977750B1DAD99427922E51B41F8626C47C38
tsprof.exe,B3C0D942FD9CC49114238B057BD31FB0444734B1D1B553ECB564AB5D8E55D6F9
TSPSCmdlets.dll,E0C58C7BF22F31AD25AFF03DDB63FE09579A450390F811B4DC0C16D1987B6EEF
TSPSCmdlets.resources.dll,B8C7E927A71EE717255E16961BA3AF9B533A8A0F3B1CC4F768B849C6B9BA6A16
TSPSDataAccess.dll,3838B49E03FDC4393EEDBDDB6C57900A0B7D820F06D4FA43D8C559A2F475A33D
TSPSDataAccess.resources.dll,28B962D51982321B3F20134DCD1E0A23544A85EB5BC5800E4185BA35918FFEE4
TSPSEngine.dll,DF44AEBC6D1FEAA42A56FD8FF9FC1A90B05840DC3ED7070A375250E808ADF1B6
TSPSEngine.resources.dll,A811CBE717F6473098ED63BD7F183A4A9A75D4E266612E6FFAA8EA51E57FE8AF
TSPSProvider.dll,6B596364D38DF85C17264FB59D7EE7FD0B2B0447AD4876026888BF094DB92B74
TSPSProvider.resources.dll,D95A298147F7B10C73865A46609473AE0DCEFEC6FD743F24584166ACA04EE882
TsPsUtil.dll,0100AC32CC916E5EFC56BCE9949F237C86304B866A88220A6421F31886C1F9A0
tspubwmi.dll,1FAFFF21408A395EBF0CEB3D00C88595A0D152FE670FD4EB0B82B058A5A89DA2
tssdisai.dll,AEB81A54B16E6E5DE94D7291A0C0134A7782AECB8E6749BAA53795D9A4E3C5D3
TSSessionUX.dll,8E7E829031107624A171C692CDE51F3B0492A1C12F8664BD4414187678C9B1AB
tssrvlic.dll,2DC2090E3ECE17E50701FB688AC66A5FC0372D5E1878A9147DB1628D5789E808
tssysprep.dll,2DFFB31BA3644DD8E07FCBDB3ADC78737760C11617A64740575B2917C93B47E7
TSTheme.exe,0F1917695468E4272CB3394194BB8DF30A700B7B5C2E5162E6E099DC98399CBF
TsUsbGDCoInstaller.dll,E83C3F133A56AD7C7367134D87FFAD2A3FA2387FB3F2A4E283DAF651DB23877D
TsUsbRedirectionGroupPolicyExtension.dll,F44CC1E23D0D192DCFD84069B27704CD0B2A8E7720EEE43656F57CB474433762
TSVIPCli.dll,774A6F2383A9DDAD11F53E8455489CC26C21CF5F6ABCEF3022038C492162FD96
TSVIPool.dll,099F4786C708B25960D89C45661A42D061C6583A44B58A0BDF32A738A1A6D725
TSVIPSrv.dll,B2239D4AC5F6E6735EBC8B5C62CBD38D76AF557C6692ED01961546C57406ACDC
TSWbPrxy.exe,6E118B779673183850A0ACB474EFA30BC4E91D47925AEE5311364112D660E4EE
TSWorkspace.dll,E5283F6BB420F6FF50619697A2A32F5EE2D7A0624D6BE304D6FB4B4F07EB64AF
ttdinject.exe,CCB252113DD7CFEC157411EFD72E9EBD1AAA1B8563411FE5ACEDB68AB24BDD02
ttdloader.dll,7A4875AE837C6D96BC8C1CD2AD926CCFBB0227FFC3384027A679F540D54E0BA6
ttdplm.dll,EF309BE1210C5AE5C84B917C389131C9AF5A1C38FAD66A11C1BA4E970BE27B43
ttdrecord.dll,29896DE0BD534672B9DC6F1DC0C398F44969577AAFB602E1705DA917C04B180B
ttdrecordcpu.dll,C3D38CF445B19D28ECE194CE1B81A0F20C7EE71499868C53643766596F7272E7
TtlsAuth.dll,E4CC88ABAB1EBC348B2545E54FF060ACC6FAFF87D9529D1DAEC04C04637F8C20
TtlsCfg.dll,AFC20BF2A5FBAD5BA787A83A4B1A9E91A5171E9C566F43D5A3E7BA16E63AF5F1
TtlsExt.dll,B5A59948905C4F3DAB649719043E5F17879C71A7DB832FE5ACC3BDAB6160EEAD
tttracer.exe,64A2AB6721FBCC33A05AAB779E71915635F106D285A48F37F9142F6692221597
TTY.DLL,25D4E5E676E6D010D29C5866BFCFD8F4FFBEE0B070DF4C6F730DB4790CA8B02E
TTYRES.DLL,44B2F352B697B46100792DC889F8D7E2175C76B42E06078CEDD0A896A55C21D3
TTYUI.DLL,B3C55B7153C17F8E706C044AAB7F036EA639D0F8CD022A35EDFF965E45BF3B6A
TurboStack.dll,8F957D927C0414577DE0F29B74A5CC9A81F0FE9BC290D8A4DF745719952087FC
tvratings.dll,D81E485EAE8968F9156FBC840F97761F17A48A1A9FE1B52061058A5B4ACD6BA2
twain_32.dll,EEC41D62AB5D2E1D880B338C47A2156A5EE7E58F3448F58CC8120392DDC8C730
twext.dll,40EF3F1B5CF0C77DEE0C47445F7E432D4E89372280E0694847C5E9C4F4103935
twinapi.appcore.dll,980EDAF1335CF9D47B58F77EB556E50EE13CA5D5B093B3B5A5DF1131492FF6CD
twinapi.dll,82892BC9E16B68033B9D0053B1DA24541C79B942F359CC897AC9B149505D19FC
twinui.appcore.dll,0366A2190F7C0187524ED66E890E48AB04AF3C5B8CBDB8434D2A4D1C28E5F2C8
twinui.dll,4B7BF99B840E924FADAB64244C47E543B1D2A91EB92626798E20499F55CD0E65
twinui.pcshell.dll,EE7A599EED0C6BAF6B3676041AFC64D1AF0124CF424F17321365038754D89321
txflog.dll,DFA21C63126C7CA4EF4E1B45CA812314C204A7731D8BED870FFA2B09DF892DE8
txfw32.dll,F96CA53F2E7DF341EF752F112571ECF7E8D44D0A67CCDC9C5D3FE7079FD09D82
typelib.dll,126A00E34A6516C0D382A221071AB4084031C2A89CCB6144CAB960CE1F86EE2C
typeperf.exe,9775B26139960A26BFD4E4CF5E29ED940CFD0CC0B0098FC9C5C3A6F5AD27246E
tzautoupdate.dll,642AC3FE1A6D20FA20EFB6707E4ACCFB6E6A14FA5ED3AFB648E4D22D6594F0AA
tzres.dll,367AAAAC1BC5F4DF74F268EEF2E5BC152C0D10824E32E390D615F19E8C28EB07
tzsync.exe,3C4DE3F013D4611BBDB14EA17207E4D93EB406E14E639B1D87CE217C96747CF2
tzsyncres.dll,366905E144E8E19B6D73719C189C9B37222B5E2646E6CF295F6FD8456A899701
tzutil.exe,044C52F7B934C4EB64EAC31B1D8E5F29C9FEE2B3F080EA9BC6F180464CC8DB2D
UAOneSettings.dll,F8C395DE92E3769C6B30F27F5E23A410A8FA888B1A0919F8E0C80EA7D4D2A284
ubpm.dll,265C06C776F7ACD2AB462D5E77E233515DF42FB3605271C18CCAA13457784298
UcmCx.dll,FC8E617DA7E12C8C50435B82AAF65EA29A1A3552249D95133016EC6705590A82
ucmhc.dll,4E18953FC4D9BDDBB26478267846C941463F01F3EDA7FE9D6CC8ADFD9F10E851
ucrtbase.dll,AC3319177333327E4FFBC42BC268AA1873D60EF21541085ED0778C5862C466B9
ucrtbase_clr0400.dll,0437AFAAA6924C49600DEB78CEF87E37BD272FF9F364E9D2D7B9FF8CEF94F7E8
ucrtbase_enclave.dll,DAA52B5B8412B3D76A365700184BAE6AD4254D734156A3E9D4C082B0BF53A46F
ucsvc.exe,2BFAC411F014D87171CF09B110EC44436F4A0850B8B2CC3A4F72E7412F7A9D39
udhisapi.dll,005647C1AC25FE62038AC094747B6553B33D17ECD31D001D234F4281B2B685FB
uDWM.dll,2726AEEA08374EF88E00FC2560EA256E05CC3246CFDFDE089A06F8610B894B18
UefiCsp.dll,539A42D01DAB74414C7FB16E7DB81C24E7C3CC81ED23B36934A86E5DADCA68B8
UevAgentPolicyGenerator.exe,9B20E8200CA7A6FD2E6EE605957954DF76C3F9D43081F09424A245A39502006A
UevAppMonitor.exe,75D9BA6D967B399AD5E6AE5E733F063784EE12468DDCFCA1CC4C8FF8686CEBBB
UevTemplateBaselineGenerator.exe,31D32204B0A91AD64D3E74D1E21AB42AE19F3DD61EC3CB1F8578FC5FC693E219
UevTemplateConfigItemGenerator.exe,F2922CA95F8B9590BE2AE8D86DE47479CBEE9F6C4C56EE87400BCEA55B1AC943
uexfat.dll,34701676D832BD56E2503AECE70F9AACD8D6BCF5499A7251E20F0F8AE4471A6A
ufat.dll,A0E58BD5DE0749B67D2FBD15FD003A4EE884458D565A2A191AC8374AE3F69E8C
uhssvc.exe,4B1BECDA7C202198BB33FE5B750C1DB5BA3B7D43554A4B557C342AC6E138A57F
UiaManager.dll,A597D0C1FCE104FA615D4EA7A3E3938D177DB47EDE4F406FAF2FA41CD6F2DBF5
UIAnimation.dll,753EF1D92DC8896BCDBB98DAA1061FEBFA80789A4DD36B27559D5D4C32FEB683
UIAutomationClient.dll,EB0476940358AF72CB091F447E193D45CED6FCE338040A0AFE930D1A257BC94C
UIAutomationClientsideProviders.dll,DCB177E6F484F1E2C659B8104F7BDA2D4BB3D21FA86E87C8E308CADE2A437317
UIAutomationCore.dll,3427D4949C094A8F67442DB13ED5EFED513A76008E216FFB3BC79B7BC9E1E798
UIAutomationProvider.dll,D84465DAEC88B82EA420D42D817F3D444B86C19BC3207CBA15ADA5ED4F3F6B39
UIAutomationTypes.dll,0848D7DCAEB4DE37E9598B0737A0C58BBEDBD371E173E1D2818C624C647BB290
uicciso.dll,811F7DFB3E164B7E1FC73B9355BCC8DAC756A81D6A0080839E656B0A8BE5360E
uiccspb.dll,335CF81A7687D528F725DAEF98759D061E4C0FEC621B17B4C2F2E8874AC7996E
uicom.dll,C5898C67D963828BCE1F79807DE41CFE2DDE67A1873D7EC57923E9B596E483C9
uihelper.dll,DAAEB4600DCD3064F9A587686F407F52EB2AF083479998DB6357103BAF02D361
UIManagerBrokerps.dll,44619C9667DD6489DD6693EC07924AE0472BF82AEF9AD85608E988CDA97C2D67
UIMgrBroker.exe,B8D7A7F2E5A27AF2B36C3E7DB27AC39C378B197FEB2AFD590BC1FD2088BCC241
uireng.dll,7CF75C5C28C6981166DAE6069E3224306EF889581CB8A494CAA2CEB444CD42E6
UIRibbon.dll,A18061376C8BDCAA67D775721664E4EF831F04A12D67548F2D92348ADCA7C791
UIRibbonRes.dll,BB2A5CD8692EFEB472F460574EB56021C6A53D0FC8F7ADEE0DDF398AF0C1F04D
ulib.dll,9118B2FB68396A8B54A428808A92E27E7E5BB1F78E96ED97CE9655FE96E17E3A
umb.dll,A0EE4FA8FAC263316494AB16437CAF9DA171CA7F9EFD6A26F16EF19C63586EB5
umdmxfrm.dll,2FAAA2F52E35A1A84BB28846BC560C2FBB8843FBCBD4C86D5B1B7095166B11F6
umount.exe,11ED8F6E273FE2F482D2FB1074140F4209C14D20E1114F76B4D6814A8487F56D
umpdc.dll,5127A202347A389284B94F1048444645A20C7247845307DD6F4C703859E9D359
umpnpmgr.dll,954BBFB9E4C7FF79A811123D31954840590837ECDC9108161717EE29C8EFB676
umpo-overrides.dll,A5BCF02EF9AFEE796FBE1243D5116C70A3DFFD0DF2CED38CD8B4124C116BB3B4
umpo.dll,EE47BBDB755155592EC9D0C203E14D9E48CD3DC8FC9F9A136548046BF34FBEA7
umpoext.dll,3353CDCFA02C9A7B2A913D47BF395A525D461D51D659951F9B5F667E68C6E24F
umpowmi.dll,339C2FB094778E079D51F830E4A8B7C011FA06B26D4887698F53370322FBC5AF
umrdp.dll,65BF62BAE95AF9CC0FB5D33D4B696410C22D77B779FA61A797890BCECD93E190
unattend.dll,31C11EF13621B0EE530F7AC0D99A379A097191ACBCD7505B4F09696BED6209FE
UnattendProvider.dll,E94E7AF2F25B38D69E9263953B439255721B89E6DFD2077C354E8753AD9BD4A0
unbcl.dll,3B4BAB09BA7C40D3A97BD4FF7D42CDCDDF9DC827E9DA8D9E5B4FE49C95BCFA0F
UndockedDevKit.exe,842AFA3909B01AD4A475DADD08FEB850B6A33DF9DD62F42EDC8272902AFCF865
unenrollhook.dll,6FD92EC285789ABFEBA9A1FB7A3A67360629EF4B05103786F09B9F679E59AECE
UNIDRV.DLL,1E194973EBEDCD57A56FE7A62CD12CDEA8C4CA6F8DBA2B64ABFC7CD02E5C2C62
UNIDRVUI.DLL,0FB195CD1384E8BC82D40EFB72631181F9F7C088C4FD69F4BF1698E450E21FB1
unifiedinstaller.dll,A0406BDEB9362847E70B6D413AF03D5A69C8F26D3AA39FCE3B9F26E4D5995FF3
unifiedinstaller.exe,5CCE860C8B054767423F150D6863741EBBBDD1E3431A43E5C0188021378F7612
unimdmat.dll,DCBC90C8E2F995F6E2C05BE1FF80F1E5C018F121458D30962431B16582EF21CB
uniplat.dll,4199C9E4368E06D41903FE43531A97AA070E7A57D952D3C026DEED31CB24A0CA
UNIRES.DLL,2D08AE675E18029D4A9B4036136B65CA8D97BA292C23A6C8C41FC1BE0211F1B9
Unistore.dll,F1DE2B246451F74560EE5E06B0F96747B40E43C605DFB0911B70FF559408A214
unity.dll,DC14A045A44AA7AF0E0C2ABB19681B89166A5F829EAAE7240576F568CDED7422
unlodctr.exe,68E5607D0AA1A52BFF70FE53C7EB0C5D27B342886BCBFEA7FBFEFD4168951F9B
UNPUX.dll,9EC595B405DBD485A07C6498840271C5F2F4ABB307218A8D6B713F4E0983C309
UNPUXHost.exe,4F58A0309E17886939B3122FE757A0979882C831B5804C531EDA4DF7ADCDC08B
UNPUXLauncher.exe,5ED71BB16352C882B0F3D959C69D12D7B7543B79007A4F0EE9705DF43551C8E8
unregmp2.exe,CC883043ADCCFA1DD61B3DA09D89940F3B97A6E74A09AA32D0D339B0553CD728
unsecapp.exe,FABB8CC6DE82A79F1EED0976E5CE741FF3B9D5B1B40D90146052F4393CCA80A3
untfs.dll,82E264568002F33A02D77920FCBC6100FFCD0075B382B40FF1DCDE353F300F79
UpdateAgent.dll,542621431C8605EB95A0F9F4E5B2591996BB443975A6D20D1DA97F4677581BB4
updatecsp.dll,08B79D080EF68D4A6CA7C3FF43A602F971D29BC36949F5C1A3D81CA4AC3753B6
UpdateDeploymentProvider.dll,19A7A794F5B4C56F936B451FF5A9D0F19272AA312687B7C34222CE837D1299F6
UpdateHeartbeat.dll,B31B29B2DDD2DF8270EE8B948AEB05F7E91247ECB60EC46218B979FA5677DE22
UpdateNotificationHelpers.dll,DA21BF813E29B35BB9780FDBEEBA0D37B1D1949EFC0AD306A9C11626B8EFAA85
UpdateNotificationMgr.exe,CEF269A742C5131619457818F49D5189E67C11A0309464D9D55E96389D3DEA78
updatepolicy.dll,3869664CCD786E589B9FE02879103040811BD5BD975D9AF61FE0400E2C046045
UpdatePrinterDriver.dll,52D5205A2BB7783921A9672B8C4E3C24C14CF0F7B568C61320C6212B1312B312
upfc.exe,EE44FE14DF89C4E5EAF8398F8FB4823FD910C5A94D913653D6B9E831254F6CC2
UpgradeResultsUI.exe,E0BACF2FE7FF684FA46CA255D4EBA2F25E290AF4837C1652BD315424B50F9A74
upnp.dll,340E30857EA6C80FA49E9662D8421FF9550E27ED5B6F03389805CE7FF8D39963
upnpcont.exe,1998BFDC9C424F01F1B95A0EBDD861ECDF84D742E379F73893E0EEC682255B87
upnphost.dll,1A2EA6061F73B3C84F85E739A2A7B5902319460D017EE1BBCC1977C651BA85E2
UPPrinterInstaller.exe,252CDE2E2256BC2A1B102965B13058573928E23E5017BF5D5C6E3C6A32F85B14
UPPrinterInstallsCSP.dll,47E4F8B64EE543396341D01C9511BEFB5BA1B545CC3240D4A6BEE035A01EF284
upshared.dll,8A2A6BE5539E93513BA0CE4EFD6458CFD64C48EC826F6DC4AC2161776C88AEE2
uReFS.dll,6737CDF66ED7A0A2D125C926FC32E223EF51A309ECDEF6301171CDCF2EC0346E
uReFSv1.dll,97FBC073A0EA1A7BF0008A676888B9D66615ADB766CD696BC74809B6007C5BCE
ureg.dll,29E6C72AEFE359D7862D9C84BE39FABCC0B10B45F80CBB05E0E11E8B869CE97A
url.dll,CC85A7B90AFBBF967C99F7CB1737E9AD0C7924B03859E4D569C903E2D403A24C
urlauthz.dll,9097A300F3DF0B50F576513A9E7D730380E730215D8C503DC84617A948D0F1E2
urlmon.dll,2C7D452E2047D5CF021AC0DF63308538D0F82AD2F49704A003E54F43738F0E8C
UsbCApi.dll,572CA21CC57CE1B49E8ECD35D9A4B4E98F26C349E7B3F347F12BFDE54E45C21A
UsbccidDriver.dll,D5DE8C35DC4128F9E613964F4F2729B7E9942EBB46B4EBD1A776A208CC68B54D
usbceip.dll,E0EF48F63EE3A41A7FE78B089B2AC4A289AE5ADC7FDE4670DC05D491F06CA707
usbdr.dll,4A13553E931CBAA7D9F1603550486D9C109F4EC4C4586D6129A9BA62CFF73668
usbmon.dll,5C4C5ED104AF547475125110EA1DFD5C993C595ADD8DF32C26E9E0F26BA3EB50
usbperf.dll,898A122FF2C25335EB036E75F855DD1C0CF4D6AC275AB9C2FA3B93E4D80BDE7B
UsbPmApi.dll,1DE000188600696C1D9E57766D3228ADF3817F780F1F38915FBB8993629F99B2
UsbPortMig.dll,D348EA32809917AE318DE0A70198A94512865442834D0D13F4E2E1F587BFD5F4
UsbSettingsHandlers.dll,2C2A2ABB08CBE51529A73D3809FAB9B3628C48AF1254EFF561109168413FEE40
UsbTask.dll,0599B1CB756B9B7F3118DFDB16B402968885CF9A9A03F01FF9B835EB5E76DADF
usbui.dll,3F38558E94E75B5550BFBE51E6E68E54079AC277C5C1B62CE0AEA07B5E5CE2D2
UsbXhciCompanion.dll,B5164AC30F696C2B5F0E2D364A69424E1B728C9945A777C0C314E1673A2A95BA
user.exe,0C3D8D735E9C63F87D9CB6DEE3A8CCF6CB30207C65AFB5EF0ED8CC1323B957AF
user32.dll,4287A2E88A4CE58B079B1D0A5E7FC2F808D91AD99DC967E0FE737A0FFD3CA9F0
UserAccountBroker.exe,FFA4F0BBEBAD9FD4AEBCAEF463CFFC0489B4F5E074333C296D382F050A80AF7F
UserAccountControlSettings.dll,62C6732EC3DE29C6009D321DFF26C32D3A4B39E7E03E5102DD99F89C8F5D6E56
UserAccountControlSettings.exe,EB4C62E672647C1AD1A247356FFD738FEEA55FF0390EDFF2A2BDE89D9362250E
useractivitybroker.dll,79E2AC70BED6F1DF1705481112910D8CC24C986360F7C653925809715557C851
usercpl.dll,44175F4C1749ACC836B536E0549EBBA66EAE274FE3CADA44F0CE3B5E6CE65E0A
UserDataAccessRes.dll,75743713ADAE119D2AFFA85588EECB5415D8975AAF0BE65798CB58FEF1317600
UserDataAccountApis.dll,BB13BCEDD19A3A73852BD4296D94A9BC5EC7525CE856FDA200C202E186A67DC2
UserDataLanguageUtil.dll,83CBA2BC2CACBBC7121755F3709AA0B665A51A0DEED3B1643C342FDE4BAA1BB4
UserDataPlatformHelperUtil.dll,B021BAFC692DCDE5B759B82695B593FD7C1ABE45FE29A46ABA086AF4ED84A4A1
UserDataService.dll,A815AC2154C822C48BEA8BBFDE56BF1BC2E72D2FFC952B34CD8976D50824ED77
UserDataTimeUtil.dll,A429E7391CF281917D660C0CB690D7DCFDCE57E490C701A0B5589768304759EC
UserDataTypeHelperUtil.dll,B0FBF5B40065CF40493C7FC476A6A21661A9347A47BDA8B776470D0ABF227972
UserDeviceRegistration.dll,55B34AB5B0DA038643DAE81D148CAFD82443B17BA01FD8624FE4A34672EC8C03
UserDeviceRegistration.Ngc.dll,FE9450A426243F1737562AB888C6A6ED520CE78C31D46DDCAC100ABD7A79AF08
userenv.dll,E1D79C98FE3EDADA322398F3AFB9BE7D06AD51412E741781C6B0B17E15378A8F
userinit.exe,D5D4C045EC76C8745703F27EA57D8CF77D1CB72146150FF92A92198272666CB2
userinitext.dll,D756FB4BABEE765F2D4660EE2244D539868CA1EC1F104D44129C33CC32926ADB
UserLanguageProfileCallback.dll,2161D892FC0A80B77A5E03667FC0000794E7EF8A93B914E41DB0EBAC10BA47F1
usermgr.dll,80309650418FE0CC7D18795533A99AD83F7232691F9647A7C03FA183DBB4F32C
usermgrcli.dll,30EB0E8464CCBD342013093306104DAC006FA61529472D2897706B067CF4CA53
UserMgrProxy.dll,7BE560D3FE95AB1E6B422E47C6D8AA83715C1710C22007D73A10186C47F36225
UserOOBE.dll,A6D24D6F5D4BD0F53B0887A0005C97C5284791BC2C2C57297C48BE5AF4679BEA
UserOOBEBroker.exe,B35EEA5032D1AEFE0251AC50C078C9FD04ED8CE645035F261EE2C0141D30615C
usoapi.dll,7498FD00E65039BCCF4F94015943D1D03FE36224F1DC79A4ED515655B92363B5
UsoClient.exe,FCFD1BE9C8338983AC796D6E3E5803CE0E955AB202E795767D7456EA7AFFF65B
usocoreps.dll,52C237C4BEB2F044777308DFB1020954C3E1167618936DF6098DA9D7CE5CF3B7
usocoreworker.exe,58BF8EF905BF3FC51F0AB7A6107C61570A669F7D44AB21F3756A1FEB32F6A321
usosvc.dll,954BC91DF9C750178499437691265E432319531812CC346DB4AD61A69AB6D4AC
usp10.dll,B11EDB8F9B5D238DFBBAE316D0DA72E1006B6B24DD57C8B879428F5ADACFA0DF
ustprov.dll,9C31804694CA182D13C458EB13A7142352E48FB295D66CAAA4ACA155467F8B25
UtcDecoderHost.exe,C6FD7E41A913C986B8BDDFBD180D36B50DAF5B45AB2DB27E1FFD5B86D65FB893
UtcManaged.dll,26DCBC325E49FBF0E4CB113221B6C04195DE83A441CD65F3D3F4692C54BB7D00
utcutil.dll,3E402041D4DC2B68F547AEE1F9E2CCC37749EF8301FB7BC83EBFDAED3487C575
utildll.dll,325EDD3ADCB12713F2C50C0041CFF2DE1791192C9FAD8E79C867179879AED306
UtilityVmSysprep.dll,F621900ECC5529956C91F719B7FF456874AC7C02B26BEBA23FA7C781F4E9CC71
Utilman.exe,15690DA8F4651C5F67170D672B54F463FAF664E43903F35AC0DB0B0176DB61AE
Utils.dll,5F97A340F5A3DDAD69C8B252A6CFC553F2A9B03D0563DB8935203429C128893F
uudf.dll,33F47FE4EA0C5912F8C674BBED9326CE34B7C19258F4E9C02D69B8E388C961FF
UvcModel.dll,0D975E82106B1E4EC7128CF06E33B0044C25A8EF8FB6ADACCEA6224F0757FBAE
uwfcfgmgmt.dll,519F84E692F91DDA3D8C836903AF1B356A76BCCF84D49B9A228EBE1221216FC3
uwfcsp.dll,F3CC6F9486B9FBD52809D5A1186CD52A39FDB1FFF546A141984FF6A36DD7ECA4
uwfmgr.exe,27400B1FE0BD003E05AB2F987BB18402B98352F9FC3EFD793A9C9221563B472A
uwfresources.dll,B7B4168E698A4693C76B1DCB227FB819FD2870B3577BA9871040CC72D48546AB
uwfservicingapi.dll,2A25263D6FCE8FA6E59C2AC6119B687FD97A876ABADB8D314638349F3857F122
UwfServicingShell.exe,9BBB5CB2DDE6F1DCC9AC4FC37C1AA837A6F3A27DA8919EDE6F6ED843594B6A13
UwfServicingSvc.exe,3B6C6B288B682BC6061EAEDF2EE77399EAB0CEF1B469EC9172712EDEE06905F2
uwfux.exe,3941EAB52A2EEEA98D82B2484D74A86CF7B2C398A7B5A3995CA4979C1993B00E
uwfwmi.dll,0E2FC8203AE413137C4A223011B6EEDB7E817EDC5B929D4368CAC57955D17045
UXInit.dll,1665FC708A11C3E96B433E65EA5727EF68BD08BADBE220FF8C2A000BC379F8F0
uxlib.dll,C00599A0D0131C04F71E15FD5E862C8AAF82BA279E3D41D162246D295CA11578
uxlibres.dll,82F909009490E906A2AFC8D4DD8BA2CD3C0740A194EF22DF9A0C9F05DC9C7C8C
uxtheme.dll,58C188AFC56194B99CEC27A8F2F36C22A9FF7F22DD673274F20387FDD1FB5D31
V3HostingFilter.dll,DA56729033B38C8F0C879515B3FBE5DFBBD03CFE8439AB91C7B0152EE95F9A27
vac.dll,97AA8A487DAF0699E569B3E657EAC605302C74B75DAF2058856D799D32EA8026
validcfg.dll,3688A8476589DD13427E8E1DA124FA6DAFFE08330ECBB01619C520A21DAA0BB4
VAN.dll,95F805C3305C0FF6B64910458DDC9CE5FE21CB6C5A2A849EFEEB5E02B807CB87
Vault.dll,CF9B852302EE8CE6B191C23F17E5F84B58A11BE78534ECF01854A56325ECC671
VaultCDS.dll,03B132290936F813E7DC469A727916EF8576E698435384AB43F44594C3B251EF
vaultcli.dll,5E34244BF388D2BEC9D27A224619F062FB50CB7A0B6CA9D2209C89BE07D1FC8D
VaultCmd.exe,EDC1B6A3E4FDE216A323329E35F4192B0F49BC68285EE67036DEFF9E94C4E33A
VaultRoaming.dll,D0770A096DF479123E532996AC831157132A8182DFC29FCB9ECEA58F17AF4127
vaultsvc.dll,8D73F25F9BFAE64C18601205849394EA82841FEF54A8EF43FB037BA0BAA61C17
vbajet32.dll,078D2CD98918638F40CE0F1FC0C3C9079EE1A6FBD3B45D6C32AB99FDA642EFE9
vbc.exe,E43F88C04252613E9FD53F28B5FC6B07DB37D7804AF84B055F3842FE1FCC0A4A
vbc7ui.dll,21995BEBB75B4D263BD475C5B3C0D503A591F9C0D9DEC4F00FFAE65FA855FA8E
vbsapi.dll,7924EFEB5EE33F218AB80D3146D89C42B2C6A0241423253EF33509D97EDC790C
vbscript.dll,59A2413759882179E235F1BFF6185148F73305EEF3D2661C8EE318017692A714
vbssysprep.dll,B5DE629FDBF94E41F24F7D32D36A929EBA847FF58357508A03ED31118326CB93
vcamp140.dll,3B588E78BA28E14E21E9072965A33F628139ACFB7EC6CEA6EF813DC34C083501
vcamp140_app.dll,D30315843EF7A1813D03014F6B0FB4D4292617E4305863116C973F252E2EB421
VCardParser.dll,DD87434D33FDCFF13073B4410F20892A6CC38822AB5E6E6DBA31CF60A97DCCB8
VCBSnapshotProvider.dll,F6B30B759E9833069F7F8A66F1D33E5FBCCC12B6316EA95456031E11D1D1FD1F
vccorlib140.dll,119B86064037B52F7F678AB89FC6F0691C3C4525E051DB043A12106EC8B73E6E
vccorlib140_app.dll,0B97818BF867C2107CB7E8CC439BCF3FEADF0FA7424AEA80301D3A791D8EB7D0
vcomp140.dll,3F966B3BA380B8C981BD4BBC309272337157B21AAAC4F829FD853D63E37B1DD7
vcomp140_app.dll,6D348FB6C67E25BF6BAB336CBDDA7E925B75EF90EAF6C93A812BF3F5D2998457
vcruntime140.dll,1C3887579791BB67A07A4C2E59755FBEE452E10B660B1BBE0F42E07A66C3D0BD
vcruntime140_1.dll,A7ED63DAEB55E048F564E74ED0911FD4237F1B813BC89EF2F8FF6ED8EECD01C6
vcruntime140_1_app.dll,4919F6EB436C0F565EB0402D7881B26CC491CC056502809C61BD4A55A4C07AD1
vcruntime140_1_clr0400.dll,B25EC2AFFBEFC2B2009502F7445625DF9E8AEB16C3E56E4C816946049396C320
vcruntime140_app.dll,8AB2A8D18D219A56CCB2D31E7EFF0D97E9C0828E8C91B5E5F42605163BC745B8
vcruntime140_clr0400.dll,46C89A142C38C7E316A7B746537A197AC1BBDA8DAA6393D78C87C4E47B9ACBF6
vcruntime140_threads.dll,F9C14D04ADFDBC06F51B287F679F663D23FC05D83C1E577B28957844388BEC08
vdmdbg.dll,369115343EB9F4F8F2E65B8E3A7071A21B474957EE71E7569518545BEE999973
vds.exe,2ACEAC6D51E610F85F35175C3A511F59D5B080D95453662E58C9D578DED42A89
vdsbas.dll,F0757D5716DE255AFBECFEA2CA9CC7B753AADECF08367F412B3092156170070E
vdsdyn.dll,4C4D2B248EF6911727598EE2B3C82DCBD6DC17F5729DA23830889B9500F061BB
vdsldr.exe,8B5F784FFEAB85302E635AA5215749EB2E4F8778B2E422804C26E3A2D2B18B66
vdsutil.dll,E25B8298389D5FB2F8E244093BE446381C4281FD7332091C8B18758C335DD5A8
vdsvd.dll,4248903885C2826A82A0C9D82AACD0CBDBCF05B15526A9B00CE6965EA0806989
vdswmi.dll,C96DEAFB57A4E027C054B6DFCB7F89CB57062E5A63AB5E264C0D491D54F0E8B4
vds_ps.dll,5BEB9F6EFCEA2E13C0459BC50D3A078BBBCA880AF7A6D5A490802BECDE0E9F3B
verclsid.exe,5F6FD0BC72EB2E71918241213E97DCD8FD0DE2887A36BE58B769E8C5A4FF8598
verifier.dll,2379C89382789238DCAE1433C04EEB861A2AB72955EC67D7554F4889AF2788C3
verifier.exe,608AF8AEF15BA4F75996D46249A428EBBFF1551DE06F6EB6A053C2C330DA6965
verifiergui.exe,20385E5ADDD1D1AA1868A9999A5E336D2969BC47B985441B2C11D15EB7DD5643
version.dll,747F954CFE4A42DE0683A6C74FE6CCE21EC67D72B681557C48ABE09A321CEA05
vertdll.dll,153782009AF04A9D616026EBAFE05595B379D8517B908E6A602A37AFDB8B12ED
vfpapi.dll,F909D3B5D0402960EE6F2A724F530C8C5C56B0743B72AD13556409F67C84A3F8
vfpctrl.exe,B9BF30F3720C2DE5880581BA0E469865BD14B0D40B264D928768B17E8F4E2F05
vfuprov.dll,2CAA9BE21E333E68A2BF70D6C6335C7BA68FE4E654E0C014A45F3770740987EC
vfwwdm32.dll,3984C103AB5CFA94F5372A6BFE258CE0E314B5915DA32D9B040CFD5534602788
VGAuthCLI.exe,22132A80B84E6F2B725DB78C6A55F9998277FAEAEA3D0EB8B4E940A03E5035B0
VGAuthService.exe,E3F3E70EEF4632657F25BD81D015853199E0989CF154A1200AEAF2C8332589F2
VGX.dll,03FE673CB4BBED39A1188500201848C7D711A8F846516797CE20BDAFAA02D20B
VhdProvider.dll,A9D22871E46610DDC582B2348BC1FF4590F720D41BD69E027453FAFEADC924BC
VhfUm.dll,77083E571A830EE1BE5B936505544E7DD538963A4106226EE514F5EDF96DC4B9
vid.dll,0BDC25560F6DAABB4FA5463A326EDCF8EDB0435FF472DFAA9F0803F627E1D8BA
VideoDiagnosticUtil.dll,6D4791ED72922C630818C763DB3BB87967771985453880E56B29F89595A570F9
VideoHandlers.dll,C47B5A46570F1C02C2040AE49A682DDAF44540F0020505629AF90EFF3ACBE704
VIDRESZR.DLL,3338E77E24A0A79745B06D503965C4A38D85D186EAFD38717D2A6DA2CE027FC9
viewprov.dll,12C5D47EB64B19E331AC45B76B27F92DE7C68FA28F21B5CBEAB331559139318C
virtdisk.dll,D782A6CB2DD0C738DB2B7E5C2BF58D9C726B6BF568DE0FC9E28CE16FF445A98E
VirtualCameraManager.dll,E02F3DB9629B0BF0A8DD5618AD8C6D2DB5749ADD6605F85E073090A55CC0DF7E
VirtualDisplayManager.ProxyStubs.dll,FD484242622028212853FF73592A2DE441C16B0A382EFAA5BF3F6156A0F9B5E3
VirtualMonitorManager.dll,94BC059B2787712B421EA64E043137E6CFA17E40991401F23CDFD400F22AA3FD
VirtualSmartcardReader.dll,5595F8795F13A9E0C7D14CBC73A5D2DBB0C9D52A6AF89BE04362180E09D2269B
VirtualTouchpadUI.dll,4E2397086B4AD09D676686AC20EA9B70F5A3E3437C4027B71451B78497FAE628
vix.dll,7E6A192DBCB7FEF5AEBEFCC9BED382C3204E7132F3A0129E3DC8A029D66A7997
vk_swiftshader.dll,CC25E7CC7E5BC4ED8D3A36488518D2F1E2469A513E5E7476912E132D9AD28A33
vm3ddevapi-debug.dll,E77D2A8F19262664BE6113C7CF5D3903C2E9F579CEF824FE593BEA12C294AE9D
vm3ddevapi-release.dll,E28A53C42191067A750EB5B5B4880F8E658DFB74DC8F0176E3E1F63C9BE5D03B
vm3ddevapi-stats.dll,DCA4999EA7DB3BAD06EFFF78BCE422C8BB783EFD1FC47EA6057C43AC208FFB98
vm3ddevapi.dll,2DB35B1F602A175A080DEC1E31194932FF5F2ECB01426C1226C62805DF2074D7
vm3ddevapi64-debug.dll,B59FBF37C91DD6185E468A7262062A092830D904B3898E89615109D639F8A6D4
vm3ddevapi64-release.dll,17ABF938095F2D0F69A47B25FDF2591217AA8EC48358654A7B21BAD44695E70A
vm3ddevapi64-stats.dll,B02FDCD7C9EC610467E3E1A7E4349504364581849188E83D1E195EE9B572ED30
vm3ddevapi64.dll,A326786FD414059D07D65F1BF0F5B375F2A6770BAA6993CD728A871403920FA9
vm3dgl.dll,447A6799043BB4EA0BB7A3CEDC0F29DA2416156ED1ACCC448C81DE3A98616962
vm3dgl64.dll,96F0E86D68E8071246F9AA9563AB5DA57E6EE85698BE2AD56EAFE0E9D8CB5A28
vm3dglhelper.dll,BCBCD38DE982B02B73C42F00CB7CAE95D199DC99179C9EBD7E97635DAF3C1AEE
vm3dglhelper64.dll,9EFA467555C25A760C59375BAA02BA2096A4FCE093C6E6E9D8986367C9BB60DE
vm3dservice.exe,21996443CB7B50F08C61B867568D97A60D04CBB1C900749F977BFDFD8EBA6968
vm3dum-debug.dll,B7437CD14987B08034EC72A99B384C1904A18985B66056605BD604EF9911C64A
vm3dum-stats.dll,4FA7C150DA4B52CBA1801352EF385C98B917C735D1A2E8CD1697F90FF161570D
vm3dum.dll,343ECCB2494CE796C4F0DE745FB81145700B4F68B121F4718FB6C29307941288
vm3dum64-debug.dll,E47F0F7137B0904F407F9BE82D6FC2C977168B7D9599DE745B263E907820AA6A
vm3dum64-stats.dll,32515C065A8E6A66407A487C43A33F0E2DE3A5501F0384748FBED083B3D921D5
vm3dum64.dll,F3202A62342B748976FEA077B305D5E54AF29512515BCBA4467E9CCC5B9F9D1F
vm3dum64_10-debug.dll,D089366F4C04B0C3A377B3B11C873C133658AE38E5890C74951A5BBCBA097CDF
vm3dum64_10-stats.dll,FFE3E7DFED7A7E1B1B2D55B92762C6FFFA48FBE7E583581ACA09116017F6F251
vm3dum64_10.dll,44F9CD747F37D368C800F07C28C35A1AF7A622A05CDFEEF71C4265A0421484F3
vm3dum64_loader.dll,AB9524A0F15B824A521C1D9234A91DA338D743DE8D92936B46BE04CD8DCD7209
vm3dum_10-debug.dll,AF15426589F8C1F60564A8C9D7F9C7F0BDCF26829117E9C175291CB201B697D3
vm3dum_10-stats.dll,4A505184C489B8E4FF85BE3ABF38881F44F77B9361A4B26A1B33227C23FEA5D0
vm3dum_10.dll,4AAB2658265CBB4F3328AC522E93F495C8D19C43BBAA855D71D7E35B8870FEF2
vm3dum_loader.dll,56894EFD996C7384E37B346BC8EAC8372C204118E1C50D0574F4E1CBABD55F07
vm3dver.dll,12075FE6A384DD4365828F6BFB8AF246C3B3443E9F24588FB59CC0F799506E33
VmApplicationHealthMonitorProxy.dll,48EB011E85B6C1104CB7E71C149E205FEBCCC9A583BA8BE046ABAB84BEF76417
vmbackup.dll,E9CDE7E7C9B57B9DF079AA574F4638A3A3FBA11272025360E45D474A82547441
vmbuspipe.dll,163D17BF7EAB8B2F2E46AB8F89373F363FA1AB9933EAE9007BC8D98A18E83BA9
vmbuspiper.dll,EBE203B524536F80E6EC487163875FDFCDDE592653B4A8D16D439484020FFE87
vmbusvdev.dll,1BECE0C52C0D577A278D8858F23311BBA01D55BF780C2679F8CAD82210BDEF3F
vmchipset.dll,D4EA702BAEA1B0F4C00D434779E2549FCAE6F5A7F3C287C2F0C340A7E88CAE9D
vmciver.dll,34D4D6D619D34C7C274876649C584615121B2168DC903FB3CAC860D8E7277E70
vmcompute.dll,FEED50C212297AB0ACCD07829F423EACAF4FBC78A4D1E3ED0A7B7520A118D801
vmcompute.exe,4547EA84280EBB8A48A425DE37493230655C8DB9AC197AB55607D67BD796A3A1
VmComputeAgent.exe,48B3EC8A29142E058A8C7415C1418F96F352839025EC3DFB4A7E2BE6D0C489C4
vmcomputeeventlog.dll,A4DB1E50FAF7B0F283F4E384284C39FF704F5A00B5B8FA2F9F70DCF5A26CDC6A
VmComputeProxy.dll,7F095CDEB166A6F830BE692D3DE7F5E3A062AAC0A4DEE61B69832E50B1B495EA
vmconnect.exe,C7DE9F77C4537B3482796234EFA0485B0488876F98C0B978D91C1C090011117B
vmconnect.resources.dll,6DF7BC37D12E37A0F769B2A3888DBCDC2C737C57F932E75C2BD9882E6339B3D8
vmconnect6.2.exe,87DE39F38975B72EA2C2F18F9DD95FC48E1BA794843D2480B57EBD6838AA548D
vmconnect6.2.resources.dll,2EA19C16CA4C7D35EC5D88EB4481DF30DE6C81BA6EE071359D0282F8995D79D2
vmconnect6.3.exe,DCC05072385D1AE2F667682EA3A51B2C18694AE324A1C6A99CB096E9AF1E8EFF
vmconnect6.3.resources.dll,1D1E263BC02C462AD5BD3C7CC3E42D0FEB6E5D83070A70008E4B046B6DDD7351
VmCrashDump.dll,41DCBE9D787860F3FE6E7B7AC2CA8146B3587C85FCEF8B2AA81AC654D4505589
VMCreate.exe,37A55C77CF21E60A05F4A6B8B4F7F0335262D62A2EF5CEB38C130EEAD53C00A7
VMCreate.resources.dll,F665D6612A0387D2051999EBD82E2CCCC10BDE835A367B83E72ABE763A049422
VmDataStore.dll,F50C5931DB5F65CD89BBAC1A1D07BCD2B1954468913D5ED2502CB844E7AEB9A7
vmdebug.dll,F3C84A99C583FF48E16EE7F193516DA2E582107F87A5632118E65828A424B83C
vmdevicehost.dll,DAC1FCC21895D30EC31C41816CDA65D6DDF66D5FA01D284E271D90C2FB5BC5DC
vmdynmem.dll,79008ACF012F5FCF659C8A93F5510FFF9B363879E0046EF1435D8B3E399523BA
vmemulateddevices.dll,6B6AAB19AD0724EB23623BC2FAB1436CEA96E1FDCCFD425FAB860B8E256295A9
VmEmulatedNic.dll,20B75C639BBF1556AF90C4603C0E9D08DB7AD588DAC6381AE87D7D7D60AE94A4
VmEmulatedStorage.dll,15989FBF494507DE9DD6DD90BD5F2BE414A11546A179FDA0BD2FAAC2D7FD7BD2
vmflexio.dll,82E0D7A66BB90318F299FAC079BD15FB1DFC7E7CFFAA1F0879B4A21A44B3B5F5
vmGuestLib.dll,83C5446DD758D57AB21325ADD5B34A3D3C6DBB75805DF401D792B93359A261C9
vmGuestLibJava.dll,8C171EC0209BEB72D70629F0C1AEA00EFDAAEEE69B198177C7F4296ADF4DD7EC
vmhgfs.dll,5FD1A03D50DCDBCF96EBFBADE44C63AD8601548AE7FD2259FE598D44A8595059
vmhgfsver.dll,513A79173730E38125C3C100AD856F03A1496930AFE77011E309719C74D9AB5A
vmhgfs_x64.dll,533139DD8B369E9D9EAC7863EB7A0464380D7F09B4BEB5C3B88B252799A9BA53
vmhgfs_x86.dll,5FD1A03D50DCDBCF96EBFBADE44C63AD8601548AE7FD2259FE598D44A8595059
vmhgs.dll,F1EEC047BDBA11CB2BED828B8572C4F791912F670A4605EA6EAA3E0CB3CBA432
VmHostAI.dll,CA90E1C85456289256B5665B0A0E0FEE63ED115D344AF0C542929ABF1DC5C933
vmiccore.dll,B86A425BE4DFA09111D5930B46C7F9D0FD13267CF79CB53A7D8DF3480D04E57E
vmickrnl.dll,18737E6C71438475E711E5055952EDC19D4AA0AE1BBF6CA2DCD7AE416568134C
vmicrdv.dll,4F4C3996F61C7D2B4209268EF14B4B59DA89EDC1B4581B5FF80C54A89F98D0FD
vmictimeprovider.dll,7E683BF233A26D04327599EA9A1B5F981DCBD4FF73F1F84F37259C95003E5369
vmicvdev.dll,9888471F5AFDFD1EED8ECEB57A7417325FD00903FA6BC89DA7C5857D2A0A9366
VMImport.exe,2A0CF4835EC95A36AF9F0E8CD95CC28A653E259F3215883AC07B11993914D621
VMImport.resources.dll,74386FC7B34C1C4C49B7FDF5700EBDBD37D0F165EA9B05EAF73FDFAF54D2BE12
vmmemctlver.dll,837D8AB06F8641B4870BE48366ABF29EE86A7DB019FE3BEC1028D316A1226831
vmmousever.dll,025A898058C6C96B2C14F6FC3EABD4C4B41D38439DCBB505C37278AD79CE02EC
vmms.exe,4F5E7172700E6438F0FF4088790C45AB2F6CBE0A426B3136828057E1FE1E5AE6
vmmsprox.dll,6DD37E43A48B883E7AA38BB2F94F486453E0ED1C990909D36D40C0E7A0483314
vmplatformca.exe,6568593403BCBBE08E42B0B83725703293A15BEC316B4A89C24B9BB93416B4CC
vmpmem.dll,C25ADF901DBBC232C76680FEB4097446BCB507C2E326120104404E839ED4E170
vmprox.dll,A796537E0C52FDD64EFE2017111E415C21FD1E567ADC37D3831188EF0320A258
vmrawdskver.dll,FC81B0D70943D06BF3D9856405C028B60F86BA42F7C4BBF8B2647082ED7FD8B8
vmrdvcore.dll,205D81F292A54C6583E4DFFC26922690E5771CB9CBCDEA8193F3B37A5DEB50B0
vmserial.dll,2091CC71075C50A51BAD1174816F3BBCB9A4DBB9E4C77B6063B87739542E1154
vmsif.dll,946EDCC84932D2B604F08039AE82922F9D54E28F856C322C2C81CB46C449BAAC
vmsifcore.dll,78997D5D7AD469483902832F1F25DD7E9A5284970AB95F4A8AD2688C445F74B6
vmsifproxystub.dll,82DCED78EA60AD0D4F7C4EA6507413253CFC80ACD5BB4B70592B0B9B93B0F4CC
vmsmb.dll,5D56E920113D450B70912FD1345BB81BB92BE13937F6229EC3590C0ADD2597C1
vmsp.exe,DDA447EE4A411F8827CB5A2A0B9A5475ABCD4B4581AA116DCA6362014F13FFCF
vmstaging.dll,053CF0C4EA7A0BA54113A3C66053EEC8822D16934B132D32293BA542DE59769D
vmsynthfcvdev.dll,5C134D2687658B8EF1C563E2A788324C95F74A6F426AB5D982CD9B5FB3EC45EA
VmSynthNic.dll,2EF3D8FD4B2E8445D904C4A683720997A083F2088416424F2C9EE127FA3FFB6C
vmsynthstor.dll,F490568EB30E8BEE2F0A83878EB48B9CE4CB646E96370774B764D62291955CBE
vmtools.dll,1347C4A9E80A9B9327FD8F5423A2190ECAC8A03091058075B270EF603D255684
vmtoolsd.exe,4893825833EAD678BC73734DC1EA8821C7B5431BFE59AF0AD14A1ECAAA51230F
VMToolsHook.dll,453A1709AA58315B5B8418399E13D5C149932E7EACF96E75688E87B605CC54AB
VMToolsHook64.dll,18E4EF5BF0BC422E2B530B53D4FBA9C95D4034239243DAA29B3790DDF61E2E78
VMToolsHookProc.exe,3EC1C377E4D90823BB054A98A20A7830E17CFC3F8DCF194D5C0E540DD0531AB9
vmtpm.dll,D6855061443325B48AEEEFD65C978B58DAF62CFF00CBB385B104CC9A8DD682BE
vmtray.dll,8D23534438D326E2517BBB45F811BB81BD82DB40FEFA4F6CD1812303DF720C3A
vmuidevices.dll,0E38D5708ED8302CAC32EFD175BF437D5F15758CC3E294872E9853855FB807DA
vmusbmousever.dll,025A898058C6C96B2C14F6FC3EABD4C4B41D38439DCBB505C37278AD79CE02EC
vmusrv.dll,841DA137709F005CF496A2BD7B0945D4413F7A388161FECA4FEF78A9984D94C3
vmvirtio.dll,8821A78EB536D32D34976B489BDE8D11E8D2FF9B4E8368C41F8E960278979BD7
vmvpci.dll,EADDB768C570D33B5A9ACD05C6B034581F7271D3F51C0F065948053727AF6868
VMwareAliasImport.exe,B7AD740A0421DA276525681B63C7E67CD69EDFA3BAEFC33132A75C9BDC5D406F
VMwareHgfsClient.exe,401D8974C48B38CECF027D3FB5F8FBAB2CC6BD17F2A042895BE1EF1E9A0EC281
VMwareHostOpen.exe,2426542E7BE1BB28BED1D13A0B8B87522745D22BDF04783CFAB0A50D13C7646E
VMwareNamespaceCmd.exe,72F2784411667B03DA0F088D1C928E52D7A3346CBA435DF9A9F71C9537920F65
VMwareResolutionSet.exe,947235466F4DD3CDBC615AB6978C9AF94C3696FEB397ECBE0105BF99AA161EC9
VMwareToolboxCmd.exe,B99BB9EA9EE72B1914FD50B1B966A06570DAD60834F60F0F851F2DDA8F23E60B
VMwareXferlogs.exe,10758BFFFC57FACAF2171B318F4D789FCD0E53187D0118457A28B96D9914C9EE
vmwp.exe,EA0D23DE4B40F7DFC716F342EC3A97CD7CC7258A5517E946B217C3598FFDBDF4
vmwpctrl.dll,351F577FFEC2DA7A93D054A743CD966E6FDD10194A244D1A69E1D73CF225F18C
vmwpevents.dll,7406947962784720068EAE4ED58AB9F4C66F1E9D52BCC9D1B764768051095915
VMWSU.DLL,E56027DF477A7B582526FF9A784A72E8020C33BF89498E99BFE46BFC086A4A9E
vmxnet3ver.dll,6EEAE16C34DCA65C6B465D7FD2FE17343F184869291FC98F96E361249225A54A
VocabRoamingHandler.dll,C45216838CD832D3FD65364ECDCE0C935EEF69A401AE7ECE15F597D9928FF4FC
VoiceActivationManager.dll,23F6B8B55F18C79AC582CB756E241AEDB8F6C328D9986D973768E8F03B27335E
VoipRT.dll,9AAB0236A6E1FC5BE07F9FBBEDF80EC1F9BE16530FF6D02A7DF103E0B5CAB604
vp9fs.dll,66DE70A7841912B9705C7C53B34854D6AC9BA279B8F88D6D455D607FFBD7679A
vpcievdev.dll,D95CA9ECB058E67131EDCEBD2ABF1C877310EC9FAFC06F89D11DBA15792223A1
vpnclientpsprovider.dll,D915BA9853A7B2BDF7CE9656083B7383A1E8F2C0FA1EC01E90451013A50EFEA3
vpnike.dll,54A6BB9829FD0C04142B659AB3C70B6DD446D7F52C691E8D58BA20657769CCCA
vpnikeapi.dll,6E05471343A72A58E9F5634723F1CE4D8ECAFADA4BE0950C39376FB84444DDF6
VpnSohDesktop.dll,380B62840DC0D87A720B9F7B64DDFB640CBB82A6E532D77AD0449C9CB62036C9
VPNv2CSP.dll,967C53EE3FC0B791C0D07577285E2185C9CD6277DC0F9AA7967AE847F4ADDBCB
VrdUmed.dll,26E0D9E1EE39B615B5D35EA394730E62FE052ECAB09D11CF96FACB64EF6BF3B7
VscMgrPS.dll,A813212F242A4C2673ADB62EDD0953FF9F48BA3303AA7093E96E36320797BAD8
vsconfig.dll,9D7BB5A2CF1F2875CD094B3091474ABB982F52FDBC34CD61E23EABB987A40B50
vsocklib.dll,84BC51FD3AA110C91D2AAE6B68F8ED16E3949A3E1F7FF0A6EC879812D36FF45D
vsocklib_x64.dll,738778DE8960AAA66C2F449A5100B56BD8E92EF35B355E12186B603F54CC2B6C
vsocklib_x86.dll,84BC51FD3AA110C91D2AAE6B68F8ED16E3949A3E1F7FF0A6EC879812D36FF45D
vsockver.dll,D28D45AB5F3F089032E51035F352785ECBA1CA860CA724490535ABF150CC6A3E
vssadmin.exe,8C1FABCC2196E4D096B7D155837C5F699AD7F55EDBF84571E4F8E03500B7A8B0
vssapi.dll,1B0F300677AEEB0440484E89DE467C5A2563566DE8BD1ACEE05F12D8FFCF5C63
vsstrace.dll,A3C5B8180676BA1F6336838AA143B41BE95CEF1DD1CE204CE6F6D06FC0119977
VSSVC.exe,82459B7D6CEEFF22E6E81CA445F9134C3EE917BDC3DF185700813F23AC7DB77E
vsswmi.dll,6E488C86625F4AAB4F5B0B4D97B549B482EABCB1AC5A395A3E7A2CCD7E170CFB
vss_ps.dll,F2614EDEF2B624E35C4280237F564119D5B7D956402680AC278E73C04CEFCB6F
vulkan-1.dll,E206F96DEF17B6E5BE13779CAE2ACF73E05282141DB3E7553ED8EFD0D1FE09B2
w32time.dll,92A7C73E59789C5337CA4799924C8F84E5EDB2E76B15ABF927201553E4D9A19A
w32tm.exe,8AB5C40895D73907B4F96BA73E73C5BF12A76A00965034A4146F85533B14F5C4
w32topl.dll,10C3952AC7FBF1D3F2C4A0960791DED3E29A23C11DD924E82FB638CDE2B3EBB9
W32UIImg.dll,3AB6DBA6EAA7F19E4E0EA4B07AED1E3AE9662A091648BFBF66F7FBA0F436C321
W32UIRes.dll,36FA6E3C584A9D03D6063C10C218C2090498A6885DE8E3D023867CB849129550
w3ctrlps.dll,400248D538AA0D9B9E969158A8356B285EABFD158D58DDE3C46E8D373471364E
w3ctrs.dll,F8B51BF64D15FAE5773DA868DAFAB4D6630BE32AB94EDC5C95CBE4F615E59C9B
w3dt.dll,3AB031610981BE4757EB55AD09BF264F8D82BF94E20FC4CD358BA875AB99490B
w3logsvc.dll,B53656EABB81CA134FE7942EDCDC4C38B704A9427CDC6AD4FC35E38FBCB5F0D5
w3tp.dll,0A44DDBF773EE5F672EDB9393EB254924EEC53DD0D5484A245813E22A7589A28
w3wp.exe,DD389E15A337DFEE3061C34E91800F9C0A4B1699B198949F12745D9B3DE7F5A1
w3wphost.dll,3A149A923345531557C595A377AC0872495A9F94521232457AE5F99D3156D3EB
WaaSAssessment.dll,7B2D7DD801C57441179383D5CC25E2EAFD2E843F1D602C3F76C04EAC617F1215
WaaSMedicAgent.exe,78A14D82970A727C508B4B8249FB64B1C57013A098BD1E0A88572376AA792C33
WaaSMedicCapsule.dll,67E2C7739F6F82069BA3656FA78CF9B73240D5B83CB47E909A400B45329433AE
WaaSMedicPS.dll,1C0C8F643B13AE4E6AB06DD821D42FA2DEB1661E347C38F5B0EC4E5703F892EA
WaaSMedicSvc.dll,91229EFA8D75BBAF1BEB78088EC4871C8D7F53B47A314CCC33495ACE37F4629F
wab.exe,748940B2C1BCB5FF36F1F6F113695E2796A89B5AD63F1B6DD6B2ADE309AE16BE
wab32.dll,EF3D1B7C2F15FD09564F680818330B65120D41FE5788A5CFE4C4A7FB6FDF434A
wab32res.dll,C291AD59BC83A1B84EA65271116124A489D9B8BB84C603E5ECEE1B97C443938E
wabimp.dll,70A677CC60C3FDA2926FA10B751511C42EAFCCAFFB254D17C02057D6D06431E3
wabmig.exe,DB37844AD151F5951ED0448396534E3680201FFE186DDFA9F4EAC798124D6D54
WABSyncProvider.dll,42A5A40EABC0CFFC7F9D601215A501D23020B29B3A28F1148346E91E8BE507C2
waitfor.exe,D9E9DD5A87E171DCBEF7CA034E3A7DFB5C37A7F70AA7DB99A0CCAD24F16C97DC
WalletBackgroundServiceProxy.dll,83EC0BE293B19D00ECA4AE51F16621753E1D2B11248786B25A1ABAAE6230BDEF
WalletProxy.dll,23CC82878957683184FBD0E3098E9E6858978BF78D7812C6D7470EBDC79D1C5C
WalletService.dll,AC2F0A68A2BCAAF2DECB0AAF1B50D652ED8B631B08D06B910B407FEF9069412E
WallpaperHost.exe,D3CF86E66420B2DA75B0BE38FA78FD8E41F01AD827F9D5EEBDA59182D394968C
wamreg.dll,A23FC16F54830F5BBED6DFCB06693D91C985977DFE8C2242CA4A3920B1684F91
wamregps.dll,26B7ECE6F7DAE801052A7493E4DA979136CB1D00EAEB06803C111298B8E2C194
warmup.dll,0B1E52C24A1C4CB8934E855D3A2A9930B36254B17AB6E342901934F6C68F7985
WATPCSP.dll,582BF3FC45A192EDAFB2278AF2D43712139E6F1ED5173CB43416254AB354136C
wavemsp.dll,DD20A2F73D47E23B41FF04C05832F7DA0C67A94027BD90EF0E937FE514BD41FE
wbadmin.exe,508E5F70C29502D7BA66A35959A327E3D658514496EE7B9155D95E7409EB4FB8
wbemcntl.dll,F8F0BAC79666CF0F7273A42B68CC99CC69F549F670CF49538E3619624C1A9CC8
wbemcomn.dll,D037372FD790509B23252278B3E7B92F0A9143AE0C6A2A261E61D91E0C227651
wbemcons.dll,D5E85E09723063F643F1057B6B07A5899B2DF1EB84BEC94C39F383CB43B6E6A5
wbemcore.dll,DF7E2DF9C1465CC8905363831576770B09CC465A941A80A9F19E5301E0B19C57
wbemdisp.dll,B206237CA3E97CA1DDE7D9CB811C566CC0CB39966C3D7B635C574F89297307F5
wbemess.dll,331708BF8B09E72BF158CE782724EBE448CAD19F47BE0918A531C4950F0C933D
wbemprox.dll,3B1A5DFE065EAF2FCA26D3552F5997707F706691399ED5C22C67E8EF5B38FC24
wbemsvc.dll,2428A8F7322DD439FFB11E1A85797232F37F8E6F1EB44FC8D527C5C6E2A4BF86
wbemtest.exe,2828D06FE31D1D3A1910DC4F370CA652F10CB0F8C83CD0CCDEC1F72A1469DDB9
wbengine.exe,9954394B43783061F9290706320CC65597C29176D5B8E7A26FA1D6B3536832B4
wbhstipm.dll,7509EC1AEFBD33ED7D1BC054C5AF8D3E98EBDDC7F1F7F875AEDCA32CFED2039A
wbhst_pm.dll,131EE741B13DDEB0B37329120AA4B151172230DC67610E8914742F9D00824262
wbiosrvc.dll,169116BE59C369E925F6094466E17FC940039EFE1E373FD2510B5D9CE15C1D7E
wci.dll,461F520CB08163C2A9E3D702414F8F28409841AF1D32C38AE8A5457FD70BA138
wcimage.dll,39562E3973E08F78A4289B0120DD411C8E02AFE40544EBC75515DDCF0673CCD2
wcmapi.dll,D337EB0AE5F63FA49F11C0CFA99F12D7DBB03F74F991795A965B60DAC5790672
wcmcsp.dll,D6D9BDBF71CE14AC7FA3E761FA5C16C26AA9996055CBCB81809863FF5D19702B
wcmsvc.dll,CA8E095E49AF6AF4DE9A50BE61DF762989F6CB356B87A19E648AA08680AED9A8
WcnApi.dll,307E165CE4298F44333C55363A8473B85C34763DF57A4C9B9C3845BB82277C30
wcncsvc.dll,ACBBCBFE7A953F3CFF10A035A52984D7DB0C0B4C6B735F53006036F4CCC15059
WcnEapAuthProxy.dll,F81DB2783FF798AF265B6FA57007BC2C8B59B48820719575D1FD37AC0853CDAB
WcnEapPeerProxy.dll,4142522338E909D0E61D3089CED49D3B857079165A9A853145427E9B10B66519
WcnNetsh.dll,FCC23A5CF5B340C55090345B94AC4DE5469300840A2973DB829794D553482F52
wcnwiz.dll,B3C403F1ABFE7B4CF92BECB1DEFFEB05274EC2FDC8BD1F2ED24B3929BF22F1D5
wcp.dll,10E013AEBB2FD27056A1E85B024743C2BC207ACDD8DECF5F00F939ADBBFDDC44
wcsetupagent.exe,8CDDDB9CF93A716ACA111C4F61127E43220B73F5E0CD5C4F5045A08BF2B0B4EC
wc_storage.dll,A777CEAA4441F1B931E2ABD1B446D53CD2B72240822D4A9D1734C70D31008C06
WdacWmiProv.dll,CC4EA3AE8946AAF3222C7CB0BBA782809E376B19204627F52AF095D360458738
wdag.dll,CCC7172795B613764110E62FCF116F4BA13CACEEC66E076D968D7471A20D1F90
wdagtool.exe,59CB2B58ECF1333FE9142C4EB90AF38F59663D8EDF3546D6FBB215682A0F5832
wdc.dll,94245A29976767BD7AC55F08E955DA2C536982F572047C88FB991D998E0EAB68
wdi.dll,404DDA0BDF9A6C1C61653CF7E965F504B3A3A3B662F88C906AAA19A9C3DF160C
wdigest.dll,19525BDA73CE202198741C8BE13A56496276B54F459B175089BC059E7F62D8A7
wdscore.dll,68CCF55BAF7864F4B9926AA6BF5F1D1776F27741311F1C6C7551C5CD251BE605
wdsutil.dll,13B382B368E273F34DDB27D3BB36F19ABC5AFC90CA7A111DB236958AF445ED86
webauthn.dll,8C5F126EFB58DEAAE36CBF0893E9803299B33B45D61B0C5482F5378D33A61F60
WebcamUi.dll,35A08AC5C5BD4E663084379E0E28E7BA77EC9A2346A0587BC75AA70D09E56185
webcheck.dll,353F060A11DBD348292E213908E7E37F61F99EC1530E981E01A5AB01AF3319EC
WebClnt.dll,3F0F465CBB7F18B90D4D52CE1412A9EBF08371F7EEA2BA71425F3B918E833B8F
webdav.dll,39F81AC51BBDCFA3CF565ADC8774C1B27897290D68F82EEBEC6BEB2D88C9BB43
webdav_simple_lock.dll,BCB15176037420E6F31CED01823406C00033F94A42699A0E9E15547282AA50D2
webdav_simple_prop.dll,82974EA036E93224553116CA24F3CFCBA6B9BF1503BDB0F57DFE77EA35F4D671
webengine.dll,47D5BF76EE564BD5176C265CB33993BE7F2E4BC714E088B640213850F2D5C800
webengine4.dll,DC0BCBEA548631D890A8A1A09B2737A96EB0A32C17773FE1C658C4F970148BEB
webio.dll,EB82A6BFE4E58350FC1A604165AF34921973CF051AF80728FBD446C48130C744
webplatstorageserver.dll,21C5DAF3971C275E6E8F31460C08BC01C97F88A455AE34C3909959442C70E1F4
WebRuntimeManager.dll,39C418F0E5D0D804486436FDA108A831CE61E39C5768222D996319EF6A604D5E
webservices.dll,BCB4EF5D46B9E3EA22466346DDF1B5639D6B517FEDE5607DC4FD86719C1CECFB
Websocket.dll,F9D34C9F75F565AD6FA3D04E52B706A42BE4486003F114E1D19575E90E59B445
WebView2Standalone.dll,2BD501A9E1298402E03D87C95BE790DAEE45EC54756BDA0C3AC4FCEBBB7B1A70
webview2_integration.dll,83FD6B35A29873B4A0967B3706FEB839348E9855236252674B5FA5D807EF2CF9
wecapi.dll,35BBFAA95C25499F0082CDE91EF04F6FA64C2129521472F360A6E39335FFFE39
wecsvc.dll,B78334BEB2E83564A0775133F517D545B580ED14408D91F6C03A01C8AA8283EF
wecutil.exe,6538B49C984D6C100A969A90F337C158C52AD072D84DF746F676176728E74520
wephostsvc.dll,EF2FEAD68FE003DAC52BC2098962F397DF80B7DCD79A8F45012A050C7C0E2DB1
wer.dll,8744B2584FBA7F292C4F17F2989AA0C7540F064A2712CE9896067CA68DBD3938
werconcpl.dll,2C84EBBCF1898A9D31A6BAB678CCFF5DC75BB6A9AE8DC62B833FA5FA5163A197
wercplsupport.dll,4101ACE1E77C0688726AC45A82BE84256D27B3DBD4B277C5BF4A962AE7521DAB
werdiagcontroller.dll,905BE38FBCAF52F27C5D2336DBA5808E0BCA35BEC15A243EE8317744C4E3B42F
WerEnc.dll,62CD77C60F15F04434B9B264A6FEDDF29F6C0BB87FEFB812F37B16FEA690BBB9
weretw.dll,35B399D4653B5246A2620D1BE70C467AEC3B089161E34D02EE3BE0B21E47B599
WerFault.exe,D5845D8DBF4DACEFB4EEC723B5BF1883694CD437BD5990272E08A8806D7EF2EC
WerFaultSecure.exe,552B2AE24280654CC329E6E849960DCA7615358E3017F45BE2E29C45E1FFBF03
wermgr.exe,B583F5BB7A5E2A5282535BCBC9027F181A56C5FDAC68E3884CC286E7EA40FC5B
wersvc.dll,44AB1002302000606BED229CA17961126E1264B0CCD72F2E53E0AD33FEF7846A
werui.dll,0FE2C5ECB45D459C479C52D195F8EA3A731FD201D142255A47C89D2720DA9FA2
WESL_ShellLauncher.dll,39A5D01EA2F694229E90E9A305C85421D743239231E23A57ED21AA7DBC415AFE
wevtapi.dll,B2302794BB7A3BAF2F4B311A55F0BBF1533C3647483FD72F37FA0610E495D501
wevtfwd.dll,CF91236DD3CA44A10F0DC6C818DD3C7E5AE1EB1B7520198210174FBC6F8DE69A
wevtsvc.dll,4B059D42C5865978B362C0C67E4BF6BD5C9F9569D8743A1F8C9D7D2D77615F48
wevtutil.exe,6A8610238A14C16A03D3D4AB604D3FAA31B01243EA809CC2066066CF35519837
wextract.exe,085DE9DF12EB199667F49BA42BDC20EE7AD86BA5B856016AF17FDCBAD17F0043
wfapigp.dll,AEE6152B81BBEA8CAB018E22DE03994FEF386614B5185DF279ABB6A29F9CA000
wfascim.dll,4A46126B243BC5E3F3C465B0575FFBFF5A6812908CA37FE2FE77FB958FD3D056
wfdprov.dll,B6533B3FA4C37060AC55CFD5A935EA80B78A77ADCE1BB11E9266ECABD7ED0FD7
WFDSConMgr.dll,A1C3A6E49AE423168F19CD5D66BBCFDB61CD4D5D55E5E20B5FF4D6BBAE68B1E6
WFDSConMgrSvc.dll,1A6EB6464662F8EA5BA9AA9FA6B9E5A085F3931B1813F2E7C784F9AD4AB036B2
WfHC.dll,1BA310FDEF3C95EC990BC97042AD0B71C5B75D9D50CAA9CCCC48AEDDA85591A4
WFS.exe,65B17D73E525BB08EA2DAB7E9A411755BC738024DD2897A27407EB0D2A6D4836
WFSR.dll,5F88178059BC26F2DD8DDFD74A7AC6BC43B9EF8C75A5DE37ADA55C0CD1DC0559
whealogr.dll,88DA52CA0AAF4E85003A55B8731B3878501B994CD262DAB6F10406648ABC5155
where.exe,D591F730F356D7623D8B6DFE5DF48CB994322CA98F88CE2278EFD4090767DFA0
whhelper.dll,083BEE2B3D75FC8E6418FAD2D375FB57A9118AC3BFE87DD854FC7C3F252D1D89
whoami.exe,91D257EC8800204642D96D2A0FB87937529C36DEBD5C3AD4380F79ACC91B62CF
wiaacmgr.exe,E8E0927E6DA320C3340EF66BCC738A0FAA0A71340DCC23B09A27922E18629232
wiaaut.dll,0519656D71F548F8E7883BC60182CB34074DA26AA5C67C7038902A60B0FED1BF
wiadefui.dll,62BBC8AE34F561EA27421C26B52BA3E95911C00CFE5DE6482960BA04DD23BA2D
wiadss.dll,C6581CFA9096E37D189E6375E51774D4AE362808CFD67877E0C07F1CC15A8614
WiaExtensionHost64.dll,07BC4DC48D5D9BCC2CE52CA8A0F925CA021092DC34CB811E183CBC0D32E576BA
wiafbdrv.dll,7A162FAB079C3659E03D646C37957E71DA4755632E49D3FFC6B6FE2BCDADE697
wiarpc.dll,790C012001D52D8A4345D86639AEAA329B47B3ABE30C4CB36C97136D8445136D
wiascanprofiles.dll,9EA4E613A784B62B502091EE059182DFF7DD89DEEB4E902F7DA8374BE5DB1954
wiaservc.dll,230BF3B00328B9CBFFB9BB09DA1C5862E1DD1D1759A46F4CFF4076D18DBF02B5
wiashext.dll,BEF84B37076A8F2AAB6D95F8F8636461C00C6CFFE1EFB4974E8BB4C87CB81CFA
wiatrace.dll,DF8C7D4DCE839401137013D9AE4429ED779A24798101CA684C0DA8A1DBB2F435
wiawow64.exe,5CBB42D37F3FEA5496598A6FE85405047C7E78697E6FA474353CFEDCAE9883EA
widevinecdm.dll,7486A897C3DE4D53B6E6DF2B26CDC7C60653B87CB5555C63B30242601AD0C9CD
WiFiCloudStore.dll,FF392270FD1CFDCD070CEA6BA87FBCB163664DD563EC633EAC77FF99807D62DA
WiFiConfigSP.dll,8655CAE679BA63892585D6DBDD35A0C21BD8CFCFD6748261B12AF41083BC0771
wifidatacapabilityhandler.dll,C0B7BE012119CD51FFC5B9B07995D7A7CD3185BAABF071A534ADA5038B688D37
WiFiDisplay.dll,668FD5F284BCA3BE19934EB307CFB1BD9A6FB8208D9FF9EE07950F0276007818
wifinetworkmanager.dll,2AFC6B32D57730971A35D03221579E72470DDB3FEFC21DD3090E52CB48058414
wifitask.exe,88BBB8B8AA5449C9C7415E206EBB508DA779F9D905B7D6BAE41D0C8BF53A6005
wimgapi.dll,167F4FE4C44AF77F4A5749E26F80AE79DCCB18B6DB8D99D9A2373F6E7310F046
wiminterop.dll,FAE12455003D4A361B5D425BBAF7B20FE86E86F1E14E1E10D13944CC8A9B00E9
WimProvider.dll,5DAD558B2E8FB4717F4E36D282967884E3225BD28DDA62F9CF5B7829C613EF6C
wimserv.exe,96F67682AFF88F597BD00B999A6C62529C456EE72B3CD1F89CB7D319B5BC13E3
win32appinventorycsp.dll,60927BE6A90B97502E0CD47305921052A186D2960564F0600A54DC85769FC806
Win32AppSettingsProvider.dll,84286CA675E0C08CC9589FE9E8813E07DF9C27C2FFE031B141981D5A6C08189B
Win32CompatibilityAppraiserCSP.dll,E6B794724C450BF4A36FF5F898124E82EFD6D228A5EAEA30A23DE092EDF46BFE
win32spl.dll,E6A5D157F89C983CEB812B66BA5899FE8669C72EAC20C89FF3A48242762AE7F9
win32u.dll,5FFECEC93661738BBAA6F1B48A8F48E06F5C1944B55159F7CE422D4764FB24E0
win32ui.dll,00A368F8771C8522F2B1D6E49BFA0E5ADF518454407D42E2744444ED6AFCB4CB
Win32WebViewHost.exe,463177134407204A4F82B300E614C55A1FE5A2EC236484FC2C5B024766B95B9D
Win32_DeviceGuard.dll,C52CF48FBC83F67D03392A8C134346A50AACF9783A4C70857F6FE036A678A3C2
Win32_EncryptableVolume.dll,6C5E4430196B40311282A84D2249C9278A0D2495C39957D5C0D3526AB8AB08CD
Win32_Tpm.dll,153624490ABA4EB990828E50531FBE9847934525E007BF95DEA203DC1265EB21
winbio.dll,54065CBDB576E3F269E2675E9B5445C4478158C51C850F587E0A6571CD4D0CEC
WinBioDataModel.dll,45C87E0B29FD6D60188DBC9B4AD04EA3F8754619373E69D54271D597C33882BA
WinBioDataModelOOBE.exe,6C892BEF1BC6B6141729B99BB02CC316809707D78B051024236E0A2F718D1FAB
winbioext.dll,411AC788ED85F3F04FAB208A7BDAFA5EB90730D8619B6D415807D351D40E78BE
winbiosensoradapter.dll,45987095A72EFF97F39A8D568E5F08046833CAB48710CBC5B3D9112C6C6A4B75
winbiostorageadapter.dll,6F6607F768A6ACD6789333F09B8DCD9CE827901943EB7DCE0DD1D7D973683C14
winbiovsmstorageadapter.dll,7E6722D252967C669C225855C8C8D942A7B5443DAC4978C6AC5219ECC532D056
winbrand.dll,815B2CE1B5A3CB63C7F23ABFD5C99E1F8AD900B38D0E6E8E13A5AB2CBBBDC9B8
wincorlib.dll,2D470E26BA48B359CDABDDAB20C5AB3292E70932F1A77C0AE370F1841150444D
wincredprovider.dll,770BB670AEDCB069DD8A497D234F564FC37D29E94759D0F4F21C06958625515F
wincredui.dll,0C10897DD8227B5605180314F9ABA512DEEB608E00F9993B100CF297CDA2E81C
windeploy.exe,3F5FD0B350BB1EEAB5D251AD28C389C4CA825B593D83A4A03894B951D12A23D3
WindowManagement.dll,0968904CBBB422DA80A1C78B6549C869F73B1ECA1A4A086D3BACA67FE74F65E4
WindowManagementAPI.dll,72E9EF1DC5F0A8B31306C0B4BDCD248CC947E398A1EFBAEAF2A174BB49E35B5F
Windows.AccountsControl.dll,5C687E62CEC621C0689BCD729DE9A23D28D0A813C1611F5D2FD4DE06911764BC
Windows.AI.MachineLearning.dll,B9A8B9197FE908429E1F06F4FAE65A1E2F9D11811E710FC18D99CBD200BD429A
Windows.AI.MachineLearning.Preview.dll,E27349059F03D335EA176D6575BC5D429D46FEC420FDB2E416A8DB6C4020B8C8
Windows.ApplicationModel.Background.SystemEventsBroker.dll,29AF9E2269459936407BEEA9BA81600E81F1CADB3CDBB6C79A86A2FEFBF2096B
Windows.ApplicationModel.Background.TimeBroker.dll,2DAFE3805F42C53F83289293B23BE57698166E3AC6C2DAD8742A608B42CF9A8A
Windows.ApplicationModel.ConversationalAgent.dll,C979240F9B701E8F50E488F7AE9F834B3CD3EB361CB6BA37F7430EA8F09B7E65
windows.applicationmodel.conversationalagent.internal.proxystub.dll,EAF66484705E331BD2F4B65C70BD4EC7BCD9ADECDCAF69E9669F2108E0E603B7
windows.applicationmodel.conversationalagent.proxystub.dll,7EDF3EF579AD9708B8A428D16F9F78AE5EF08F45C45DF8F188271AC44358AD96
Windows.ApplicationModel.Core.dll,6EA371F03865D65E93F78DB8016F173614677A7B186F9471A7C3D1EB5110A168
windows.applicationmodel.datatransfer.dll,3BA2A04EDD324F54E9A2E3E7FCD108C274B59B71C0D29F78910233EF117EC22A
Windows.ApplicationModel.dll,903D7E4820D85DAEEFA25C06059502CA6ADBF64340653A3C54B4397AF8B24E56
Windows.ApplicationModel.LockScreen.dll,BF5A9AA5CA3BE5E8F47C0ADF356EAFEC3A37CC4DA795AB4FDADC87D4FAAA60CF
Windows.ApplicationModel.Store.dll,F5B679572F5F6F9432BC3B010A50255756967F5E2029B40791B77BCE82144FAF
Windows.ApplicationModel.Store.Preview.DOSettings.dll,2F40E71710EB478EA3B6583BC24DAAE51C8F5759FF41ED3A6F118C09F22ABB1B
Windows.ApplicationModel.Store.TestingFramework.dll,C384EC7B29E217BC0571FB33EFD54032D0F5AC69BF33FF9059368677CFDBFB18
Windows.ApplicationModel.Wallet.dll,207C587E769E2655669BD3CE1D28A00BCAC08F023013735F026F65C0E3BAA6F4
Windows.CloudStore.dll,F958E96057F54B1C82037B3437F0B46170A01E313B25AAD29E668ACC63AF873F
Windows.CloudStore.Schema.DesktopShell.dll,4D30F907F76376E859D5B5C4F9C746185613553B24C15967E35A50B7EB066107
Windows.CloudStore.Schema.Shell.dll,4FDC962311F55694916981ED48ABFC03C8D621A9266F196D687F68469C5097DD
Windows.Cortana.Desktop.dll,C8FAA94E021E0B4B03BCE4C4ED390A4DDA7E691DE9FFDD8E8B486A635D0954B7
Windows.Cortana.OneCore.dll,F9BDF3F6B5FF2DE619D76667B394C26C27F233A9E3E9C958B8FCC30B99DB1110
Windows.Cortana.ProxyStub.dll,9CDCEDF94170DC285EC19AC8004D640BE226C1BD258DBF11606BE135C15193BB
Windows.Data.Activities.dll,504B2257C180EA4FC70BE27796FF20D70F39DA50B7EDB97F7D534B6B9B310D3D
Windows.Data.Pdf.dll,D88F1835ACEE60EFE7E25EE4FF9A8A4E20E11ED9DA471B4C014F42FA35A7B155
Windows.Devices.AllJoyn.dll,F0B00B522C17BAEAD6768102C4C277D93E423D34CD2CA2D7BAA60FAD4D4EC526
Windows.Devices.Background.dll,D3787ECED6B6879BBCF0C2D15C2396EC56CD15A839F2C2A425F7FB768E240377
Windows.Devices.Background.ps.dll,BD46593826774E4A89E8A31CB928C3CB802969C4EF682F772812BB4CE5ECB8F7
Windows.Devices.Bluetooth.dll,B0FBDBA36C61CC469D165CABE8A65F05C4A50E3280EB891951629F25D785527C
Windows.Devices.Custom.dll,CE8B2707FD8F7E9D627989D53E9B28557B5575E05A85E3C33C6F78F1BB6121EB
Windows.Devices.Custom.ps.dll,6822DB672D52326E0989C9F8A8C61C8674E7354E9DBB4CDACA857A3DACBE53C1
Windows.Devices.Enumeration.dll,4E72A229B95E73C02FA5BE2AA766B30EAF50E40AB1021F20A2DD6A93BEDCE156
Windows.Devices.Haptics.dll,A5F65E5623C78FFB74E15B0CE210CF1188F938ADCE271AD5BCDECD81391EE6D9
Windows.Devices.HumanInterfaceDevice.dll,F66E2765F098CD7264D0F93F79FBF001954CCA23AD486501A2E749900E1D3A64
Windows.Devices.Lights.dll,E5DA37B857ADDE6AF931D47DC3BC088847FEE3D63D08296A7081ABF9267DBB58
Windows.Devices.LowLevel.dll,F0735750EEEC853BA088D0BE3521B0E8E30CA2314634459AFDD8673540FF9682
Windows.Devices.Midi.dll,CCD84EB90A79A5675B1125805AB0EBBD42E6F75DA31041EC434975223B4737A3
Windows.Devices.Perception.dll,DBB537A9C74F8A9487F8088D20283EC021C7F04FC1EE885D04C3F60307C8E59D
Windows.Devices.Picker.dll,B10133AFC8D5024F6B9C03FF87E98E21D92445739D99FE3102CE7B2F9582438B
Windows.Devices.PointOfService.dll,BA40CC7A9230E89940FC5EF79C01FD5EC5529822D27BCF7B4618A5BB6EB4CA2B
Windows.Devices.Portable.dll,BDC575E0104DBCD2DC7E587AD37435BC1AB091CFBA949025325463CACF04CBB1
Windows.Devices.Printers.dll,FC8670E82D0A2E992018154043D873A6A1BB0E49A2D7C3749F657E0D7C33BA0A
Windows.Devices.Printers.Extensions.dll,E32C30E822DAED64EC2041B41BBFDE810C9DB22A1BDA53E35712660A0D559402
Windows.Devices.Radios.dll,9E7B8A90D03FB55CCF0F5147FA9E3842846BAEB3DAD342E7E4433C0393B86484
Windows.Devices.Scanners.dll,E6D2643FA3AB870CEA77F28C1DB59FA4C57C277736CE3EFC2DFA292F0D32D397
Windows.Devices.Sensors.dll,96A367B75F76BFBB35D2C11AE00E7E6CB6C2AD104B7BA367777AC3B6D99A1EC4
Windows.Devices.SerialCommunication.dll,F3A73A8B90604E891ACA6FB1D661E99BC6AAFAC91DCEE8478D12E55AC72BB3C9
Windows.Devices.SmartCards.dll,EC3A42DD4163AB225F7534114546C448A5AFDAFF8DD6BCA4C6B9BA988DC4CBC7
Windows.Devices.SmartCards.Phone.dll,D2567D31638B5B6F266EE7FC8C67CB5D23F7E144D383EA7D65E6A3AAD775F183
Windows.Devices.Usb.dll,F281DD17D76B7B194E873198A8CF032AABA88FF60286625589B06D4DD78739A3
Windows.Devices.WiFi.dll,3D97803CAD352AE8AB7DDF1B3872B7F79410D1D4AE76EEAC4AAAF5CADDABB9DE
Windows.Devices.WiFiDirect.dll,57B854E108BD66D174FC48AE4C9F2CF0166A1F769A2F3878B0C503565114A4E4
Windows.Energy.dll,4DD65060481F115EA8273B8B5B7D85D23AD49FFF1728524BA15091ADA8EA8E71
Windows.FileExplorer.Common.dll,93AC41CC8DF5D627A292B522895BA0D9DD32769C6A14A6F33B427DC904F65467
Windows.Gaming.Input.dll,6B7D5BD945F216D7AD20C068ADF05A48E099B4E59940D5FD8D69F35E56B5EC00
Windows.Gaming.Preview.dll,D709A1F69523EF2E431EA52AFCF19FCEA2C7D0B812B33DEF4CDE763618948F86
Windows.Gaming.UI.GameBar.dll,C5A30B93F1D25F0A617E18A57503B7A87ADACD07F69B7865CAAD033F059B6147
Windows.Gaming.XboxLive.Storage.dll,1508178D5965A3010BEB5F5900E16ABC53A75089521FCCE1514EF52617DCEEB9
Windows.Globalization.dll,E8144D5D064B74F4F515DF10821BB7ACF162A6F24D8A00FF1430E0AE3C85C691
Windows.Globalization.Fontgroups.dll,B26933E688108D11EF2FE0808E2C6BC3B9FA4C38EEF736BC0527940ABF7C826F
Windows.Globalization.JapanesePhoneme.dll,7C431F9F3AADEF01BDCA51E0F9C998EBAC5A7B1B3365B202D101CD7002EE8AFA
Windows.Globalization.PhoneNumberFormatting.dll,621951B0ED2B8CBA92FD251E242A4E9636807520261BEF5C7D90CBBF31758BD7
Windows.Graphics.Display.BrightnessOverride.dll,11D37D3A3B06D0F6BCB306579C996A9167AE3A793404DA00358FE5855691BBA0
Windows.Graphics.Display.DisplayEnhancementOverride.dll,85870CED75A862DF796C915B9A0F3652F8629C4DAC707DFBA5273CE38D127968
Windows.Graphics.dll,6174A15C116B1C4A06ADACCC83627DC305214A826D497C3680B6742DE6AEB580
Windows.Graphics.Printing.3D.dll,873306E2BCBBA1759E91AA22CF115799276B1942093DD209524CA88BD703E2C4
Windows.Graphics.Printing.dll,11012CC8F231EBBBE727EA667F48F451E0289C0D960F930D8CD4824F7E6227B7
Windows.Graphics.Printing.Workflow.dll,863CE0D3ED3DA83C486BE50C0703F950A27581E2965C64572D8BD3412E9175FA
Windows.Graphics.Printing.Workflow.Native.dll,EAA3730D2A6CED32F6CEAE5FDF6E18EEC7F285E177EC53D234D0DECA9618A133
Windows.Help.Runtime.dll,F1BD89B047FB2C11C43A3B59AAE40A511325C3568EA2114C590483FA8D9AF9C4
windows.immersiveshell.serviceprovider.dll,DE968238E002100D3C2A340537AB231F950A1D8260AD9700B45BE5D5DD4C6699
Windows.Internal.AdaptiveCards.XamlCardRenderer.dll,14EF7A2518A22B8ED3FF46978C94B2F27EE74878716B9D02DE09A04276DD95B0
Windows.Internal.Bluetooth.dll,C2A50AD8CA35C59B365BF4A2F874D7C0567D3B7C0DC489FF4636B68F287A2A3C
Windows.Internal.CapturePicker.Desktop.dll,D5C742537ADB60505F2079238513AD11C6907A70AAB7867FA690B28FA630AF5C
Windows.Internal.CapturePicker.dll,3A193FC89FA6DA369CF71D97377BE385CD195C8D4F6D3EABD528CBA1A74F0695
Windows.Internal.Devices.Sensors.dll,F30FE3604D8A26E2CA83BE1CD186846DB87BB91339FDB9437FC3BE994BE215C6
Windows.Internal.Feedback.Analog.dll,1498B1C61F122786A8C50F656DC2555190C154CF7EFD84A584BE26DA88AE6EFD
Windows.Internal.Feedback.Analog.ProxyStub.dll,E40912E33AA4F4E721AEB62719218BE878A3E930F2F3064403C3A4C7186FEBA7
Windows.Internal.Graphics.Display.DisplayColorManagement.dll,2B2CE5C30E0AC58E5F938B070D457E46F2CAC7DCC8510B8B5F2F2280DE362F3A
Windows.Internal.Graphics.Display.DisplayEnhancementManagement.dll,EBAA5D0DBA08D462029A6783BA1744F553631B0E29BCEC1A42005C94E7492085
Windows.Internal.Management.dll,850E9AE4270B6BD97EB721F95A25D2DFFC2C9EFB518B2779E1711D12D49DA91C
Windows.Internal.Management.SecureAssessment.dll,77E0C9AAF673D925636CAFCEA14C96A16714AF3E3F2FD85920A6B4CC4EA707E1
Windows.Internal.PlatformExtension.DevicePickerExperience.dll,0AEAA9E4C673CC66398783DADF1F6877E30EF396E0F0CB7B83CBE6B11D01B50D
Windows.Internal.PlatformExtension.MiracastBannerExperience.dll,BD16B1F95FB82EE1E168C6E46F99EF1DB7EAC048115A07212C5AF2FBB41F350D
Windows.Internal.PredictionUnit.dll,A49AD452B3D3FC6FD1283F9647FDD0C27562589A08968396643995C063469A3E
Windows.Internal.Security.Attestation.DeviceAttestation.dll,039D23C7F583DD82B5F49E81201C1BE3238E0DD5B8B25A2EF9575AC29848965B
Windows.Internal.SecurityMitigationsBroker.dll,F39685D1E9774D2B2461197E6304D870D849EA4F5E3ED6BE60161CBF224CEF11
Windows.Internal.Shell.Broker.dll,2F2A1A6F3E1836F309E0FCD192D19A637C2F51B94F1A9BEEDB78A25CD3BCD743
windows.internal.shellcommon.AccountsControlExperience.dll,DB6EA8ACF89E6810E67E3087CBCF61A85FBEDB9D1B8F35AE50E8865B802BBF24
windows.internal.shellcommon.AppResolverModal.dll,A069DD4FC7EC9B123E311DD8D9D8D2789B7138CB9E156AC34331696AAEBB8DC5
Windows.Internal.ShellCommon.Broker.dll,500340AC6A6DBEAB99D46782BDE18BEA9E9E7AF63813001E2E597CD18AA6E64B
windows.internal.shellcommon.FilePickerExperienceMEM.dll,58E4C90E23A0B7AC4526A38489439E71795ADDB828573A2D3D521D26E09ED58F
Windows.Internal.ShellCommon.PrintExperience.dll,EE737F34D0F332744E69659E5888E664C463383FB58B78140162B7EE60F34375
windows.internal.shellcommon.shareexperience.dll,5897661DAE4087A5C48D9F0C599C1E1304055178482DF1299AB9D80428519BAA
windows.internal.shellcommon.TokenBrokerModal.dll,A484DEFD0A4515D85CF144C7F1B6E22C53457F8E5A394F18A9C87919765A4631
Windows.Internal.Signals.dll,EB34563C37B1342831884BA81D8495EBBC8BADCDB79EF24D58649231E9CF9196
Windows.Internal.System.UserProfile.dll,A0D57EC724A0D61DB25F00DC6B28ED4365A86EF06A098E1DBCEC62327E736BB3
Windows.Internal.Taskbar.dll,7ED938AC8A9A0B359B1985D96F486AD1619BF3E6D534583AA2BDD280FFAD2389
Windows.Internal.UI.BioEnrollment.ProxyStub.dll,CDADDB1C58ECA32C353F65825CEF1D278ACB69325BE68C743966201CA0B34CBC
Windows.Internal.UI.Logon.ProxyStub.dll,A4424A8C4CCCFD534AB7024BFCED7848055562E4E528EF41C5F47E248B8DC7B3
Windows.Internal.UI.Shell.WindowTabManager.dll,53D5C9D5672BE12596E6CA26616A7F3D0AEADB4057F921448843307EE415612E
Windows.Management.EnrollmentStatusTracking.ConfigProvider.dll,69E6D24A65C57BCC95BD4467EE804ED5FBD67F69664CB03857AD80C3E69FC35A
Windows.Management.InprocObjects.dll,62CFD6A66E36FA313F576F8DE4C9AB7C14784FE3B9F7B6F1F07ECC3749FECC52
Windows.Management.ModernDeployment.ConfigProviders.dll,B14D13521DC07F21FF2E3B4FA8615314AE5EFDB86506AA94C6C9342DE1FF1967
Windows.Management.Provisioning.ProxyStub.dll,D7C958027430530E62BA81C0031346B447C280D161307BE793F6709C95B3A45A
Windows.Management.SecureAssessment.CfgProvider.dll,85C150394CDE12D8FBD443AAF062F29D20127EC744621C217BD8E554EAE85922
Windows.Management.SecureAssessment.Diagnostics.dll,73C93FD8592CF39B8FA8C53A91006EA5E4B119C2EE5E421024DC2679A337E8B9
Windows.Management.Service.dll,D2F5860001065F7DC4CBD1C4B3B04E2D81176598FAD4331AC21DAB7D4341DB39
Windows.Management.Workplace.dll,B688AAE96DEE9C26EFBC39E4EDCB7B0F01067F3ECD55F4210C7FA2940DFDADC9
Windows.Management.Workplace.WorkplaceSettings.dll,270407AE61ED68F56CB180C355F2298A69E195131155122814C1CE6516840524
Windows.Media.Audio.dll,4685ADC11037699E489B2F39E0FA425A6A3F082BD674BEFF6743EF2841E656E8
Windows.Media.BackgroundMediaPlayback.dll,CA321F24E546E1B060E87FFA9C316019C8A8342D7B64676B504F889AE94AAAA4
Windows.Media.BackgroundPlayback.exe,3B7CA2A56A36A3B767461C17D77F188A0308164D3E80AD39D17C13683346CA9B
Windows.Media.Devices.dll,75202F00EFDC2D2DD1418282C78B11692827778F5D13F40BEDD13377A8F9B388
Windows.Media.dll,31B1464C004F09204D335C8BD680AC4AD7A680894160765293BC93F788F73508
Windows.Media.Editing.dll,3B683D157ED2D0AC351F492852B102AB4D2E71C36765A4F3E64CDF6223429F11
Windows.Media.FaceAnalysis.dll,8E5FE6436663E8BC5180EBA17F933326434356F0F968808C71FFCAE078B095B5
Windows.Media.Import.dll,E3128F28A9CB630D31C3D918529B17E93CE08A9E7FBEB2BBC2BAC6E847A43FAB
Windows.Media.MediaControl.dll,0A399E1DFC20C6624D599C2C401AD864D8DC62D5BA8714E69C2C9FCC90FCFF4E
Windows.Media.MixedRealityCapture.dll,1E1D69DF4B80E0664EC1A718C9F65E6FF87740BE7195BCF2DEEAA58ABC472BC8
Windows.Media.Ocr.dll,4C6B79731B0E4098F684A408311965C9284248B557D35292E24D3A5916AC3002
Windows.Media.Playback.BackgroundMediaPlayer.dll,D6FD1DEF17CFE5E5CBE4BE7C49BDD1546092435D2AE7C849CA680356A42BBC0E
Windows.Media.Playback.MediaPlayer.dll,796FE0F4DCDC0C690863DAE4FACE4BE597FAAC60D1F5A383148F647694A48D99
Windows.Media.Playback.ProxyStub.dll,6179B3BD6408EB4BB28B8C6175B35BA0947E4D3A23245610BCF8E4ED51B4EF01
Windows.Media.Protection.PlayReady.dll,2DE2E3BF30E90D2F977A50817F96DA1CF4F5A276D6F59E09C01176C4AECF98B1
Windows.Media.Renewal.dll,7E761071B247715DACB539E487AE80F8CA41E87F2177D667EF4F84CECFCE137F
Windows.Media.Speech.dll,4FAF42ACEF9DF042A71855D9AB7A14A69DE1C204B39CF10B26B7922785D4B864
Windows.Media.Speech.UXRes.dll,F8B3690656BDF08C0A5B08D44E4C8C6B99CEF739B5BB8E13B1611D4B50246861
Windows.Media.Streaming.dll,407F2D446A3100AC444785FC836A97C562A32D3C3F3A2E4F798A8B1A43A8756D
Windows.Media.Streaming.ps.dll,5CC0D2C7592D82BAF2324114E0EF40AC7A63A1BFB3898D1A239871497FC07BB0
Windows.Mirage.dll,4A9EFE745953CB0206325197EED4F631412F7C57F40A8B4AF71725C193E928B3
Windows.Mirage.Internal.Capture.Pipeline.ProxyStub.dll,C41AE50A9990FB6DBA7E4EF4987E072998DAEC5FC0D15E6ECD8C52D5663C5891
Windows.Mirage.Internal.dll,716A2194CEC82D8291BA3B3813F8E977EC225EEC24B3597E7166774024EB1BBB
Windows.Networking.BackgroundTransfer.BackgroundManagerPolicy.dll,A28A3A39FB44A73BAFB08C68C6F0803D74FEF9D9B6B2AC573A0400659CAAA3D4
Windows.Networking.BackgroundTransfer.ContentPrefetchTask.dll,0C8D0E15C9F225CA2E7CEC11675920B38B677C94A2BFD86E0CC12485C75F8231
Windows.Networking.BackgroundTransfer.dll,246DB8F44882BB53FD167325D196ABF1A088F7DCFCA7B4318465AB6BE2113416
Windows.Networking.Connectivity.dll,1A4D6581FDAC4C5DDF71A4178492DDF1A381324938280802CFC97CF29F31A005
Windows.Networking.dll,520B6AAC97A4C4559F3E3684CCDABB12DFA1EF2FED6012B071D3C8C1465680AD
Windows.Networking.HostName.dll,2B7CD05D322730E3F6221A957F9EA9625119D506A19358E9A2B394C389CCC81B
Windows.Networking.NetworkOperators.ESim.dll,72D61B7450EB11374B9C561FAA24B8A2BD310E54A35F298F90D6C6BF73172E97
Windows.Networking.NetworkOperators.HotspotAuthentication.dll,0F811063D7564090F31CE2E36DA84598C32588696729D7315E7BADB2B1053358
Windows.Networking.Proximity.dll,A0B4D29918F13567C9237C3C992A2CAD9E29605A72294474664ABB24D482B68F
Windows.Networking.ServiceDiscovery.Dnssd.dll,AFB32148A97FF02CBB46887877DBC6CDF90A2AAB2B64D2E355D8CDEE1FF89444
Windows.Networking.Sockets.PushEnabledApplication.dll,24D5A28D7807EF03FE0CDD091D696A463466E1B97DEFE01CDE38A69935343714
Windows.Networking.UX.EapRequestHandler.dll,4AD493B6604555D1D8A4CD7F86EC1ABD6ABCE34727B4BCA8FF3F0EC7967DA944
Windows.Networking.Vpn.dll,2998A0A080FBFC775E7579A0B0C23EFF7C9B1CE94C2754FBFBA4B19A24213B1F
Windows.Networking.XboxLive.ProxyStub.dll,F7063E9BC9CC36BFCF3998C2EDC322FF9D0E60B606C61EEBB0C19A1ECE0E6E3F
Windows.Payments.dll,104EC2B1DA7A6AA961766F5B1804F25C9A83580C3074FD5874C6B615F371C8D7
Windows.Perception.Stub.dll,FA2AD001D03587DDE23832E5A8A886A6BC163EF0A055D1BDEA7B3545A333CE57
Windows.Security.Authentication.Identity.Provider.dll,CB082C286FDBED93840A4C92B6C7E1AFF518EC87434C09A6DA6D26F02EEC613D
Windows.Security.Authentication.OnlineId.dll,569DC147AEC29C2FE9FF63416467BA2B2789652B0C4D5A129E4F209E0F68AC9D
Windows.Security.Authentication.Web.Core.dll,1B110A26C55A195B6CFD3563F24BD0D69323E3E5DCAC611A71794574B1ED24FD
Windows.Security.Credentials.UI.CredentialPicker.dll,E65FCED4F19A72A019336BE75011C093CE99D4E2EEACE0E6B48B409DF67A38E3
Windows.Security.Credentials.UI.UserConsentVerifier.dll,1A0AA10D69665661A32860FE185B471A5A87E69E578BF9AB67F586088DF8AD74
Windows.Security.Integrity.dll,CB7F303CBEA15DFD8069169015E0411C3CDDA22AB1F7C7C95E7470EAFFD76740
Windows.Services.TargetedContent.dll,16DCB94CE1A636B793997A9004F800167E8DF7F66700FDC1D11CC6C2A2D44BB9
Windows.SharedPC.AccountManager.dll,8E9FF3B14F1B81987CD9E4501EB884D86F7A6DBCE97C0848915EE48C4D9CAF4A
Windows.SharedPC.CredentialProvider.dll,5C54E3317F1D43912058667D746A9484996363E0EEC9B779162ACA5157A79F52
Windows.Shell.BlueLightReduction.dll,0977903F9ADD546ABB38A9328EAFB179221545AD4DF8C946FDAD262EC26146A2
Windows.Shell.ServiceHostBuilder.dll,60A75BF55531DB9E876A49C5BA3E5FBC16097FB90B60C493B645B6130EA347D3
Windows.Shell.StartLayoutPopulationEvents.dll,EC48410F4CF0EE9D2A0D56FFC505A71947EA855C60D8C63FDB12AE7A3273A04B
Windows.Speech.Dictation.dll,DDCDB2E4AB3BCBFBAB9A0113C7CC9A3951DC511BACE6489BE32780380EB5C2F8
Windows.Speech.Pal.Desktop.dll,D75D675DF15E07B3641042A8AAD6207B136D12D3BE516454BEF876089A9240DB
Windows.Speech.Shell.dll,36F7B712A8FB88F2598F39D8CEEEB3AA4CB4FC15FCB09F33685F3ED348E5C140
Windows.StateRepository.dll,F63DEDB58C36B28D1199671CDC19C2095B367DFEE04E51E92771121D4F05E983
Windows.StateRepositoryBroker.dll,ED16FE8FBAF7C454DA8FCAF132FC4F01915FB85644CC254D6EDC1AF2B02648B8
Windows.StateRepositoryClient.dll,E99406F922463A8C00AEDD928B3EC390D2C7E16F59423A82A1D4796BC69FE869
Windows.StateRepositoryCore.dll,43C56C8CE9B1A5037DC83EDE27D173C68D5E156219BBFB18FC6647AF87330B03
Windows.StateRepositoryPS.dll,85B3D9536AAE77F0C6DB54CD4C1B442D7AEE358CB626E6359790760179BA1368
Windows.StateRepositoryUpgrade.dll,878F7B85615254ED4C3C05880EBACA8F3ECC33040AE54A1E67AA302E772120CC
Windows.Storage.ApplicationData.dll,DD7C9D2C14859012C805E131F1271158D974E2CBBBCCC4BCF28C185EA9CE1780
Windows.Storage.Compression.dll,6EE6B5FCE8F2C1729AD39B29F237812CD4FDA1E5DF93CF29E0928F5A7A35B04F
windows.storage.dll,C041A911C64A5A4280DC14D33C7F82D0798B350C655F1C53786CFCA0254499CC
Windows.Storage.OneCore.dll,4CD3502741E0FCF93BEBBE091BC0B29A9A6B8D8104950689C4827AD92B85584A
Windows.Storage.Search.dll,10E4C1D9A06B11F09CCA7454D9D5EADBD05BE650837543D8411BC6D75D08601B
Windows.System.Diagnostics.dll,3449550298836DB7B3A637F2AD4C70D55DA80AA45376C94CDC75B1536B4352CA
Windows.System.Diagnostics.Telemetry.PlatformTelemetryClient.dll,F670CBCDCF2521827B770FEEB20E6E988CA205E372A18134B74978B3A18118C5
Windows.System.Diagnostics.TraceReporting.PlatformDiagnosticActions.dll,B2B95A50A3D69FFC56EE68A575C0C793D69B8BC367F7F9C4BC33373D03244BBE
Windows.System.Launcher.dll,E4F22AB5347E51D010324C34DC24D5BCCBA89DE02B7CE805F368626D6E992986
Windows.System.Profile.HardwareId.dll,D859E3D92C2DB0F0331A3A7DCD89BA61E2A68D46ADB896DBFBC5DC5C8B6B3989
Windows.System.Profile.PlatformDiagnosticsAndUsageDataSettings.dll,346810D152C0FE59DB77C7D2FF78924D0730B3EA187C1A6E3B3E727A41306949
Windows.System.Profile.RetailInfo.dll,F2E28D78B9B51B16AB73026BC660BA7EFF4197601A5FCA2AC16D0F6C4F0BBEF8
Windows.System.Profile.SystemId.dll,D5E051386361DD3E82BFCE0ACB04BF801CAA31AD70205559EC86756FB4775EC6
Windows.System.Profile.SystemManufacturers.dll,A307DE687BA4E440A13937CF7F3BB5BD8BF275D351B8C0D70363A2AB93D6A29C
Windows.System.RemoteDesktop.dll,AD2EC30EA3DB71F1C7CDF0F3EFC9A5C5A3799C2CBC3B6203EA18B8164D80F216
Windows.System.SystemManagement.dll,EE11899628B3234F44ACFE0226AB77055731372A8E7D720B7079A04B0264B35F
Windows.System.UserDeviceAssociation.dll,26E27591069520BEC40E02688F8E909C6FEDDC2A3A47E54C842ACBE92C3C198B
Windows.System.UserProfile.DiagnosticsSettings.dll,301C1B17B0FC51F25E0C7C43855C4850E7D4A65F5293000C8AFDF7E1308F417D
Windows.UI.Accessibility.dll,A40ACE7614C9BF54EC020FBBACAB8283FAFF2F129B7ACE232B31F3C8A3B24113
Windows.UI.ActionCenter.dll,39FFEF95343C9E8D831F9293EDA1D15232287DB57C96FF2EA903270974E8A4D9
Windows.UI.AppDefaults.dll,FAF3692AAD3F8FB1A772AE58B861CBCA3C85DA63FAED1A1B2094A6F829492FA3
Windows.UI.BioFeedback.dll,946FAFE41875DD9086D21169529F5DCC020670CCC976A006D66D5E47051B619C
Windows.UI.BlockedShutdown.dll,E58A37D4784A02CF45D17119EA203800DA95C1AD20460F1ED7B6ACE08ABD7D50
Windows.UI.Core.TextInput.dll,DFA8575C1278F8DE815003D7060166439BB6D95FB695A658C397535BAC764980
Windows.UI.Cred.dll,54F096343F19C367F95131BB64CF9744FEFB37DB73103E99BEB0FC7CCF82EA67
Windows.UI.CredDialogController.dll,95DBB6C570A186B37BDF42FB734B6B52FE9689482593AA27A478229372101465
Windows.UI.dll,3B2A576A2AD252DEB5EF00531149A6E456B3BC4FCB2F3CF90E9A1D900097920A
Windows.UI.FileExplorer.dll,27607810F08A21579325C92F24899C99ABAC74489B334FDBFD18D976644A49E1
Windows.UI.Immersive.dll,7A7CE667839F4EB2E775985CAB7B6480E79F40D86F47F61E2B0F85FB17953264
Windows.UI.Input.Inking.Analysis.dll,9DB6A632E739003AFDE90BEC8225F6F7D9058C32E8834C57ABF8EE56CA37A7DB
Windows.UI.Input.Inking.dll,BAFE1CAC8EC6CE91068552298DEC5BA10AD633A13A9E98118168FF6B3D332878
Windows.UI.Internal.Input.ExpressiveInput.dll,5156A288B903659F9B52971A449C9C8CE0DC4597F7152517B5B56ABE9A8C968F
Windows.UI.Internal.Input.ExpressiveInput.Resource.dll,F37310840F38CD2F46B1EE3644F7CAFD218171E72426E2820181EB2F84B49ECD
Windows.UI.Logon.dll,E5CFDD57A3A389085C28BE2A95D691E7865D6B0F509BA839F94A582F2AA056A7
Windows.UI.NetworkUXController.dll,0246C13B14909E618F9DD365FE19151FCEB159E0C95AC019FDA2F55ABD47705A
Windows.UI.PicturePassword.dll,673FEB977A71C7A43E3F4C8E4F5162C7EFFABE25388F42AF97852E7285016D78
Windows.UI.Search.dll,5FECD931C8D2526F6A1232052B51C308ECD9261897274E1DCC56013E74D06A17
Windows.UI.Shell.dll,223EC11F87E4D7F5D3680A6B0D5210164BA9D732650F83FBA330905720D873B1
Windows.UI.Shell.Internal.AdaptiveCards.dll,D5667EC38D765EF5636AC170DAAF458F601ED03A7E823FA5E38CD1310C918562
Windows.UI.Shell.SharedUtilities.dll,93AEBD0458F549CD981F992F358F55D5D6B74A78E411B14AED5EABBD73D94978
Windows.UI.SoftLanding.dll,405DA31467C55D77B593D56201443E8B7A2567E0E30A0DF4299B32A4C00CD721
Windows.UI.Storage.dll,C1699D8FFC4E0E1F0010D74A049135243FB24268B90EB4F8AD2808DA0E7DE347
Windows.UI.Xaml.Controls.dll,C4D2FDEDDA4398278DDC7405B8B7B7603B4D57C1FA43F7AB662C0E662B02C988
Windows.UI.Xaml.dll,3983586E6FCA7556353971F329D99A5EA1B259A0B31BFDB9F38627D53BC36F80
Windows.UI.Xaml.InkControls.dll,FFC97011EAB0CC8954A534FE2D62DB8661AFA07EE77D977800D4C0E763148FD5
Windows.UI.Xaml.Maps.dll,F8AA1D7893A1E899983AD6FD663C1E250B1CB09229D07172F095C15722041FED
Windows.UI.Xaml.Phone.dll,4506A239DB147EB8B92BF72461E835F3FECA1F5F7E5A8C15AF57362F47838C47
Windows.UI.Xaml.Resources.19h1.dll,53E387754C28F6D1739A00323BBF1D56DBC95C4C702DB0CD6AB58B283E99685F
Windows.UI.Xaml.Resources.Common.dll,669E9BB1584DBCAB621C8F739BE669A7812396136706940D748C74AFC7651E1C
Windows.UI.Xaml.Resources.rs1.dll,C0F67563688A0EB5014F4BE1F950D324EB1801265F01F84796736EE6D1563D35
Windows.UI.Xaml.Resources.rs2.dll,73F30CA21E70CFDEDA28E908F4C77EF2A90BA2479FF7E00EE2E1367C011C11DB
Windows.UI.Xaml.Resources.rs3.dll,C235197F3549D8964964C441FE22EACC340AAF0E732F84391C8C91AECC17E0DD
Windows.UI.Xaml.Resources.rs4.dll,E10A4379407EB32E3FA95BE647052EEF8AAED10DC6037C44FCF9FBD36496778A
Windows.UI.Xaml.Resources.rs5.dll,56DF4DC74339C3182BADE61324A7D9187B256E3A1555952510D6F8EADB1F82BD
Windows.UI.Xaml.Resources.th.dll,F7DDCDCDF8BA5426366B63A1BEE98C2084E3F2E23D5B21353521DAD306FAE7EF
Windows.UI.Xaml.Resources.win81.dll,EB9829ED66F5CF7895A5CC1FCD9B4482DADA2696E81DD2399F3DA50F5FE82730
Windows.UI.Xaml.Resources.win8rtm.dll,B3DB105A0EDA601EF162D690AC2BD405CBDEF00ECA0BCFBAFCFA9B0206D4CACD
Windows.UI.XamlHost.dll,F44B1DF7BBA3E9F6C90A70B17844FC5840D0EC70D4DF2E4D9F8F44E6036A3E93
Windows.WARP.JITService.dll,8FD3B9C72066D6A983D062DE72EEF9769339EACBF4E0D303B9E12343C9D5DE6C
Windows.WARP.JITService.exe,1C3797E47C68EBCB5EEEF0852FAD398205E0F0BCB1EB45D600D282A3B578EF5A
Windows.Web.Diagnostics.dll,538E531C15CCDD06AA90B01CF207296DBCA07C2F33ED17943DA15F2520B95F14
Windows.Web.dll,61A927576358FAF069AF1322DECB8D2632331C187DA2DACEAFE8BD85FB0DA572
Windows.Web.Http.dll,A180D40B4877692CC8FECE81E7A50FC032377E7227061BC514E4AEED15793815
WindowsActionDialog.exe,0C6397BFBCD7B1FCEFB6DE01A506578E36651725A61078C69708F1F92C41EA31
WindowsBase.dll,C0A044CBDCF29F68A4E2458AB05915B5836E1BF86DD7515D96741E930DA5FCFA
WindowsBase.ni.dll,421BE5798BA19C683B04D31B63B8B33F8839085615C0EB5BB846B0D5FE317F72
WindowsCodecs.dll,75FB0ADC5C87F2AD56E239BB1C5871825F6C6BEC32A99CBF6F277D7E10D90B05
WindowsCodecsExt.dll,1B852BE177DE7AE7E12B99E65D229E2C4DAF516427F645AED243D8F40E1A709F
WindowsCodecsRaw.dll,D9A24194BCF85A0AA4D0823FD957C6C8522D2E8385A7914431DF88E05BD77063
WindowsDefaultHeatProcessor.dll,6287D9805DADA509B24E1DFE1DCF488CAE43733938C3A57DEE6A5573FDA9055E
windowsdefenderapplicationguardcsp.dll,16ADB8BFF0E4EEE527E50430BCDAAFABB8518182B062B11051DC245423534B97
WindowsFormsIntegration.dll,7C294F47F5222529E484B0A3E3B81B2273E405CB11F410E1075A95497B1F0FE6
WindowsInternal.ComposableShell.ComposerFramework.dll,BB92589325FB59A65B224330F5E6E4C0CAEFAD49382E681FB38C2B604A67928F
WindowsInternal.ComposableShell.DesktopHosting.dll,BCE0D64644EF3B17765CCA29A1879AB9505E67589171E62787AE8FBA36958DEF
WindowsInternal.ComposableShell.Experiences.DragDrop.dll,C2301C5EC50507569A416C334C817D868765CDF0EA19768B97760105EEABE260
WindowsInternal.ComposableShell.Experiences.Switcher.dll,8D0785EAC2D0DFCB9CEEB1B30C0C274336D04BE8F5C007C0B4A6846CA8CBC9A8
WindowsInternal.People.PeoplePicker.dll,B0CAFEF2D0FADB76C2CDAFC35ED3579FD31D1F4374241E108CCFB2B4F9409058
WindowsInternal.People.Relevance.dll,95F4AE8D4B3098B43797B8979CB2600958446D8EDDCDAE61A4AA4754A4E12B82
WindowsInternal.People.Relevance.QueryClient.dll,F0611AF8B64F4E8AC153A2FDD9076784284DEDA78FBFE5BCA4254FDF07E86711
WindowsInternal.Shell.CompUiActivation.dll,6572B3DD50CC115E7D93BF640963684D157E1B456D8E8686F19E6B4E025DC684
WindowsInternal.Shell.Experiences.CallingShellAppControls.dll,DC1EA3EEBEC626F9E1E3D868C3836393DB078197B90768EB2F0BD9337152F13A
WindowsInternal.Xaml.Controls.Tabs.dll,DF2A64F41527E99678F127C325E1D1E39599008CB11EB2F39F371211035D979E
WindowsIoTCsp.dll,2D145C42CC57DCCAA4A6096F9A33D89F568BD11E6BAE2720E5B1554F7D36C1C1
windowslivelogin.dll,E0B4B74B6C5BD96F09A91BC6BE94E733A0B338A27CCCD14AFEFF5993ADD1B501
WindowsManagementServiceWinRt.ProxyStub.dll,8365E7F061EFEB4F62EDEC2ABEB05FDA67FDED065EC2BDB900B25AB937181646
windowsperformancerecordercontrol.dll,C26DB4857FE21411C932EACA91039952F1EA20E115ADFED8CE587B95EA1DCE2D
WindowsSandbox.exe,FBB7C46F120BB0E4AAB6F4F536A75A259F53B05BD9FBC7CAE4350DF37D248F61
WindowsSandboxClient.exe,9ABDFF45DE932AB9DA5E5ED73D1A43FEBA481B4F80CBA235A20B87D3F45FEA8B
windowsudk.shellcommon.dll,809822A82B67A30E7DFF1F6DCA4228205A5A6210E438469BA3911895F90ACCBA
WindowsUpdateElevatedInstaller.exe,9C287077F4A5E09A8D985ED2B6CA35105A6671D670291338B47A72DCED88BBAF
winethc.dll,349F86FA3AF355DE73093D329DE8F19FCC1E215C0FFC5B94F5286FCB50C0DDCF
WinFax.dll,1116030394BC8B5F29C9F2F776E3B86B9CDD7DBCF4DA33DDA618AD412F182D22
winhlp32.exe,4FCE997BDD3475C42BA856D8C288FD4F9F91FD1370075AD7E0B11B1E71AE69CE
winhttp.dll,696164C34EFCE04DA7D9D491A9A5003DBC4BEEE94E28558A766C87385366913A
winhttpcom.dll,65E7A3B716A5CE0D326FB11190C61C6B70E756041E305DAC6721651F983C8F3B
WinHvEmulation.dll,57535822F92A9162478C5433A7BB8C5A81E854CEB585C8E70C8B82D0AF97FAF3
WinHvPlatform.dll,1448175DBFDCB82BD716E924CEF2CB6037B2F51317EFDC4F3C32B8A2689D8B05
wininet.dll,1A521D9A2458BAA7A05EF1E521039CFB99B155D853C048089321B441EE0F0769
wininetlui.dll,FE69D15873FCDE8E41116659F587FC25681B46A4D5F36161B1DADB85EFBDAE0C
WininetPlugin.dll,BE3F7F1B37C4383ACDE3241B017FA9E6F8ED1D450DA4E6DB57713664524BB5C8
wininit.exe,9C620D2664464C54C9CDF4052C8F57B98E287FB372B309B1FB049700BD311897
wininitext.dll,1C16CFFA96E250562C99F647328EDC1E00BD5F69B255B06098D620C5DBEEAAA1
winipcfile.dll,46E2CEEA0398A8F84A63803520645150D181383D011027B6C4E2AA398651325E
winipcsecproc.dll,AE6D1AE97207C608D89A4C286929E9EC3A7290602923691F5223C7A9DC7AFC1C
winipsec.dll,CB120B725015A8BA608D14102F610C1E5B8AA94E27FD67F237A40E250A81A00B
winjson.dll,B6871F85FE3A6098F770C195B5234DE43CAB48C0105819FBB67D209AAF675247
Winlangdb.dll,3A2949EFCF16F30D8E262711A607995E83A923E1DF60C90307FF40A2BD2214FF
WinLGDep.dll,DD41374D12B159A9EDD80DB4725E7A31987CF6F8064BA67E2BB0EEA4F2C96AFC
winload.exe,239C1571C091628A7315D4ADB1E41F4D13BF5B2753CCA9871E377E48D9E4C412
winlogon.exe,24263FE01C799F690318EC99688DFD2355277D7CD4618E77E7F2A3F20D9FC87C
winlogonext.dll,ED89B86D55AE828E46823E532B47E3197D8E7BDAD0F5108B77B736BEADBC8F5A
winmde.dll,4256747504369F6D70E0051D1966952BF96E1AD178F9FFE6ECF369B9C3A088EC
WinMgmt.exe,3815FC3FA1DCCCFA9B698A93501C9AB1FB466CBFB2B218630BCAA7B26F0D3FD1
WinMgmtR.dll,89A22835E46111289179B0E8F42B8104CF810025923296A56388133D2B33FC38
winml.dll,8DE8A4F1D908EA3AC48014B7E3C0677246B9F1DBC08002FB082D4EFDC6180CD9
winmm.dll,921A0CE5A77CC5E9E2E0F4D2825FD5142F6F055502DD6367E659032395C6FF28
winmmbase.dll,7E14BA0C74AC39F58C81B94A572D7E30AA24B0C35975EE0D807C3E306EB33A04
winmsipc.dll,1629C8AD20B65EA3C4FFF8C5EBC8BBE69524F2A5B9BB5EC21D53A07B3F449988
WinMsoIrmProtector.dll,04C163B27A83F754ED3A1ACC53BE652DF681F491E6A213223686D1DE2058E4FE
winnlsres.dll,592C21B28970A5FE1352BFD589949CF346DD58B3E3527A9AB911FF69ECB8EB57
winnsi.dll,2A59440ADE80768496AC791C6C3F3209491DBE1EB8F91C99B77D2ED25E7D8D6F
WinOpcIrmProtector.dll,2AED9CF7410C62B35E982794859907A07DE057589794343B7A9E159484068EAE
winprint.dll,5C7407812CA9D9E9819B3412693599A3640197DAD22D0D85D21DE8DEEDAFF2D1
WinREAgent.dll,5C2E0AC2422FF728FF2CCC26CA402ABC95563134B3F12220B48B7237A8669357
winresume.exe,6ED8BEEDDCB17FF7C22B2E0C02B609D8B3351C140747107C50363D21A99901E7
winrnr.dll,0E4C139F6F7A4AC6826CD6204B49336476544F57267FCA89D24954B2ED336AA8
winrs.exe,C0DD2782705893496765CD83BA9BE23C8C1B279F5B943756C380219A5BE15A6E
winrscmd.dll,8BCD96D47F5D8CB875906A68CF79E05220FB24BF300F7A024F3E8F38941DE53F
winrshost.exe,233E8EA78906FB63E306DD5FFDBE07716DAA9144A2B4715B0EF9C2C990EF60C0
winrsmgr.dll,FAA0C0634EB64A22EA8587E82C5F6EBDDFF4DD773483DC3712073323D78A45AD
winrssrv.dll,D8ECEA519099F72843B0956C20C128B7948FF84311825DF4C9D8128B13584442
WinRTAdapter.dll,6F2DE3A34419737953A8D1DE0ACBED01D2906AB2AA7FE113D3E1EEC002336D17
WinRTNetMUAHostServer.exe,7D571B976294A32EC7602B287F99319D8AA9218147EB5D3219A95C40FAEBA171
WinRtTracing.dll,8699ED618828DE47CD7881EEB3443D3783C611E461F6833EC78D43B1AC4CCEAA
WinSAT.exe,D25B452CCC0FE3A5E39B9BAECD913AFD15758428B52B0C1F50AC85ACA2D3405A
WinSATAPI.dll,A660E4846F576DC12ABF49CC9F0FEF425531D367E2403A4AC2656C00F955DFF5
WinSCard.dll,6A232400025D3D2A63A7D336B1BEB9B28430B99C89CAB5B9B335460293C8ED69
winsetup.dll,7C88DC781E11D5125E073539B65F979478D99038F418A0CBFB609C09CF489080
WinSetupUI.dll,97BA61CA7AFC04B3047B28660484CF8EE3D8B407D7239AE299E00F3FF7A2CF4F
winshfhc.dll,34F58D5C3004C873086D730CCB113FDA745B108B01B08FEFED51F47DC077E43A
winsku.dll,47116F5BCEAC7C969CEE7413211E3F69C0D3EBFBB6BC464C7DBBC78ED4FE0AF0
winsockai.dll,340D5AF60A7ADA92DC3D81B97F1C0E5C0A5CC1DEFC7B4550E3C76EC7B0A173C8
winsockhc.dll,60D41CE72D43B3F5CE6DC3694A585A242C49F36ED63F59EAED3B48B908F4A219
winsqlite3.dll,9C94CB1A01F743934920A4F4C96A53402A23EE35F71A35C24F59C90040EA68AF
WINSRPC.DLL,BDF628797EB2D6EB1A960BBC7ADEA95D679857C8D4107A18C7F68C4FFA2EF130
winsrv.dll,7F2A683F28877562409D810946DDCA2F069715CDFB249602251DFA50065FFF7A
winsrvext.dll,28054C5776073B031D440EDD177E70A7401CD01CD788356D6A15C474C2D34E2E
winsta.dll,3FCA9727A05E4D7F41EC1AE0BA6DE6C6063CBF713B76D274CB7467C755C04CF4
WinSync.dll,CFD73CE89E88C8EFB209DAC0734EBAC14940656E0BC9ED91BC083956DBA2310D
WinSyncMetastore.dll,BB8C3517626C7E1AAD10E8AAC52D9A819FC4571FDFD59278B244EC38D1487AC9
WinSyncProviders.dll,6F5C06737BB2E77EEC48A46EF38F5FFA43ED96A419EFFD59E55D9691222E8034
wintrust.dll,C2E9667F43FAFAA5C6A697469DB3F81D6DA405D98D8F90D5F5DF95F1EC457277
WinTypes.dll,A219148B2C7F83A64E48D0EE12B75DB12358D5E1DB4781E2314E94B24F41C438
winusb.dll,DDE44C27C640F9C72D316B3E3B3C464B8674332EBF812135A5071F00D6F70FB1
winver.exe,E8086C9FA7A33E4E6445DAB05F79EDF8E843945764B21B1024AD2FDB724037DC
WiredNetworkCSP.dll,537519BB5C8BA1D3AE03C192F1F273C8D9BB54CEF2DD2CBC1B099FF32F68E748
wisp.dll,05D076251F163459553D0608FE84E9C0256C850EA96479B55883436F9945FE46
witnesswmiv2provider.dll,EA02189DA0C9E868C9499B11B826B071692CF4F09D4A6AF89E39F42BC741A77D
wkscli.dll,91DC450E0798888A9A847306FFD3CB5EA902E96DB615796BBEDA801027B60356
wkspbroker.exe,35819515DDD93708149E734067AAB4118ADEBCB140F263E691FA35A31BB5896D
wkspbrokerAx.dll,8AB09C138C24D27CCDB73AC8B7EB6F0812633B589D53708C84F057BF4338C5EE
wksprt.exe,062C557D6879FCA08D30258E3D15207883F852A596F8F817F0239D4C7019CE98
wksprtPS.dll,14BD1F3F45E2C3E1EC887758A3DF0E918EDF7BB6758E140DC11CEE3A07B4B377
wkssvc.dll,421C7F0F2945143192B0E6E54936BEFEF1411B6AC576495FC116F53CD0403450
wlanapi.dll,163F6D4FF3518F3764D504F0D82C7FF7CDC7BD7C17ADB7FA7ED6E1BD78995FC4
wlancfg.dll,0069CE59A002B621691734699FFDAEBC4FDF32B0AAE788AE0EA320E858E20FBE
WLanConn.dll,4F315C583584FA9FF3BB9556C9479F802C388F5B3A1619C6BF066CADCCBAB644
wlandlg.dll,516D990EAA5DD50507C95FE9E5ED5244DD4F32E257394D595907887D83BC08E5
wlanext.exe,3C928B9AFF2E651AA35EA798C29FDE398E9F7817E3451AE0F4C97C86630DC92B
wlangpui.dll,153C9E438634DBBC97722EF53075306FF1B68F875FF878EB9B8A17DACEA755E7
WLanHC.dll,9C9FF1D0C45B49F62500C0F963D22A15DB48C55271935BB2D2721D5C78ECBF73
wlanhlp.dll,29E3F7C9759BA4DFC99EA4A518EF4888D66FFCB0E72E80B2DB54614CE7DC3FD1
WlanMediaManager.dll,78423877EF957F63954983D032D646CEC8D47DB8D070CEA90F6182B758670BF6
WlanMM.dll,567C87932D5DC84778F75E9D56BF70FDB7A70FC92D01FBA8C87D684BAE44BC69
wlanmsm.dll,5EDEEBC47614D6C8AF47000F9AA9A4E8A023B432AF656C41658311A1D2FB25E6
wlanpref.dll,D627EF5D2B7B9FB0CEA99F9BD772233AFBD31639EA9E10E4DD194BC8E8519069
WlanRadioManager.dll,2AA73495485E52AE584930B009EF6C3CA51D783DB4FB36AF9D3FD8AC56E575A1
wlansec.dll,9091A0C023469F0E83FBA63F58F906B6CAEAEE762830F9ED0CC0F7650D8CFC06
wlansvc.dll,5A8A658BB5775ECAB0C7C094F5E9A69DC3439382D8792409C93F72A0A52F8356
wlansvcpal.dll,493A612E18E19EFD3BBBB83435FE46C0557BF0012F3EA17990482193D9FE4995
wlanui.dll,B7FF8DD130C5DE511FFAB8DF21940E87C11D282BB5A31CFB7EF7470760EC78FD
wlanutil.dll,5F1FED06ECB03B52A00125482048355138C0C646B7FB9B81FECD291C9C8BC3D7
Wldap32.dll,0145FE09BEA35B9266964308CB96708791B7D7B3C3475DA8A9299B1BD5CD0142
wldp.dll,9B3F8BE7481FA4AE27520C829005830CECE22A9B29C03CDEB208BD05D595C83E
wlgpclnt.dll,C09CA0563AB7DBB2E3AA3AF0644E4AE40DE1507905A38914EB2984375E876CA0
wlidcli.dll,4842121332F4261565A1FF868297A80A463F1E2FE40A029407A25CDCB6783E5A
wlidcredprov.dll,3D2C84D08396DF93ECFB2E77FC18BB221F1BFADC5F50D24611249CBC5CCF45AA
wlidfdp.dll,A10D3B5D174405EAC6B36CFB1B56EDC623347F1DFDCB6D56431168C82E23720D
wlidnsp.dll,17368B3D661A3ABD3499F2159416516AFD40BA4DB4B7895B4AE8CEBB4A004D48
wlidprov.dll,4FE67DED103C991B738721BB0D3D9DFB97816153B1B36053841CB0C6CC33038B
wlidres.dll,E4BE1C5BAC4697ADD6185395950E65D7F58E17EBCF52F47E841BEAB7A92C8C82
wlidsvc.dll,F67AE7E06EB61F3B03B26DFD92E41C954EE781BBF20165EABDABEE2959AD96EA
wlrmdr.exe,2FDA95AAFB2E9284C730BF912B93F60A75B151941ADC14445ED1E056140325B1
WMADMOD.DLL,032B5E82F2B1BE87F669CD7ADFBED2972680E9DB179BADB60DF2BBA8C07C4848
WMADMOE.DLL,1E81E92DF43E030F016B3631AA3EF4A1135E694435222C8F60A783C8264E2E46
WMALFXGFXDSP.dll,7907356A2C960C39984CD9F9FF9391D2467D64586AE697E7677DA730CF06A82E
WMASF.DLL,16AB4546CF90742A1AF567A78EBD20232C8155D744C1F67C294323FBB18F6E0A
wmcodecdspps.dll,1678CBDFE30D1646D91C62917C4F301C901C59E18BC11D66FEB5B3E67FF5E4EC
wmdmlog.dll,00B2B33C6A4CF227E99AB80BD788D147963E51AC52C64FBB806302F5D60F7396
wmdmps.dll,2144FFA6EA04DAFC1085A630E093BAB6AC4D06584AF9E0EDF4014E30F55EBF0A
wmdrmsdk.dll,D3CAABC866C7FCAD48976B05F227127F138E43E817B83366FAF1B1048802F491
wmerror.dll,1EBCA6FC364077B391C28B2F3552DBB14AB906A0815F25C59472DEFB7FD2552B
wmi-appserver.dll,9EF6A86FC49E00935265BC2CAB2CF69246013CF4380E939639A3D58CC17F2C0F
wmi.dll,48AAB5E15C87062C387BABBC39DE644E82F3A6F04B3FBA3BFDFE366FD266526B
wmi2xml.dll,169986C46664BADA55D919B416E8D6372EB7D469B3BB4CA1D5A6F42FFE725519
WMIADAP.exe,9119DA0262826F56EEDA0D3C13DC4B5357078AE499B3F224904FF9B8E9E3F99F
WmiApRes.dll,C72908D13FA88CBFA0D10DA37D3D8B36BB35D80AE5905E6E5B3477A375ADE4CE
WmiApRpl.dll,7D681ADC24813188E0C6A005AAD5BB046B93214B1451083A86634DC40C3FD3E6
WmiApSrv.exe,CBF60ED17A5B9CF79523F1493BCCD52B3C39632C4C83DE1FD49CFD2B70F01530
WMIC.exe,0A52EA7E02F566F009469F4FA29FA7AE4742BB8C92205D26B7CDB2B2DAF9734F
wmiclnt.dll,5086E337E5C17C08502CE2EB80CF6A9A97B1352E250BB4C816E8FFA367EDCBBB
wmicmiplugin.dll,0D3189A0BFC5E9A53B78DBE5D5E7817EF3BD3BFF288F490CEC61997639E53A19
WMICOOKR.dll,E9A8D36ADC0A2CD4D1C0CD56DA3412DF044BB4085591B0B80ED11D65D24A6206
wmidcom.dll,AC02956BEDDE95EEB8B83DEC7950BFE2E20E14B7D902BC905C36ACAFFDD473B6
WmiDcPrv.dll,68A29AECA8C3A1E42191DC820DBFF157CFAEAE8E555161EE52B58B8C60FE36FD
wmidx.dll,5993F15CF45475F09F76061CE3D76755B9EAE39F875D623172652530E3E94276
WMIMigrationPlugin.dll,E45069D2A21E7CD470C1BC26BA756DC69CA05EDD0FEC0E7B0B58E1B1FE68287E
WMINet_Utils.dll,A18876C475222AEC520C720C19CA338B619B92CFB5531C6E5B07CFFD3C9C7B53
wmipcima.dll,B8BFC47FB4B5AA2061B79B2B8417833FE402D4236CBFF5F778444D8B0E3BE957
wmipdfs.dll,FCF8E0E938098290995DF1E96288D2C213B66302532D0F30CE657ED06E2690F0
wmipdskq.dll,05F7B79E062A47B0BEBA93E6D0A81A1DF0FE5B8CA09F7AFEE2E01193814F89D8
WmiPerfClass.dll,EF468465B532D1900CBB815B6453A454F1B838C4EF04BDF25DFB985BB05F0272
WmiPerfInst.dll,19F07C36414E8704E981D8273D6EFD90F8C38F7347DCDB86722E960FA2B54EDE
WMIPICMP.dll,9DAAB3F47AA307503F4E00364BF6E571C90E4101A6BC2BF8F473F4E6AA914195
WMIPIPRT.dll,E90AD66DF2FB8DA3D7F16A0E3F0FDEA9C0FEC853A1B66A9B265A43CF1C1587BB
WMIPJOBJ.dll,3B15C50364B4796F239933F4FACCC6A5333A22F2C9CAB7685F4537DCB56EC9C8
wmiprop.dll,039C014C7ED575BEB3040BEDC725E5C71C12795C04D597ED3363DAB7754ED849
wmiprov.dll,B57DB64F11083009F5712176C0FA43F72B3A36950BFA4BB1F0FCD08A4F1A72D5
WmiPrvSD.dll,782260E8CA926830E0DE2B8A0248D27FAE8AEDDA701C5E676F84F80EC757D6D0
WmiPrvSE.exe,960056479DC34A7DE757813E9EB6ECC72C58EE5D5BA36151BAA86201BAE82F9F
WMIPSESS.dll,8300C2DA596F5C1A416D02A598E323CDB4E82FC480E125DF6FB3AA2C53CACFA2
WMIsvc.dll,65E8FAF81245C08B6668EFB5B7264B2EEBCC90F30F714E1B60C2F7B60AE070C5
wmitimep.dll,33F3065CF0BA07A6E1F9B52C9E705D80E0326FB60290A0CFAAAE2347DE112805
wmitomi.dll,483D0E2EC1F69F6B0A44ECE73CE2CAE1E678F1B5FB71CE9725FEE1167479728E
wmiutils.dll,1D70A332C8F31760134CFF3E062B3C60947887BB65BF93A79CB9B4400FC4278E
wmlaunch.exe,25DFBB22C23A16D75EF7F0468EE4441FB215DAD2458DA28DAD62EFA14464F336
WMNetMgr.dll,06EF171D39A27927CD62DFEDE1C2A8C28D34FD557968945861C1E4DC7CE88F8F
wmp.dll,B9A541792DBAF9324D675E6D62143950A65242673A51C5AD28DE60247CEF70BB
wmpconfig.exe,24500799B471E62B4DEBEE45176D7664C424BBEDDF620A8FD950DCD2CE94C70F
WMPDMC.exe,C36EBA7186F7367FE717595F3372A49503C9613893C2AB2EFF38B625A50D04BA
WmpDui.dll,82B9FB53C3D25E4CA9370723C532AB894929C27CB1BB5E83C65A8E6DEB9CC2E6
wmpdxm.dll,6F7B259B7BF6E1DFEE666B31BB78F25351CA64515AD86075DDA8D24E19385DE3
wmpeffects.dll,A9A5A0A6486A2F3AA03332B1748E7D7C9264983395461D17AF863E02AB34D369
WMPhoto.dll,FAAAD8C625E75C6E13E97D9AB460AE54DC37670283B50F3B1F3669CDFBE048CD
wmplayer.exe,6CEE4877B6663FC93E94ECC0489834379D2FAE6C363EB36035D863733AB7C304
wmploc.DLL,37B587C71B82292156F823D9A350347558C6C40B150FAFDB88EE2A334B67073A
WMPMediaSharing.dll,2BB472E9B62E08B01960DF10E9EE4B98B19F2C54A8C71D29433B1F9C9DD01433
wmpnetwk.exe,714598A490F88C7B771D4211BFD4EB319EBAB85F6EA5A66E829F99C32F361B95
wmpnscfg.exe,42CF12CCE4C991C6C2C93147FEE7D3193341C03B2A65938F521ACC7000C4A6D5
wmpnssci.dll,A82322B847319535B82BEC652EDBC205655D9435DC943BEFD5CDE151DE687BDC
WMPNSSUI.dll,EA06A1CA5568F5F0D87BC362609DFD12D837494F797403245E9B44D58AE1A2B2
wmpps.dll,44E94FD5D6884BD818871E86B8B102B37B0060BF9A7CC61996BC4EA5AFB04471
wmprph.exe,D4BEDE88FE092E6DF954EC32A6E88215C36CFADAF0957DD789E6BA4700AD91C1
wmpshare.exe,8A392CD49F0047C8110A4F54F6A74B0A771033406FEFA3A9E7838DACBD48373A
wmpshell.dll,67935D475263D3D6332660734A2A82E6DA3C9AC0EBC5A8EF3B6B2D9CCFAD6BDB
Wms.AdminCommon.dll,40157D033ABEA94175BE88E25D0D4CA06E90657B57F78072C07776F329C00944
Wms.AdminCommon.Resources.dll,09F3AE5B415E7497257FB41B1728DB114362CDA7ED7AF44EEEC7CEA4390993AB
Wms.AlertsView.dll,97E1A956F7302CC91CC65D66BC396914139FA1326D5FACEC814F4BE38D7CA012
Wms.AlertsView.Resources.dll,F60942AA8F27B0BB27DEB3ACACBAE053C4179B0E5DD64F01FEBD0607C78B5089
Wms.CollapsibleControl.dll,2ADC0EE72439208527B22C36DD3967DB3A71F67A54BF77415506F5561A8E748A
Wms.CollapsibleControl.Resources.dll,6E488E27B902812C7E00AEB3491CB843C4A02DE0A9CD8E3F697842B1206ACB49
Wms.Controls.dll,67786DEA3DBE31EE9B3F856A0F13391639B74D52BEF9FFA2DBA65A960B9E57AE
Wms.Dashboard.AddinTabs.dll,DF4FFE17D4160B4BB367B81624F054E69CA3C71AF097523450858FAF84E1938C
Wms.Dashboard.AddinTabs.Resources.dll,49C9453DF95279F47D20218D0EA5ECCD69B1C17BE8DE2C0961F4A5BFCE622496
Wms.Dashboard.Forms.dll,808A5C58A7A14BDD61EEA20F96F237A9F97A958D996BE92C25FD28EBC11008E9
Wms.Dashboard.Forms.Resources.dll,E378B1AB0698692277FBD002F286770B28795C477BBC11F7E3857FCA380F4195
Wms.DashboardCommon.dll,3F1D2156EF4960995FCE181E187292CCBDEA76FAF6A1F3FEB3EBB883B6B656FC
Wms.DashboardCommon.Resources.dll,FB4B0EAD5B61F53BDFE56D7C97621EB844A198C2937B08117F09061ACB9AFE82
Wms.EventLogging.dll,5E968EE505EB162F6663A52648CFBADFE66A6AB3D4F5A93EFB19751ECEF402FC
Wms.EventLogMsg.dll,AC6B06A30C778157352B1CDBE9BDEEE1DE2A7165C9154D8774DA936B7C6DC964
Wms.LanguageBar.dll,DFD82E4ACC9B8E34796792BF1BEBBCCFB74C8BCA12B471B9175198A108E88629
Wms.MMS.Diagnostics.dll,82E6A2CFCBAB303DFAC78F901919E222014DF24075559AD993D4B77B7B12CB00
Wms.MMSTools.dll,9FB588B525DE866170D31E02E0F0ECB628AC16FB5A53C6E00E695B62BC9944F4
Wms.MMSTools.Resources.dll,2BE7BE75E17DCF1C3ECA295DF5E079B0533119E3430737793DC9D805B6149052
Wms.NativeUtilities.dll,47BD86E2AFE8B7D3FB68286B0BEC08361C1AD7FD13A99F2CBE9D2B896D192ECF
Wms.PluginManager.dll,686F6A793C1BB1BEF2980057C1C02175B84B2829872CC780DCE7E1F82B893ED2
Wms.Sku.dll,CAA0A0598CECB4D98FC35436AA6D2E88ED1C4AE0A0C3EDECE1A33C9B8DFCFB05
Wms.SkuResources.dll,F6BA818C62D27711B66E712B37D571DB3CC8150986433A05C1011A5D3D200CBE
Wms.SkuResources.Resources.dll,77F82E908E1CFAB02130927EECB82D9741BAD4EAEA4B593BE697A81A7FC21920
Wms.WindowsUpdateAgent.Interop.dll,47B685F6063725C0DBF1655AF192395601274E82304C9E7E8EBB14E5AF29848B
Wms.wuapilib.dll,28E145CBFF6464CF053E579665C92F77401B2D69F741BA0198F2EFE918C79AB6
WmsAdminUILibrary.dll,CC48DB785573E19BD440FFAD51C96680FAD4E4D51DE97890A04B8F9A83B6A6C6
WmsAdminUILibrary.Resources.dll,C623B871BDEA819FE3F941517B44AC14346BCC2435473F96E0645764E6F807B1
WmsConfigTasks.dll,D84F9520635EB2C32D55DA0F42BA25D3C7E4BB801F71AEC11BB87DDFAC8AF72B
WmsDashboard.exe,5C6D78976718155ED4B68AB90AF4C4DBF7767816525536794E6119CA7FBE4AE4
WmsDashboard.Resources.dll,2C9059936311F8CA907B56138892A8815DAAC57F5DCF864864C6143DC8A71CEC
WmsDataCollector.dll,DF29267097BD68616F33F68F77F65FBFF47EF86B42D00DFDF2AEE2E9B5BDBF63
wmsgapi.dll,E3B09C0280970A27BBA6403D2F3F9F70F867FFDD92659CE3AB4FB8C7DCB95012
WmsManager.exe,2F417E6009E01266FD249E60DE145EF5F8867AA6D208FF040698CDCF8AA4E89C
WmsManager.Resources.dll,08A4BD37245F67A567528FC6D5162E341273F9DE801F5339A270944433D4459B
WMSPDMOD.DLL,50AB4B7CF4E576BE63979BD3CEB96254FD2B69993597A1FF0C5448F7009ECD86
WMSPDMOE.DLL,4B9477CBC115F001989472E359D7373800FADA8AE1B6A9403C9AF5C43AC19755
WmsProxyStub.dll,D9CE0B689B608D3F3B52031E7016BB87B5CCC774D7B0836D50A43A4D6748E008
WmsSelfHealingSvc.exe,8A3A348722095E69D8914A6AA6A69A994E1D32E4845B5BCBB3D6A95DFAC4F722
WmsSessionAgent.exe,C9F66AB8DF124BB5A6D60C03DB8F1565FE32A524237974EF0D66763E0745ACB4
WmsSharingHost.dll,7FCA239BC064456A3BE1A46991C6ADDEBCE954266D377953F09AF24A9231554F
WmsStatusTab.dll,7F65E064E1B37625124C3E72C83B381516001F27E0BD2F607C138CB6A8DE119B
WmsStatusTab.Resources.dll,2180224D30D8C0B2069ED0068CE4A7C17705EECFFB6B500AEF5D9B1EAF20EB5E
WmsSvc.exe,EC7EC35C2BB34BEE2DCD83474AF17B5CD138F182F1734C09E364C3645A5FA345
WmsSvc.Interop.dll,3BF2E4DA4E6CB60EAD97CE53E22B0EB3CEA38877050581EC1F9D20663C22D168
WmsSvcProxyStub.dll,48F1D88E0CF55568B4BE095E9CB69607285F3A87CAA2D539E97A0D677F82CC18
WmsSystemTab.dll,6E1B0DC0CBD5F42E81D9E5CABD8F6DC36C53FB5A7EAC8C317912093E8E27D930
WmsSystemTab.Resources.dll,96110BD2C9E2050DB864A7347E7AD536D4872B56FEF0416E07BBAA5F7290F385
WmsToast.Interop.dll,2896F8803932EE136410405BD285664D631C7CF92E05461444B07153B919B88A
WmsToastApi.dll,F5BB9E66C482F4252575E04889E3D265B6C96AF0B080DC6F6E17AECA2CFF652C
WmsUserAgent.exe,C6BE5953A4AA458526A41818847D1EDDA9F6560A76B0BBFE36503A574C9FE19E
WmsUserTab.dll,34A272A804F656D371EBA12567F5120771503415382B14C738E55DD77F9B71A4
WmsUserTab.Resources.dll,D6C549A8F39AD086969FE72030E818860C2C48D81F73487A0761D545FC6935AE
WmsUtils.dll,118AC75D92BAA981BEB750964BD52CD520BCA8E9492E4518498FE67C877DB25F
WMSvc.exe,68280B8D4B663FDD77AE9614B913131527BC723AAD4C44CBAAE2838C36C6824C
WmsWssgCommon.dll,E15F9B61625BA3F7A16614DA5E3FDC08EB82CAC071E73C8077EDB58D67AEA4A1
WmsWssgCommon.Resources.dll,143D8631536CE7E3D956CCD6225EB1C977D905679B01CA52297EC3FDE77A9925
WMVCORE.DLL,D28E0B2904886767C72053037A7EFC6124D06DA53062F29BB23F5E9F0EC44374
WMVDECOD.DLL,0CDF527EA12ED49F2BA11493571880FA47034FC0722896D16C91937BC935CA01
wmvdspa.dll,6DD159A8AD6126F9BD25AFD5987EE560AD78FF586D3547F28DE0F0E317D255EE
WMVENCOD.DLL,6C2926F2D7E6556453E66CB2609F86FC11D1FC96264D0AB368294009AA94D794
WMVSDECD.DLL,047C4B1767215AF72AED5226A1CCFBD65152A29166B369A5FC928F4C7195A62B
WMVSENCD.DLL,B2195BB319B93EE9AFB5E2F3B717A4EA7530B0E10B7C4A9C6FDEAB7F7B3068E5
WMVXENCD.DLL,D95EBCED5C664EF7F8C4CF47DB03EB9456EF19A25DF80ABAFBBB7835EB97FDFE
wns_push_client.dll,107E875FEE8EC472EFE58CB80A45BD29CAFC63E5943B76B1C5E966DE51B7021D
WofTasks.dll,1191780D72739E46F023D1B4AE30CAF0C4FF5D503188709970C889645B7A2239
WofUtil.dll,1135E775E3B48D196AB0F5EA90D05F55F8EB59C229AAC5132F40D5EDA5AD48C7
WordBreakers.dll,E3A6BC9F1C69740555A0203E93F9F3BA51E7E56B87A4CBBCF76C256BEA70B003
wordpad.exe,09F10E7344CA61B53A080E4D54C7CB6ECD4E3308254B350906437E29E7A7D9B2
WordpadFilter.dll,692002B37845B8EF4F7188D7962AA57C626C0948AC5CD5BF704BE5CB37BA3FA5
WorkflowServiceHostPerformanceCounters.dll,BCEE1F39AE964ED444975D363000A74F4C3168D1E5D5902ACF02AAD71ED7AF5B
WorkFolders.exe,010B3FE4355BA6A4137717B764888A1A68FFC1F9590B391C26F62AFD14FACB08
WorkfoldersControl.dll,9403E586C21E31016A13FC3BAB1FECA42A073A5D4A0F64FFB41548D5FBFF0447
WorkFoldersGPExt.dll,E8E332AD54EEC48A8D2D2B795D684088C41C964EAD512F5FFB39BD33B618EE70
WorkFoldersRes.dll,634F0F2B16BD4B815115341E80FC173C6E68B43611DCB11C74A42D35B5B0B72B
WorkFoldersShell.dll,FC486509FE1BBA26582DFDC5D139B4920610E1A317C3C39FC0EADF7483718F8D
workfolderssvc.dll,4F411C75F7AB705BCF495B0E0BDAD1DF4B2AD7447E21CB14D2DFA1E82D1D881F
wosc.dll,5F12DA125580CF241F07517592C0CDA1C0C0181A3CAE0DD113098A2579129FB9
wow32.dll,230789EAEDAA9D32BFD71C4974A1DAD633B369F0E9D44A934A321D740DFD682A
wow64.dll,FFACD54CBB38CCDBC25804A2533FA3771F384A0FD8E5469EFAD4DFAA1CE923B1
wow64cpu.dll,730AC79CC90B35EA9153EAE399313F10FC55B6DEBED7E93D429FBC9D7DE5EF19
wow64win.dll,2FAC8CC3653C2E9747864417C65EA02745F5653C3608FC115AD756199AB22BC0
wowreg32.exe,5790ECBB47EE1391502C81159A9DCF24B569EA2E3F4DD47E4267F81EACB70A4C
WpAXHolder.dll,63E864A78DE60A90F240E35390C947C2A2C54DC4DB78E77C1DF3F17BF6505814
wpbcreds.dll,045CA3D344CAD180C3D25AE37AD79DAF905A2CFE39EA3AA122BE76C80032D9E4
Wpc.dll,620593F40A0C9791BBB16A381766FA3CE90A95C679B5C6DF438DA942249BDD9F
WpcApi.dll,9350C4B499E5EF5415CEDB280CFBED554314E36B2EB0ED611FDE580644A1B39B
WpcDesktopMonSvc.dll,6C14DC41212C9BA888EF0633E8EF9AF328895BFAD74D44E24463470A7E2E4F41
WpcMigration.Uplevel.dll,2D0CF5863FFB1281B1146006AC581219EFC0DA86CF6312C028E2CC74A22C2B96
WpcMon.exe,2EC7DF2DF597CB6769514014C8D5AA7C7DE5C6A35892D9D0590E7956E1FB0ADD
WpcProxyStubs.dll,46FC9A76C5A7FF74EB6C3BF8D295CE583D872D645B4234B0D4FF307F5CBC6C42
WpcRefreshTask.dll,C3CCB5A1319883BA1AB600F281048DA762AB6EEFF70B8D7DADA87C15551208AD
WpcTok.exe,6D41B8691C2061016C72D8FF8BBD7C167DAD0C95575A245C588EAB612FF46D88
WpcUapApp.exe,03272021BAD4CC0FF5617A56C8A0BF94EED0B6E717BE31C2FA072C4993B4F166
WpcWebFilter.dll,CE9863C43B87E40F34358217F9BA1F4F2CD5B9D64AC67651BCF1244F855308EF
wpdbusenum.dll,F0F6E5BF2F85E1F8E00BAEB5408665DFBA8157CD7C0578863EA0765438711B90
Wpdcomp.dll,58E70ACD3B2290876FDF58CCC6D135A252ED9C42B58E7C114FFDC6A2A16E3BFE
WpdFs.dll,006520C12EEC3A7706A2985B7E4A6B407B5FE73CEDC90475C21945CF3FC8AE55
WpdMtp.dll,437B3E6ED644076ED10A9D9A764A3636F196240BECD09ABA0BFBF25455078230
WpdMtpbt.dll,F86A406EF8FD9F8E0494EF70C8B70CE125B9EE5A2150EC44E169E4FA7DEC84FB
WpdMtpDr.dll,766FC138971AD3D337434B7C572DB106A909C9E65E1A0650DA2F1329D3A96998
WpdMtpIP.dll,ACCB4018315282CD2D67DADFF037E26D6CFB6542FB6B5E6832EE2ADC82CCAE1E
WpdMtpUS.dll,E2226D5E4B9192AC0EE5A66EAAECF3915F1624E0F41F8AF78987DBCA844448B0
wpdshext.dll,5B31F7F79014FF4D56BB807BF865FD5FD7CF912993A614CC5544139978E0910E
WPDShextAutoplay.exe,1B05CD03F8C5156FCC277B2DE5B62343EEE62CD15E75B30C5EF015B4E7F58F1E
WPDShServiceObj.dll,9143608BCE154F7006A3A5FA9373D023BC803C62236CFEB65460678DB7CA2D98
WPDSp.dll,4B940077E8ED5B63FAE95B38DEBF9E21678577403D5F4B79BCDBECFEB310F958
wpd_ci.dll,682BDF386DF801BD5DFB68A95D02DC1E60FD285FD037D67D19FEB4AFAEA6D4ED
wpfgfx_v0300.dll,ACB0EFFCD23454E2BDFFDEEF1BD866E24791D9E7D366887DD1C32CC1E6DCAF2A
wpfgfx_v0400.dll,508ABD69DFF5480D03676BF570E935EBE19C8679DA7FE725E4BFE44BECE27602
wpnapps.dll,766A27958B3F458424628F3D76BCC77D0D5F9BE6A01F7ACBA79B68E19E9CEF0A
wpnclient.dll,D144F712632CECAB59BF62110D2046417EE4A3B9A32396AB845F172A02EF966A
wpncore.dll,DAC49F00277CF5AEDD2C001FE20A61924B9AE74F2947CE75C473C9287F343461
WpnDataTransformer.dll,C1DDE1FEAC949194002E8259EB570DA29343A47F9D48256855642E788275AEE0
wpninprc.dll,712DB18997FDE92F6CCC8641EC87AA2E0510110361E7661DBBB58AB928FA1778
wpnpinst.exe,F82803C4C01085D44C1ABBD388F09B24299D2CEDA8C86E217D483DF53B07003E
wpnprv.dll,CD5EC36C7C42EE9C06DAA8625C107D405B88010D9933E8153B40B6E71864768F
wpnservice.dll,66F024A993834812277FB08AAD36FD69F79A92B403131FEB76E212ACFB58AB02
wpnsruprov.dll,45137430AFBF478BB09CD9CB7A738849BDB7DB29DBB35D4934FA3220AB1AD637
WpnUserService.dll,ECD704FE62C8920D7AC2B3DC040E9D41D8A6BEBCB457888B411D133635291F36
WpPortingLibrary.dll,7CDD30F3853CF51743D6C56EDA1AF03D2115C0102235B3AFFE757EECBCE973A4
WppRecorderUM.dll,BE5A52B8554491AEBA2901334AD378C60228EF580D3EC84BE29D332D242D2C38
wpr.exe,2C76E0336D3E3F15FBE0FEFE4143510C2132A6808F6D88B29B229414648FC7CC
WPTaskScheduler.dll,768C212E6EFFA6AFA6BA1AFF64E0C6FD3AA783B9068D689138EB49899E3BACB2
wpx.dll,39DD2F6479DEC9576F02E4A65EEF3D41E466FE2E4804E32F53DCE6ADBC5C5F52
write.exe,A70D52EDA892EDC073932B462CC367CDBFBACE3F4196857D8D4FA869A13DE792
wrpint.dll,521B794B37BAF2C567C436BB64CDD3800E1B41B4066C5A1496DB010461D49C1C
wrpintapi.dll,94D6E407276EDB401B2F4C0741F66D1F440E19068C93C16F9A1DD095F934EF0E
ws2help.dll,2A900AC21B85E6E32A502F24B804D8796A0D148B513D449AB4384323846D7DA9
ws2_32.dll,93DB7C9699594CAA19490280842FBEBEC3877278C92128B92E63D75FCD01397A
ws2_helper.dll,C5468A042EDADFDD1BC80CCB0C197D4E0DEEF6D0A20ED45FB8D39609A7C4028B
WsatConfig.exe,0D5F98C5533DE551284C8203609430B595B668CDBA031C64EC1EEEC319105D47
wscadminui.exe,F0DA8FC8F45AEBEB7CA4A3BD2BA7AE4EE2B702ED570B93B84BDC60A158027C32
wscapi.dll,27A7BB28CF74F46B39AA577D3310AA90FF91D592FB7A8FE943A6B2ABB7D03C97
wscinterop.dll,A272096433C55E160DB003D79B493849D2936AF8073884AAEE87888348084A8B
wscisvif.dll,97257C065B53B81B03B9997F50E8472DC24FEA46BD8FCD0F7F9047D3EBE94A97
WSClient.dll,C17AE52F0447A7B1E7150849260A7B0F05786BB275A03D6E4F4B2663F332D715
WSCollect.exe,BDFC7A603625FC50D9FBB92F2FEA5E4395B5E93A27C9BC1287221E3124CE8F77
wscproxystub.dll,611C12EA77429B74AB7D25B1C9CD319585C43FD13DB0013511F55ED3B508FA6F
wscript.exe,8C767077BB410F95B1DB237B31F4F6E1512C78C1F0120DE3F215B501F6D1C7EA
wscsvc.dll,B9EA507C287C544397128EBFAC165DD22AA8D2B79DAB7099D22E259135324BBA
WSDApi.dll,393B6A25158D7299D58CC3A159763609BF976C2F8188839BE2E65817EE62D386
wsdchngr.dll,CFD2A1095ACB39B6A067A2D3F7203C6B870E9E4790C98E24A28ABAFDDCC23AA0
WSDPrintProxy.DLL,562789C4DB6DF1BD471B2113B2BEFE17BEAA7252CF0320E37D9DCDCEDAA22A0B
WsdProviderUtil.dll,613B2DDCE2F40EFA08AD7C61EE6D18930F6CB4A55FD2D1DC161BA85D309DD390
WSDScanProxy.dll,857C2F191CA514BB368A19A8434A8660EB0D3DE50D0E182CDA8F7AE2BE4EC1BE
WSDScDrv.dll,417A59371C2C554B8FBDCBBA2C4CACBDF7595592222B603155FA3969C0024C2F
WSearchMigPlugin.dll,871D1938DE3C14E0F3CD06FEA2212C54AA85AC6450A52A1FBDE03299718443B7
wsecedit.dll,C59BAA85B8B6446166B1B2806C548B55BFE0924EA5BCC63C9A698ABD4C15B796
wsepno.dll,6BC997B73B82825B0F5FA45DA49569C22CD57DAB4F3BC976BB9EF90B17A47048
wshbth.dll,F82D2D0D51428D07B08856F0BBD819366A8356AA08AC6A89104C4A4EB12251C1
wshcon.dll,32154E42DECF2781213D1F61C3EE1425809C98ECFA14DA7060FC233B9519B6DE
wshelper.dll,ACC2000863A039150FBBF0828D21D3F1D2A70714BB4AFFFF57AF44A75D9E3E55
wshext.dll,CC8C7631F489F95C2302D20FAECE43CEFB343DDA958DC5C345A59BBD2674096C
wshhyperv.dll,9C7349C079C77B3F44E38188182567395B852C7C07A00C601BC12964F7702875
wship6.dll,E02ABA323828F19F779F6F87B14B4D48ED526B72841390CBD2744DF2FCDAA447
wshqos.dll,8AD843183529C0CD26F9FF0FEF4917B08B39CBD211872C3184D89B18CC4B68AE
wshrm.dll,C1D6D7A025844EE33356C70C9F7CEE7FC8097A054E452878662C175FCA2F14D4
WSHTCPIP.DLL,72BBF1CBED05C5C5DD5ADC78844A4C71839D7F8A3575869B91B57791D61A83ED
wshunix.dll,BE52AA534821BDBDDFF9A5B0F47B2BD27FCCB0E12C88AED8E80374E0438056C8
wsl.exe,070F414025D984C0799A616B459FEBC99EBC7B6F9D6C3B76E0D4E2E1F22266C2
wslapi.dll,EFF94B9E867A8DB94A3FF63C885D0BCF09AB6178FA0AE9DEB5575937BBFF9B84
wslclient.dll,F804D00C9403E0E6B8ECCFCCEF85EB4BDC64D31F4CE0D5C077515D47F07F195E
wslconfig.exe,2A945113344A13CF9461906792BD99EB74773E976C544AD5EB8EEABDB18CEB39
wslhost.exe,491F81415B5632B87203DB640CBE2B64B2466DF9CC5C35F45A6DEB0677F41114
WsmAgent.dll,A326B71EBEA1EA9812CB97015A9451CDC0A356CDE5836772DACF8EBB264D7DBC
WSManHTTPConfig.exe,62F0DBB745B160982A4A0F01F77BDDAA314C16CF7E304135D01248413E6EEA27
WSManMigrationPlugin.dll,45ED4A0DDEFC2B817690022FE3B43505986F981A705E9C00F313C22A2A059719
WsmAuto.dll,C49A9C4ECA964E208C77AF48EAC3B28BB946792BA2D5FFF04AD60FC04550E52E
wsmplpxy.dll,D8720BA856A54B840AF17C86807B5DE0B6BBE2839A3CA6B531D38F32B032BCFA
wsmprovhost.exe,A5F12DE186E1179F02C455218B207254CB6690ECF87A135813952EBEA2416C39
WsmRes.dll,29C2C841F32591F02C413F2E5975DB698C2F0E76BAE35D2CF1EB6249AC88505B
WsmSvc.dll,E99C0900C19AF401FBF2535A10842058D59D2268A35E0409BF5C908C65125592
WsmWmiPl.dll,A0E1345ACAE8D4C429BD98F939DB69D1EE13E2E2FE0417394FB13AF447E16851
wsnmp32.dll,9BE85DC241F99304D12B2A14279BF19E97AA44976C757717F36E22AAA46FE780
wsock32.dll,3C6F947118F434BC2070E90BE7FC487FD413A02F58296F17024915873D15C4F8
wsplib.dll,7918856EC280A9F727D6A09EF0182E1BE0CC2E31401E9CD4EF784DDA99F85295
wsp_fs.dll,E8BBD45A2177968E432BD913E12F5FF1FFE630F0B8B40A4BACF8A89C752CEA99
wsp_health.dll,F3179BF9BA6F0307295EF626369CDA51F7085DD7CB93103E6142796712ED4C7C
wsp_sr.dll,B131B6FACAC34A165D0C8A02A2B946AF574484AA82531338964D06AFAAD93699
wsqmcons.exe,FAF2BD811E49BC40A6F26449415FCC5722B6F1C024CA752DFA8964A9633209D7
WSReset.exe,FE1DE842563BA8D583BF4E15FE6BDE764DA39A1F6C03BB9D150D52A76FE0BD73
WsUpgrade.dll,EC67B8FA2697DBD8D22C1281E2DFD1628DA83D8D66816843DCCA4CB5E7E56B18
wtsapi32.dll,57519FCB1E914A05945796043DDC4C78105D9411F7169DD1355BE117604C79A3
wuapi.dll,BDD13E725E8586FB63190F3CF106679F0B744D9657E6A880A1732F6C7E6F9848
wuapihost.exe,811E08D42D4596A57E1A9D326EBDBA01ACEE0A77648DB9678E578FD003845E83
wuauclt.exe,ACB00A2D8EC50FAE09446395280506F0D9487D15C177CC59A918808610A66A80
wuaueng.dll,82D34EA80A6066BABB163CB028AE6D4427F52680839ACD1C75DF277430D33F1E
wuceffects.dll,9C1FE0E8E403C4DF44CE2168BEAC90E25D98C3E7454F57C3A5D168B8BB3D7E98
WUDFCoinstaller.dll,4BCF96AF2CFFEE476D41DCE90C07A4958F9F05A3029BCC2ED4B31CBF83A18B4F
WUDFCompanionHost.exe,7C0B7677E2E2D2779ADEF52E085B4A937DD554476013A22912F9AE462F114165
WUDFHost.exe,28CB4EBD59945B16E0E9E04154C7A1255B404A6E819C6C5FB4DBE4FA050C9B3B
WUDFPlatform.dll,0D625C78D7133EB810FD6D082F554EDE1ABDD998B5CD25B23B2A832C98A615C2
WudfSMCClassExt.dll,4A756824DBF25841A9F8809A1AD50506541E2075251131FAD494E12DCB93848A
WUDFUsbccidDriver.dll,A88B6C98D7F8E43B126C8C23CA1198EE869B36B93190D6BF30F33DD4552047CB
WUDFx.dll,64DDCB830AF9CB823ECECF656E221404D98D10D215398CDEAD31D37625C934C8
WUDFx02000.dll,8B2686B62155E5B1BADB233947D1A3C67D073E95B3A1F8CFDEDC2939A33C680E
wudriver.dll,ADBED8092D3CBA48A21C4B71F9C72C2AF900A93C63234F7CF7F9EA4950EDBC01
wups.dll,D1391DF65E575729B00870D4743352FDB91A3D7578EB83A7CA36CDFE892407BA
wups2.dll,404917731A453BEBF285B440E805D76FB9D801FFFE1FA7C5AD4553EFC8CD88D9
wusa.exe,6097B96E5526A0573F2DC593C1774DA1DE003626A7C88B5FE34A49FB4407CECA
wuuhext.dll,08B22852B41CF9BAF564D0367419755BC214C37E415DEC65EF5373C7B4FC23A1
wuuhosdeployment.dll,D1CD5A6F874869C1D94DAC8F81C24A83BC0A7F1AB4032AF204F2D73F8F5D7BD9
wv2winrt.dll,9FA8B166EE8937C40BC0FEFBE8ABE0F89559BB5F70C3CDC1033CDCF6C9C6E1B7
wvc.dll,E7B2FCCBA793E688AC662705B150940B37C3C96E0FE0A6725F664B11244EF592
WwaApi.dll,2DA693D813867441C1E7CB32F6292B12AEEDBC0FF0418AA64408B6C95C204E11
WwaExt.dll,4E05A16BF6028D39749F8836A8C2BCE3B250980996F1F3F02E3E42E912E02309
WWAHost.exe,D0898B6A02B129CA90ACD446C3390A22DDA9273FD0599FD942B545679C2B8EA6
WWanAPI.dll,E9584B4B49C555E51F340B469C46F29F97575A17C01D928700EEABFE80FCF74F
wwancfg.dll,C4B1F99E87B4568B5B9FF2DED05CEBC55376051D44877F5574F2C125566CE604
wwanconn.dll,28C508AAA16BE9E84F37048948F44419F9BE00CAB1F9E4E7D87F24BC79D288B6
WWanHC.dll,37387BA9DC7B6DA7009581CE3B57F05905322D34BE0B7C1D79FBCABF77AE0E26
wwanmm.dll,24728320B8B420C774B3D76101B3BB071E41402EE06FEC1A53A6D1E2598956E9
Wwanpref.dll,2FE7DD5FB038C1A8C15D8B1B873D325A1A3BD5CCB4D975315D93FCCED77A90A5
wwanprotdim.dll,9D789D674786EE5F0C256F2DAB2875395D59D5D746690C91DC42DB609E92EDE8
WwanRadioManager.dll,F4CB49ACF6E53618D02731089649CF1DB275B6F776131DD82D7E822EE0F0F2F6
wwansvc.dll,877BC639A0C21EA23B433FEE798920CA70667DAB15308A47537F3B8C74DBF9D6
wwapi.dll,63EA69692269D2AF0CE80CB22B58CC9E6E85400637DCEF70DE4D5C4BCBCA0763
XamlBuildTask.dll,E1EBF05F052F3518C0A5A210C4BFF21A0512AB375908A62A2AD0CEE68FD77C98
XamlTileRender.dll,43D8B9BF1D76DC88048A4FCBEF3EBD1CDA7B24DD4B38CCC7770CF1722344ECCA
XAudio2_8.dll,C90861D18751DEA782D578740907289C1B60BB39837D0B2D26FC79C588139040
XAudio2_9.dll,E1A5A2AB08671AB86139481DF4F5DD7FD2F68CA99DA443464A39C56271ABDE67
XblAuthManager.dll,1A5DCE5775CD0A511F0EDCB23669525590F0F94455C567DDB76DD15C8F25D347
XblAuthManagerProxy.dll,086F7E2C8A17047526176B8F711BB35460FB1DA9622396FB3C94DB1270553F74
XblAuthTokenBrokerExt.dll,B95C83D56EB800F7AFA3500D6727DC3494DB6C297605E77A8DFAD57DCE4CD13A
XblGameSave.dll,B053C5956CCA3246D0450C01C8BD702EEDDA2B3AD865B6CA024227C67C5139B4
XblGameSaveExt.dll,0117143A75A235071E5CCE4BB8C2FD461EA871B1F006EE94F01D60BD293E6084
XblGameSaveProxy.dll,8F8C87AAEFF0D8262BD50CBEFE1E836D81F2470C2AE7F8A89922C44CD6C9BBD2
XblGameSaveTask.exe,8313B748EA080D33B3DA13643FA6F30712E95A3083EB2D239E727BAA662F9E16
XBox.TCUI.exe,159E6CC7CE57CAB0130F910E2852A8456511B286827B9BE11BD3ABC53BFF7464
XBox.TCUI.Resource.dll,0DED5E044ABA0ACACFE655BE541A2D4D3AE2E9EFBDAA3AC6CEFAFFCADEBCF164
XBox.TCUI.Shell.dll,00A1259C2DACD5FD801EF919731883C32912D2C40271F64278D11CCCAECBBE88
XBox.TCUI.Tracing.dll,8A358E7FC4306BD0A18D297DEF3654D5AA581EFDDFB933D23A06BB17DF6F6540
XboxExperienceServices.dll,C5F3EAD9D7FC07101D4D842BFFD9FD278E2EEC39804FB49FDBFF70E3948123CE
XboxGipRadioManager.dll,4ADBDE84C221391E08647CD297AC967EDD6ABEC94E489FA738B872DEB59D9209
xboxgipsvc.dll,ACC3A8180601054BFD8FBE743A7F9CB5F2398FD463FD7EA5EF2EF78953BADBBD
xboxgipsynthetic.dll,A572EF6453210ECA1E4E6BDC7EE06E519394E54FA2821485307CE3A3C5BB121B
XboxNetApiSvc.dll,8BB5D0ABF6DF5E48F17480AE72D568EBBF59E2D69E359AD951970A5BF35BFDD8
xcopy.exe,B45997BB7C5FC6024685EE8752CF8AB871290A46B33E04FC4850A10077ACBA5A
XGpuEjectDialog.exe,3C23B88A8F9B9FBAA3D14A6B34708A7AF3CD1AB3F9C954F3DE005E2F41D74E13
XInput1_4.dll,11F5EAEEDE2F1494895B8F44704DE6D3B1900469E78460A47E38668EC6343B16
XInput9_1_0.dll,C887A6E0285C0E398D5EDA95E7D69BE24C4C69C4385BDB797C465EC207101291
XInputUap.dll,1770C15F35DFCB6BF7E347B64B6A787FC82BDB30BBC8716E5D5065124528A568
xmlfilter.dll,5D1DD18C250CBC1E495B769200E15712718C20913E04EB59ECDD12D1B7E4324D
xmllite.dll,E137D4DEEEBA83AD8245788CF118C73AB9071AB8EEFAB04DDE40C2C8DB28D4D2
xmlprovi.dll,928EDD11D266C1DB523478E20079CE23A73742E0E29A072C1D8EDBD55ACF91D7
xolehlp.dll,87A375046942B2DF639AAE751A442C7B0C16161057FA9E7738A5AE6AF601E3E5
XPath.dll,87720B4AF20FC6646BB29707FB72531C273AA68FC5CEE1F3A1920BB8851C6ED1
XpsDocumentTargetPrint.dll,C4F1BF6417982049F7268322E68445FE4585A2D9515F399E58D48D0E5C329832
XpsGdiConverter.dll,65BCBEA3D90C85EDAC3966125DA4B0A194C35B925E09A70B552AB5E92192FD96
XpsPrint.dll,8E6541222DDAA33F4F49E7AC6E073D7271F171053C3AF533CEB6F2E19093DA89
xpspushlayer.dll,AD48B634FEF3489B28041FA8932A897976DEAE2C4AC62BFDC137AB1C87B915E3
XpsRasterService.dll,1B987C123FF8935FC4DFAFA3E69731F749152BB9E2716DB3F3C8835B7B3A3698
xpsservices.dll,C73FD9EC020EDA0987F6532B183C623B7876084019ADBC3762B87C6BD662A62F
XpsToPclmConverter.dll,99732E0316C973088FAED1CDDDD750ECB87E18AD2DC89E9C2D2AE504E2EE44F1
XpsToPwgrConverter.dll,27A5E2D1E66C3B73AE6FB679CD6EA55C78B56D98BEC684A1446459291865FCBC
XsdBuildTask.dll,094A59F366E4C9C8E2FCC57562CB05FCF0A014922D15E34869CD536243BC77AD
xwizard.exe,03B63FD1AB52129733F576554DE9540D3F5E224405837A3D1ADF5C0A68B1D21B
xwizards.dll,1C81B3E4A0CA44A3A6D91CC12D8F2E276073301320192D45FEB78CD6A1B49841
xwreg.dll,7F56A425599730E56D9211567270F87BDC082398404EDFB308821861B1584467
xwtpdui.dll,10AC6EDF60A0930EF46533851AF14AED01579D2982C4A2972440600D691118AE
xwtpw32.dll,A52F2B9A5C490CCAD8259A54D86578DDEF9DE11E167CE26390DB833CA3C469C2
zipcontainer.dll,B2C313483FCC1EDC65790145BDC9448EF1EA11DAEC8C20D64F50EE48EA528356
zipfldr.dll,A4636E3FCCC0CFA3048F751DA607214E137DB856325A0C677C78758F7C657365
ztrace_maps.dll,86FC1C8A7645F08776E39D50FA4990FE12EEB78C339BF7E1E0C11BC88774AD5D
_isdel.exe,B5DC0FEB738A91CE3CFA982647FE2779787335C6C2C598D5B49818565D7C3E84
_setup.dll,1AD637E80A25F6F885604589056814D16CCAD55699BE14920E2B99F2D74C1019
